:020000020000FC
:040000000550106F28
:0400010000000000FB
:0400020000000000FA
:0400030000000000F9
:0400040000000000F8
:0400050000000000F7
:0400060000000000F6
:0400070000000000F5
:04000800FC010113E3
:04000900001120239F
:04000A00005122235C
:04000B000061242349
:04000C000071262336
:04000D0000A1282303
:04000E0000B12A23F0
:04000F0000C12C23DD
:0400100000D12E23CA
:0400110002E12023C5
:0400120002F12223B2
:04001300030124239E
:04001400031126238B
:0400150003C12823D8
:0400160003D12A23C5
:0400170003E12C23B2
:0400180003F12E239F
:0400190034202573F7
:04001A00341025F386
:04001B0034302673E4
:04001C00184000EF99
:04001D003415107313
:04001E00000120833A
:04001F0000412283F7
:040020000081230335
:0400210000C1238374
:0400220001012503B0
:0400230001412583EF
:04002400018126032D
:0400250001C126836C
:0400260002012703A9
:0400270002412783E8
:040028000281280326
:0400290002C1288365
:04002A0003012E039D
:04002B0003412E83DC
:04002C0003812F031A
:04002D0003C12F8359
:04002E0004010113B5
:04002F00302000730A
:04003000FD010113BA
:0400310002812623FF
:0400320003010413AF
:04003300FCA42E23D8
:04003400FE0426237D
:04003500FEC427835B
:040036000007851327
:0400370002C12403DB
:0400380003010113AC
:0400390000008067DC
:04003A00FF010113AE
:04003B0000812623F7
:04003C0001010413A7
:04003D00001000733C
:04003E0000000013AB
:04003F0000C12403D5
:0400400001010113A6
:0400410000008067D4
:04004200FD010113A8
:04004300021126235D
:0400440002812423EE
:04004500030104139C
:0400460000000013A3
:04004700344027F327
:04004800FEF420237F
:04004900304027F329
:04004A00FEF422237B
:04004B00FE04270385
:04004C00FE442783C4
:04004D0000F777B38E
:04004E000107D7933C
:04004F00FCF42A2370
:04005000FC042E235B
:040051000010079301
:04005200FCF42C236B
:04005300FD4427033E
:04005400FD8427837D
:0400550000F777B386
:0400560004078E63AA
:040057000AC1871340
:04005800FDC4278339
:040059000037979342
:04005A0000F707B3F1
:04005B000007A703F0
:04005C000AC18693BC
:04005D00FDC4278334
:04005E00003797933D
:04005F0000F687B36D
:040060000047A7832B
:0400610000078513FC
:04006200000700E7AC
:040063000000001386
:04006400344027F30A
:04006500FEF424235E
:04006600304027F30C
:04006700FEF426235A
:04006800FE842703E8
:04006900FEC4278327
:04006A0000F777B371
:04006B000107D7931F
:04006C000200006F1F
:04006D00FD84278364
:04006E00001797934D
:04006F00FCF42C234E
:04007000FDC4278321
:04007100001787935A
:04007200FCF42E2349
:04007300F81FF06F13
:04007400FCF42A234B
:04007500FD4427839C
:04007600F60794E312
:040077000000001372
:040078000000001371
:0400790002C120831D
:04007A0002812403D8
:04007B000301011369
:04007C000000806799
:04007D00FD0101136D
:04007E000211262322
:04007F0002812423B3
:040080000301041361
:04008100FCA42E238A
:04008200FCB42C237B
:04008300FCC42A236C
:04008400FDC427038D
:04008500800007B739
:0400860000F777B355
:04008700FEF424233C
:04008800FDC4270389
:04008900800007B735
:04008A00FFF7879362
:04008B0000F777B350
:04008C00FEF4262335
:04008D00FE84278343
:04008E00080780637C
:04008F00FEC4270381
:0400900000300793A2
:0400910002F70C6303
:04009200FEC427037E
:04009300007007935F
:0400940004F71A63F0
:0400950001C1A7837B
:0400960006078C636A
:040097000000001352
:0400980001C1A78378
:04009900FD442603F9
:04009A00FD84258339
:04009B00FDC4250378
:04009C00000780E7F2
:04009D00000000134C
:04009E000580006F6A
:04009F000181A783B1
:0400A00004078C6362
:0400A1000000001348
:0400A2000181A783AE
:0400A300FD442603EF
:0400A400FD8425832F
:0400A500FDC425036E
:0400A600000780E7E8
:0400A7000000001342
:0400A8000380006F62
:0400A900FEC4270367
:0400AA0000F00793C8
:0400AB0002E7FA630B
:0400AC00E59FF0EFED
:0400AD0002C0006F1E
:0400AE00FEC4250364
:0400AF00E05FF0EF2F
:0400B00000050793AD
:0400B100020790634F
:0400B200E21FF0EF6A
:0400B3000180006F59
:0400B4000000001335
:0400B5000100006FD7
:0400B6000000001333
:0400B7000080006F56
:0400B8000000001331
:0400B900FD84278318
:0400BA0000078513A3
:0400BB0002C12083DB
:0400BC000281240396
:0400BD000301011327
:0400BE000000806757
:0400BF00FC0101132C
:0400C00002112E23D8
:0400C10002812C2369
:0400C200040104131E
:0400C30021D010EF49
:0400C4000000C7B7BA
:0400C500C487851354
:0400C600165010EFD1
:0400C700FC042023F2
:0400C800000247B734
:0400C900070787930B
:0400CA00FC04270308
:0400CB0000E7A02387
:0400CC000030079366
:0400CD00FCF42223FA
:0400CE00000247B72E
:0400CF000607879306
:0400D000FC442703C2
:0400D10000E7A02381
:0400D2000007A7B7C5
:0400D3001207851378
:0400D40016D010EF43
:0400D5000000C7B7A9
:0400D600C6078513C1
:0400D70060D010EFF6
:0400D8000005071305
:0400D90000E1A4237B
:0400DA000081A78377
:0400DB00000798631F
:0400DC000000C7B7A2
:0400DD00C7078513B9
:0400DE00105010EFBF
:0400DF000081A78372
:0400E000054005933F
:0400E100000785137C
:0400E200698020EF22
:0400E300006007139F
:0400E40000E182A312
:0400E5000000C7B799
:0400E600C9C78513EE
:0400E7000E1010EFF8
:0400E800000247B714
:0400E90008078793EA
:0400EA000007A783E1
:0400EB00FCF42423DA
:0400EC00FC84270366
:0400ED00FEE1AE235F
:0400EE000000C7B790
:0400EF00CEC78513E0
:0400F0000BD010EF32
:0400F100FFC1A78321
:0400F2000107D79398
:0400F30001079793D7
:0400F4000107D79396
:0400F5000007851368
:0400F6005F9000EF28
:0400F70002D005131B
:0400F800069010EF6F
:0400F900FFC1A78319
:0400FA0000C7D793D1
:0400FB000FF7F79371
:0400FC0000F7F7937F
:0400FD000FF7F7936F
:0400FE00000785135F
:0400FF00425000EF7C
:04010000000507935C
:04010100000785135B
:04010200041010EFE6
:04010300FFC1A7830E
:040104000087D79306
:040105000FF7F79366
:0401060000F7F79374
:040107000FF7F79364
:040108000007851354
:040109003FD000EFF4
:04010A000005079352
:04010B000007851351
:04010C00019010EF5F
:04010D0002E00513F4
:04010E00011010EFDD
:04010F00FFC1A78302
:040110000047D7933A
:040111000FF7F7935A
:0401120000F7F79368
:040113000FF7F79358
:040114000007851348
:040115003CD000EFEB
:040116000005079346
:040117000007851345
:040118007E8010EFE6
:0401190002E00513E8
:04011A007E0010EF64
:04011B00FFC1A783F6
:04011C000FF7F7934F
:04011D0000F7F7935D
:04011E000FF7F7934D
:04011F00000785133D
:040120003A1000EFA2
:04012100000507933B
:04012200000785133A
:040123007BC010EF9E
:040124000000C7B759
:04012500CFC78513A8
:040126007E4010EF18
:04012700001007932A
:04012800FCF426239A
:04012900000227B7F2
:04012A0010078793A0
:04012B00FCC42703E6
:04012C0000E7A02325
:04012D000010079324
:04012E00FCF4282392
:04012F00000227B7EC
:0401300016C78793D4
:04013100FD0427039F
:0401320000E7A0231F
:04013300001007931E
:04013400FCF42A238A
:04013500000227B7E6
:04013600164787934E
:04013700FD44270359
:0401380000E7A02319
:04013900FC042C2373
:04013A00000227B7E1
:04013B001687879309
:04013C00FD84270314
:04013D0000E7A02314
:04013E006C0000EF62
:04013F000000C7B73E
:04014000D00785134C
:04014100778010EFC4
:04014200498000EF01
:0401430000500793CE
:04014400FCF42E2376
:04014500000247B7B6
:04014600060787938E
:04014700FDC42703C9
:0401480000E7A02309
:040149003DC010EFB6
:04014A000005079312
:04014B000FF7F713A0
:04014C0000E1822329
:04014D000041C703A3
:04014E0001F0079322
:04014F0002E7F4636C
:040150000041C703A0
:0401510007E0079329
:0401520000E7EE6371
:040153000041C7831D
:040154000007851308
:040155006F4010EFF8
:040156000000C7B727
:04015700D1878513B4
:0401580071C010EF73
:040159000041C78317
:04015A00FBD78793B5
:04015B000320071363
:04015C0040F76063A5
:04015D0000279713CD
:04015E000000C7B71F
:04015F00E407879397
:0401600000F707B3EA
:040161000007A78369
:0401620000078067AB
:04016300001006136F
:0401640001100593EE
:04016500000027B7B8
:0401660009178513DD
:040167004B8000EFDA
:040168000000C7B715
:04016900D1C7851362
:04016A006D4010EFE5
:04016B003E40006FA3
:04016C000010061366
:04016D0000000593F6
:04016E00000027B7AF
:04016F0009178513D4
:04017000494000EF13
:040171000000C7B70C
:04017200D507851315
:040173006B0010EF1E
:040174003C00006FDC
:040175000051C7036B
:0401760000C007932B
:0401770008F704631E
:040178000051C783E8
:040179000017879351
:04017A000FF7F71371
:04017B0000E182A37A
:04017C000051C783E4
:04017D00000786935E
:04017E000000C7B7FF
:04017F003AC78713E1
:04018000001697933B
:0401810000F707B3C9
:040182000007D78318
:040183000FF7F793E8
:04018400001006134E
:040185000007859357
:04018600000017B7A7
:0401870000C7851315
:04018800434000EF01
:040189000051C783D7
:04018A000007869351
:04018B000000C7B7F2
:04018C003AC78713D4
:04018D00001697932E
:04018E0000F707B3BC
:04018F000007D7830B
:040190000087D7937A
:040191000107979338
:040192000107D793F7
:040193000FF7F793D8
:04019400001006133E
:040195000007859347
:04019600000017B797
:0401970000D78513F5
:040198003F4000EFF5
:040199000000C7B7E4
:04019A00D7478513AB
:04019B00610010EF00
:04019C000051C783C4
:04019D0000078513BF
:04019E00275000EFF7
:04019F000000C7B7DE
:0401A000D8C7851324
:0401A1005F8010EF7C
:0401A2003080006F3A
:0401A3000051C783BD
:0401A4000807846361
:0401A5000051C783BB
:0401A600FFF7879345
:0401A7000FF7F71344
:0401A80000E182A34D
:0401A9000051C783B7
:0401AA000007869331
:0401AB000000C7B7D2
:0401AC003AC78713B4
:0401AD00001697930E
:0401AE0000F707B39C
:0401AF000007D783EB
:0401B0000FF7F793BB
:0401B1000010061321
:0401B200000785932A
:0401B300000017B77A
:0401B40000C78513E8
:0401B500380000EF1F
:0401B6000051C783AA
:0401B7000007869324
:0401B8000000C7B7C5
:0401B9003AC78713A7
:0401BA000016979301
:0401BB0000F707B38F
:0401BC000007D783DE
:0401BD000087D7934D
:0401BE00010797930B
:0401BF000107D793CA
:0401C0000FF7F793AB
:0401C1000010061311
:0401C200000785931A
:0401C300000017B76A
:0401C40000D78513C8
:0401C500340000EF13
:0401C6000000C7B7B7
:0401C700D74785137E
:0401C80055C010EF1F
:0401C9000051C78397
:0401CA000007851392
:0401CB001C1000EF15
:0401CC000000C7B7B1
:0401CD00D8C78513F7
:0401CE00544010EF9A
:0401CF002540006F58
:0401D000501000EFDC
:0401D10024C0006FD7
:0401D20077D000EFF3
:0401D3002440006F55
:0401D4000000C7B7A9
:0401D500D9078513AE
:0401D600524010EF94
:0401D700001005937C
:0401D80001D005133A
:0401D9003AC000EF39
:0401DA000000C7B7A3
:0401DB00DB078513A6
:0401DC0050C010EF10
:0401DD00098187937A
:0401DE000007C783CC
:0401DF000047D7936B
:0401E0000FF7F7938B
:0401E100000785137B
:0401E200099000EF91
:0401E3000005079379
:0401E4000007851378
:0401E5004B4010EF8C
:0401E6000981879371
:0401E7000007C783C3
:0401E80000F7F79392
:0401E9000FF7F79382
:0401EA000007851372
:0401EB00075000EFCA
:0401EC000005079370
:0401ED00000785136F
:0401EE00490010EFC5
:0401EF000000C7B78E
:0401F000D8C78513D4
:0401F1004B8010EF40
:0401F2000010059361
:0401F300000017B73A
:0401F4000037851338
:0401F50033C000EF24
:0401F6000000C7B787
:0401F700DC47851349
:0401F80049C010EFFB
:0401F900098187935E
:0401FA000007C783B0
:0401FB000047D7934F
:0401FC000FF7F7936F
:0401FD00000785135F
:0401FE00029000EF7C
:0401FF00000507935D
:04020000000785135B
:04020100444010EF76
:040202000981879354
:040203000007C783A6
:0402040000F7F79375
:040205000FF7F79365
:040206000007851355
:04020700005000EFB4
:040208000005079353
:040209000007851352
:04020A00420010EFAF
:04020B000000C7B771
:04020C00D8C78513B7
:04020D00448010EF2A
:04020E000010059344
:04020F00000017B71D
:040210000F0785133C
:040211002CC000EF0E
:040212000000C7B76A
:04021300DD878513EB
:0402140042C010EFE5
:040215000981879341
:040216000007C78393
:040217000047D79332
:040218000FF7F79352
:040219000007851342
:04021A007B8000EFF6
:04021B000005079340
:04021C00000785133F
:04021D003D4010EF61
:04021E000981879338
:04021F000007C7838A
:0402200000F7F79359
:040221000FF7F79349
:040222000007851339
:04022300794000EF2F
:040224000005079337
:040225000007851336
:040226003B0010EF9A
:040227000000C7B755
:04022800DE878513D5
:040229003D8010EF15
:04022A00000227B7F0
:04022B00104787935E
:04022C000007A7839D
:04022D00FEF4202398
:04022E00FE04278320
:04022F00FEF4222394
:040230000000C7B74C
:04023100DFC785138B
:040232003B4010EF4E
:04023300FE442783DB
:040234000107D79354
:040235000107979393
:040236000107D79352
:040237000007851324
:040238000F1000EFB4
:04023900FE442783D5
:04023A00010797938E
:04023B000107D7934D
:04023C00000785131F
:04023D000DD000EFF1
:04023E000000C7B73E
:04023F00D8C7851384
:0402400037C010EFC4
:04024100000227B7D9
:0402420016C78793C1
:040243000007A78386
:04024400FEF424237D
:04024500FE84278389
:04024600FEF4262379
:040247000000C7B735
:04024800E107851332
:04024900358010EFFD
:04024A00FEC4278344
:04024B000107D7933D
:04024C00010797937C
:04024D000107D7933B
:04024E00000785130D
:04024F00095000EF63
:04025000FEC427833E
:040251000107979377
:040252000107D79336
:040253000007851308
:04025400081000EF9F
:040255000000C7B727
:04025600DE878513A7
:04025700320010EF72
:040258000000C7B724
:04025900E1C7851361
:04025A00314010EF30
:04025B000240006FEE
:04025C000041C70393
:04025D0001F0079312
:04025E0000E7FA6358
:04025F000041C70390
:0402600007E0079319
:0402610000E7E4636B
:04026200018000EF28
:040263000000001384
:040264000000C7B718
:04026500E3C7851353
:040266002E4010EF27
:04026700B89FF06FDD
:04026800FF0101137E
:040269000011262337
:04026A0000812423C8
:04026B000101041376
:04026C000000C7B710
:04026D00D8C7851356
:04026E002C4010EF21
:04026F000000C7B70D
:04027000F0C785133B
:040271002B8010EFDF
:040272000000C7B70A
:04027300F2478513B6
:040274002AC010EF9D
:040275000000C7B707
:04027600F4C7851331
:040277002A0010EF5A
:040278000000C7B704
:04027900F7C785132B
:04027A00294010EF18
:04027B000000C7B701
:04027C00F987851366
:04027D00288010EFD6
:04027E000000C7B7FE
:04027F00FB478513A1
:0402800027C010EF94
:040281000000C7B7FB
:04028200FF078513DA
:04028300270010EF51
:040284000000C7B7F8
:040285000147851395
:04028600264010EF0F
:040287000000C7B7F5
:04028800044785138F
:04028900258010EFCD
:04028A000000C7B7F2
:04028B000747851389
:04028C0024C010EF8B
:04028D000000C7B7EF
:04028E000A078513C3
:04028F00240010EF48
:040290000000001357
:0402910000C1208305
:0402920000812403C0
:040293000101011351
:04029400000080677F
:04029500FE01011352
:0402960000112E2302
:0402970000812C2393
:040298000201041348
:0402990000050793C2
:04029A000005869342
:04029B00000607133F
:04029C00FEF4172332
:04029D00000687933D
:04029E00FEF406A3C1
:04029F0000070793BA
:0402A000FEF406233F
:0402A100FEE457839D
:0402A2000087D79367
:0402A3000107979325
:0402A4000107D793E4
:0402A5000FF7F71345
:0402A60008418793F1
:0402A70000E78023C9
:0402A800FEE4578396
:0402A9000FF7F71341
:0402AA0008418793ED
:0402AB0000E780A345
:0402AC0008418793EB
:0402AD00FED4470331
:0402AE0000E78123C1
:0402AF000081A70320
:0402B00000000693B1
:0402B1000030061300
:0402B20008418593E7
:0402B3000007051328
:0402B4001A0020EF1D
:0402B5000005071326
:0402B60000E1A82398
:0402B7000101A78317
:0402B80000078C634C
:0402B9000000C7B7C3
:0402BA000A47851357
:0402BB00190010EF27
:0402BC000010079394
:0402BD000080006F4E
:0402BE0000000793A2
:0402BF00000785139C
:0402C00001C12083D5
:0402C1000181240390
:0402C2000201011321
:0402C3000000806750
:0402C400FE01011323
:0402C50000112E23D3
:0402C60000812C2364
:0402C7000201041319
:0402C8000005079393
:0402C9000005871392
:0402CA00FEF4172304
:0402CB00000707938E
:0402CC00FEF406A393
:0402CD00FEE4578371
:0402CE000087D7933B
:0402CF0001079793F9
:0402D0000107D793B8
:0402D1000FF7F71319
:0402D20008418793C5
:0402D30000E780239D
:0402D400FEE457836A
:0402D5000FF7F71315
:0402D60008418793C1
:0402D70000E780A319
:0402D8000081A503F9
:0402D900FED4470305
:0402DA000000079386
:0402DB00098186937C
:0402DC0000200613E5
:0402DD0008418593BC
:0402DE00320020EFDB
:0402DF0000050713FC
:0402E00000E1A8236E
:0402E1000101A783ED
:0402E20000078C6322
:0402E3000000C7B799
:0402E4000C0785136B
:0402E5000E8010EF88
:0402E600001007936A
:0402E7000080006F24
:0402E8000000079378
:0402E9000007851372
:0402EA0001C12083AB
:0402EB000181240366
:0402EC0002010113F7
:0402ED000000806726
:0402EE00F8010113FF
:0402EF0006112E23A3
:0402F00006812C2334
:0402F10008010413E9
:0402F200200007934E
:0402F300F8F42223D6
:0402F400000227B726
:0402F5005207879392
:0402F600F84427039E
:0402F70000E7A02359
:0402F8002000079348
:0402F900F8F42423CE
:0402FA00000227B720
:0402FB00524787934C
:0402FC00F884270358
:0402FD0000E7A02353
:0402FE000040079322
:0402FF00F8F42623C6
:04030000000227B719
:0403010054C78793C3
:04030200F8C4270311
:0403030000E7A0234C
:0403040000600793FB
:04030500F8F42823BD
:04030600000227B713
:0403070074C787939D
:04030800F9042703CA
:0403090000E7A02346
:04030A002000079335
:04030B00F8F42A23B5
:04030C00000227B70D
:04030D007207879359
:04030E00F944270384
:04030F0000E7A02340
:04031000200007932F
:04031100F8F42C23AD
:04031200000227B707
:040313007247879313
:04031400F98427033E
:0403150000E7A0233A
:04031600000017B715
:04031700E0078793E1
:04031800F8F42E23A4
:04031900000227B700
:04031A007507879349
:04031B00F9C42703F7
:04031C0000E7A02333
:04031D00000027B7FE
:04031E00800787933A
:04031F00FAF42023A9
:04032000000227B7F9
:040321007547879302
:04032200FA042703AF
:0403230000E7A0232C
:04032400000027B7F7
:040325008007879333
:04032600FAF42223A0
:04032700000227B7F2
:0403280075878793BB
:04032900FA44270368
:04032A0000E7A02325
:04032B00000017B700
:04032C00400787936C
:04032D00FAF4242397
:04032E00000227B7EB
:04032F0075C7879374
:04033000FA84270321
:0403310000E7A0231E
:04033200001007931D
:04033300FAF426238F
:04033400000227B7E5
:0403350074878793AF
:04033600FAC42703DB
:0403370000E7A02318
:040338002000079307
:04033900FAF4282387
:04033A00000227B7DF
:04033B00320787936B
:04033C00FB04270394
:04033D0000E7A02312
:04033E002000079301
:04033F00FAF42A237F
:04034000000227B7D9
:040341003247879325
:04034200FB4427034E
:0403430000E7A0230C
:040344000800079313
:04034500FAF42C2377
:04034600000227B7D3
:0403470034878793DD
:04034800FB84270308
:0403490000E7A02306
:04034A00080007930D
:04034B00FAF42E236F
:04034C00000227B7CD
:04034D0034C7879397
:04034E00FBC42703C2
:04034F0000E7A02300
:0403500018000793F7
:04035100FCF4202375
:04035200000227B7C7
:040353001207879373
:04035400FC0427037B
:0403550000E7A023FA
:040356000800079301
:04035700FCF422236D
:04035800000227B7C1
:04035900124787932D
:04035A00FC44270335
:04035B0000E7A023F4
:04035C0000200793E3
:04035D00FCF4242365
:04035E00000227B7BB
:04035F001707879362
:04036000FC842703EF
:0403610000E7A023EE
:04036200000807B7D1
:04036300FCF426235D
:04036400000227B7B5
:04036500174787931C
:04036600FCC42703A9
:0403670000E7A023E8
:040368000000C7B713
:04036900350787933A
:04036A00FCF4282354
:04036B00000227B7AE
:04036C0017878793D5
:04036D00FD04270361
:04036E0000E7A023E1
:04036F0018000793D8
:04037000FCF42A234C
:04037100000227B7A8
:0403720017C787938F
:04037300FD4427031B
:0403740000E7A023DB
:0403750000100793DA
:04037600FCF42C2344
:04037700000227B7A2
:0403780016C787938A
:04037900FD842703D5
:04037A0000E7A023D5
:04037B0000100793D4
:04037C00FCF42E233C
:04037D00000227B79C
:04037E001647879304
:04037F00FDC427038F
:0403800000E7A023CF
:0403810000100793CE
:04038200FEF4202342
:04038300000247B776
:04038400070787934D
:04038500FE04270348
:0403860000E7A023C9
:040387000007A7B70D
:0403880012078513C0
:04038900699000EF88
:04038A000007A7B70A
:04038B0012078513BD
:04038C0068D000EF46
:04038D000010061343
:04038E0000100593C3
:04038F00000057B75C
:04039000004785138A
:04039100C11FF0EFA9
:040392000007A7B702
:0403930012078513B5
:0403940066D000EF40
:04039500001006133B
:0403960000000593CB
:04039700000057B754
:040398000047851382
:04039900BF1FF0EFA3
:04039A000081A783B4
:04039B000540059381
:04039C0000078513BE
:04039D003AD010EF53
:04039E000000C7B7DD
:04039F000E078513AD
:0403A0005FD000EF3B
:0403A100F804202319
:0403A2000500006FE3
:0403A3000000B7B7E8
:0403A400F047871384
:0403A500F8042783AE
:0403A6000027979302
:0403A70000F707B3A1
:0403A8000007D683F1
:0403A9000000B7B7E2
:0403AA00F04787137E
:0403AB00F8042783A8
:0403AC0000279793FC
:0403AD0000F707B39B
:0403AE000027C783DA
:0403AF000010061321
:0403B000000785932A
:0403B10000068513AA
:0403B200B8DFF0EFD1
:0403B300F8042783A0
:0403B4000017879314
:0403B500F8F4202315
:0403B600F80427031D
:0403B7003500079373
:0403B800FAE7F6E387
:0403B9000051C783A5
:0403BA00000786931F
:0403BB000000C7B7C0
:0403BC003AC78713A2
:0403BD0000169793FC
:0403BE0000F707B38A
:0403BF000007D783D9
:0403C0000FF7F793A9
:0403C100001006130F
:0403C2000007859318
:0403C300000017B768
:0403C40000C78513D6
:0403C500B41FF0EF82
:0403C6000051C78398
:0403C7000007869312
:0403C8000000C7B7B3
:0403C9003AC7871395
:0403CA0000169793EF
:0403CB0000F707B37D
:0403CC000007D783CC
:0403CD000087D7933B
:0403CE0001079793F9
:0403CF000107D793B8
:0403D0000FF7F79399
:0403D10000100613FF
:0403D2000007859308
:0403D300000017B758
:0403D40000D78513B6
:0403D500B01FF0EF76
:0403D6000000C7B7A5
:0403D700D8C78513EB
:0403D80051D000EF11
:0403D90000100613F7
:0403DA000100059386
:0403DB00000017B750
:0403DC00003785134E
:0403DD00AE1FF0EF70
:0403DE0000100613F2
:0403DF000010059372
:0403E000000017B74B
:0403E1000F0785136A
:0403E200ACDFF0EFAD
:0403E3000007A7B7B1
:0403E4001207851364
:0403E500529000EF43
:0403E60000000713F9
:0403E7000000069379
:0403E800000017B743
:0403E9003907861337
:0403EA000010059367
:0403EB0000000513F6
:0403EC0017D000EF37
:0403ED00FE042223C5
:0403EE000010079361
:0403EF00FEF42423D1
:0403F000FE8427035D
:0403F10000F007937E
:0403F20000E7E863D5
:0403F300FE842783DA
:0403F40001078793E3
:0403F5000080006F15
:0403F600FFF007937A
:0403F700FEF42623C7
:0403F800FEC4278395
:0403F9000207C063D4
:0403FA00FEC4278393
:0403FB00FEF42423C5
:0403FC00FE842783D1
:0403FD0000100713D2
:0403FE0000F717B33A
:0403FF003047A07370
:040400000080006F09
:0404010000000013E4
:04040200000007935C
:040403000007851356
:0404040007C1208389
:040405000781240344
:0404060008010113D5
:04040700000080670A
:04040800FD010113DE
:040409000281262323
:04040A0003010413D3
:04040B00000507934E
:04040C00FCF40FA34A
:04040D00FDF4478330
:04040E00FEF407A34E
:04040F00FEF44703AD
:0404100000A00793AE
:0404110000F7186375
:040412000410079338
:04041300FEF40723C9
:040414000880006FED
:04041500FEF44703A7
:0404160000B0079398
:0404170000F718636F
:040418000420079322
:04041900FEF40723C3
:04041A000700006F68
:04041B00FEF44703A1
:04041C0000C0079382
:04041D0000F7186369
:04041E00043007930C
:04041F00FEF40723BD
:040420000580006FE4
:04042100FEF447039B
:0404220000D007936C
:0404230000F7186363
:0404240004400793F6
:04042500FEF40723B7
:040426000400006F5F
:04042700FEF4470395
:0404280000E0079356
:0404290000F718635D
:04042A0004500793E0
:04042B00FEF40723B1
:04042C000280006FDB
:04042D00FEF447038F
:04042E0000F0079340
:04042F0000F7186357
:0404300004600793CA
:04043100FEF40723AB
:040432000100006F56
:04043300FEF4478309
:0404340003078793A0
:04043500FEF40723A7
:04043600FEE4478316
:040437000007851322
:0404380002C12403D6
:0404390003010113A7
:04043A0000008067D7
:04043B00FD010113AB
:04043C000211262360
:04043D0002812423F1
:04043E00030104139F
:04043F00000507931A
:04044000FCF40FA316
:04044100FDF44783FC
:0404420006400593D8
:040443000007851316
:04044400761080EFBF
:040445000005079314
:04044600FEF4062397
:04044700FDF44783F6
:0404480006400593D2
:040449000007851310
:04044A00791080EFB6
:04044B00000507930E
:04044C00FEF406A311
:04044D00FED447830F
:04044E0000A0059372
:04044F00000785130A
:04045000731080EFB6
:040451000005079308
:04045200FEF407238A
:04045300FED4478309
:0404540000A005936C
:040455000007851304
:04045600761080EFAD
:040457000005079302
:04045800FEF407A304
:04045900FEC4478313
:04045A0000078E63A6
:04045B00FEC4478311
:04045C0000078513FD
:04045D00EADFF0EFF3
:04045E0000050793FB
:04045F0000078513FA
:040460002C9000EFED
:04046100FEE44783EB
:0404620000078E639E
:04046300FEE44783E9
:0404640000078513F5
:04046500E8DFF0EFED
:0404660000050793F3
:0404670000078513F2
:040468002A9000EFE7
:04046900FEF44783D3
:04046A0000078513EF
:04046B00E75FF0EF68
:04046C0000050793ED
:04046D0000078513EC
:04046E00291000EF62
:04046F000000001376
:0404700002C1208322
:0404710002812403DD
:04047200030101136E
:04047300000080679E
:04047400FE01011371
:0404750000112E2321
:0404760000812C23B2
:040477000201041367
:0404780000050793E1
:04047900FEF4172353
:04047A00FEE45783C2
:04047B0000C7D7934C
:04047C00010797934A
:04047D000107D79309
:04047E000FF7F793EA
:04047F0000078513DA
:04048000E21FF0EF98
:0404810000050793D8
:0404820000078513D7
:0404830023D000EF93
:04048400FEE45783B8
:040485000087D79382
:040486000107979340
:040487000107D793FF
:040488000FF7F793E0
:0404890000F7F793EE
:04048A000FF7F793DE
:04048B0000078513CE
:04048C00DF1FF0EF8F
:04048D0000050793CC
:04048E0000078513CB
:04048F0020D000EF8A
:04049000FEE45783AC
:040491000047D793B6
:040492000107979334
:040493000107D793F3
:040494000FF7F793D4
:0404950000F7F793E2
:040496000FF7F793D2
:0404970000078513C2
:04049800DC1FF0EF86
:0404990000050793C0
:04049A0000078513BF
:04049B001DD000EF81
:04049C00FEE45783A0
:04049D000FF7F793CB
:04049E0000F7F793D9
:04049F000FF7F793C9
:0404A00000078513B9
:0404A100D9DFF0EFC0
:0404A20000050793B7
:0404A30000078513B6
:0404A4001B9000EFBA
:0404A5000000001340
:0404A60001C12083ED
:0404A70001812403A8
:0404A8000201011339
:0404A9000000806768
:0404AA00FC0101133D
:0404AB0002112E23E9
:0404AC0002812C237A
:0404AD00040104132F
:0404AE00FCA4262361
:0404AF000701A70397
:0404B000FEE426231D
:0404B100000007132D
:0404B200FC042E23F5
:0404B300FCC42783DB
:0404B4000607906344
:0404B5000300051328
:0404B600171000EF2C
:0404B70008C0006F0A
:0404B800FCC42783D6
:0404B90000A0059307
:0404BA00000785139F
:0404BB005CD080EFA2
:0404BC00000507939D
:0404BD000FF7F7132B
:0404BE00FDC42783CF
:0404BF000017869309
:0404C000FCD42E2317
:0404C1000307071313
:0404C2000FF77713A6
:0404C300FF07879315
:0404C400008787B373
:0404C500FEE78823A3
:0404C600FCC42783C8
:0404C70000A00593F9
:0404C8000007851391
:0404C90054D080EF9C
:0404CA00000507938F
:0404CB00FCF42623F4
:0404CC00FCC42783C2
:0404CD00FA0796E3B1
:0404CE000280006F39
:0404CF00FDC42783BE
:0404D000FFF7879318
:0404D100FCF42E23E6
:0404D200FDC42783BB
:0404D300FF07879305
:0404D400008787B363
:0404D500FF07C783D3
:0404D6000007851383
:0404D7000ED000EF54
:0404D800FDC42783B5
:0404D900FCF04CE304
:0404DA00FEC4270332
:0404DB000701A783EB
:0404DC0000F747B32B
:0404DD000000071301
:0404DE00000784632C
:0404DF00465050EF44
:0404E00003C12083B1
:0404E100038124036C
:0404E20004010113FD
:0404E300000080672E
:0404E400FD01011302
:0404E5000281262347
:0404E60003010413F7
:0404E700FCA42E2320
:0404E8000060079316
:0404E900FEF42223D8
:0404EA00000247B70E
:0404EB0006078793E6
:0404EC00FE442703A0
:0404ED0000E7A02361
:0404EE00FE042423C1
:0404EF00000227B729
:0404F0001687879351
:0404F100FE8427035B
:0404F20000E7A0235C
:0404F300001007935B
:0404F400FEF42623C9
:0404F500000227B723
:0404F6001047879391
:0404F700FEC4270315
:0404F80000E7A02356
:0404F90000000013EC
:0404FA0002C1240314
:0404FB0003010113E5
:0404FC000000806715
:0404FD00FD010113E9
:0404FE00028126232E
:0404FF0003010413DE
:040500000005079358
:04050100FCF40FA354
:04050200FDF447833A
:0405030000279793A3
:040504000007871352
:04050500000707B72D
:0405060000F707B340
:040507000007A783BF
:04050800FEF42423B6
:04050900FE842783C2
:04050A00FEF42623B2
:04050B00FEC4278380
:04050C00000785134C
:04050D0002C1240300
:04050E0003010113D1
:04050F000000806701
:04051000FD010113D5
:04051100021126238A
:04051200028124231B
:0405130003010413C9
:0405140000000513CB
:04051500FA1FF0EFEA
:04051600FCA42A23F4
:0405170000100513B8
:04051800F95FF0EFA8
:04051900FCA42C23EF
:04051A0000200513A5
:04051B00F89FF0EF66
:04051C00FCA42E23EA
:04051D0001000513C1
:04051E00F7DFF0EF24
:04051F00FEA42023F3
:0405200002000513BD
:04052100F71FF0EFE1
:04052200FEA42223EE
:040523000000C7B756
:0405240011478513E3
:040525007E8000EFE5
:040526000000C7B753
:0405270013478513DE
:040528007DC000EFA3
:04052900FD442783E3
:04052A000017F7932C
:04052B00000785132D
:04052C00DF9FF0EF6E
:04052D000000C7B74C
:04052E001487851396
:04052F007C0000EF5D
:04053000FD8425031E
:04053100DE5FF0EFAA
:040532000000C7B747
:0405330015C7851350
:040534007AC000EF9A
:04053500FDC42503D9
:04053600DD1FF0EFE6
:040537000000C7B742
:0405380016478513CA
:04053900798000EFD6
:04053A00FE04270391
:04053B00000107B7FD
:04053C00FFF78793AB
:04053D0000F777B399
:04053E00000785131A
:04053F00DADFF0EF20
:040540000000C7B739
:040541001787851380
:04054200774000EF0F
:04054300FE04278308
:040544000107D79341
:040545000007851313
:04054600D91FF0EFDA
:040547000000C7B732
:0405480018C7851338
:04054900758000EFCA
:04054A00FE44270341
:04054B00000107B7ED
:04054C00FFF787939B
:04054D0000F777B389
:04054E00000785130A
:04054F00D6DFF0EF14
:040550000000C7B729
:040551001A078513ED
:04055200734000EF03
:04055300FE442783B8
:040554000107D79331
:040555000007851303
:04055600D51FF0EFCE
:040557000000C7B722
:040558001B478513A5
:04055900718000EFBE
:04055A00FE04242354
:04055B00000707B7D7
:04055C000807879372
:04055D00FE842703EE
:04055E0000E7A023EF
:04055F003E800513C2
:0405600073C000EF75
:04056100FC0428234B
:040562000540006FE1
:04056300004005133C
:04056400E65FF0EF6F
:04056500FEA42623A7
:040566000000C7B713
:040567001D078513D4
:040568006DC000EF73
:04056900FD042783E3
:04056A0000078513EE
:04056B00CFDFF0EFFF
:04056C000000C7B70D
:04056D001D8785134E
:04056E006C4000EFEE
:04056F00FEC425039E
:04057000CE9FF0EF3B
:040571000000C7B708
:04057200D8C785134E
:040573006B0000EF2A
:04057400FD042783D8
:040575000017879351
:04057600FCF4282346
:04057700FD04270355
:040578000090079355
:04057900FAE7D4E3E6
:04057A000000C7B7FF
:04057B00E1C785133C
:04057C0068C000EF64
:04057D000000001367
:04057E0002C1208313
:04057F0002812403CE
:04058000030101135F
:04058100000080678F
:04058200FE01011362
:0405830000112E2312
:0405840000812C23A3
:040585000201041358
:040586000000C7B7F3
:040587001DC78513F4
:0405880065C000EF5B
:04058900FE04242325
:04058A00000707B7A8
:04058B000807879343
:04058C00FE842703BF
:04058D0000E7A023C0
:04058E003E80051393
:04058F00680000EF11
:04059000FE04222320
:040591000540006FB2
:04059200004005130D
:04059300DA9FF0EF0C
:04059400FEA4262378
:040595000000C7B7E4
:040596001D078513A5
:04059700620000EF0F
:04059800FE44278373
:0405990000078513BF
:04059A00C41FF0EF9B
:04059B000000C7B7DE
:04059C001D8785131F
:04059D00608000EF8B
:04059E00FEC425036F
:04059F00C2DFF0EFD8
:0405A0000000C7B7D9
:0405A100D8C785131F
:0405A2005F4000EFC7
:0405A300FE44278368
:0405A4000017879322
:0405A500FEF422231B
:0405A600FE442703E5
:0405A7000090079326
:0405A800FAE7D4E3B7
:0405A9000000C7B7D0
:0405AA001FC78513CF
:0405AB005D0000EF00
:0405AC000000001338
:0405AD0001C12083E5
:0405AE0001812403A0
:0405AF000201011331
:0405B0000000806760
:0405B100FE01011333
:0405B20000112E23E3
:0405B30000812C2374
:0405B4000201041329
:0405B5000000C7B7C4
:0405B60021C78513C1
:0405B7005A0000EFF7
:0405B8000000C7B7C1
:0405B90024878513FB
:0405BA00594000EFB5
:0405BB00FE042023F7
:0405BC000900006FC3
:0405BD00FE0427838E
:0405BE000107979307
:0405BF00FEF42623FD
:0405C000000707B772
:0405C100080787930D
:0405C200FEC4270349
:0405C30000E7A0238A
:0405C4003E8005135D
:0405C5005A8000EF69
:0405C60000300513E9
:0405C700CD9FF0EFE5
:0405C800FEA4242346
:0405C9000000C7B7B0
:0405CA002807851366
:0405CB00550000EFE8
:0405CC00FE0427837F
:0405CD00000785138B
:0405CE00B71FF0EF74
:0405CF000000C7B7AA
:0405D00028878513E0
:0405D100538000EF64
:0405D200FE04278379
:0405D3000007851385
:0405D400B59FF0EFF0
:0405D5000000C7B7A4
:0405D6001D878513E5
:0405D700520000EFDF
:0405D800FE84250375
:0405D900B45FF0EF2C
:0405DA000000C7B79F
:0405DB00D8C78513E5
:0405DC0050C000EF1C
:0405DD00FE0427836E
:0405DE0000178793E8
:0405DF00FEF42023E3
:0405E000FE042703EB
:0405E10000900793EC
:0405E200F6E7D6E37F
:0405E3000000C7B796
:0405E400294785130B
:0405E5004E8000EF55
:0405E600FE042223CA
:0405E700000707B74B
:0405E80008078793E6
:0405E900FE442703A2
:0405EA0000E7A02363
:0405EB003E80051336
:0405EC0050C000EF0C
:0405ED00FE042023C5
:0405EE000700006F93
:0405EF0000400513B0
:0405F000C35FF0EF06
:0405F100FEA424231D
:0405F2000000C7B787
:0405F3002D878513B8
:0405F4004AC000EF0A
:0405F500FE04278356
:0405F60000178793D0
:0405F7000007851361
:0405F800AC9FF0EFD5
:0405F9000000C7B780
:0405FA002E07851330
:0405FB00490000EFC4
:0405FC00FE0427834F
:0405FD00000785135B
:0405FE00AB1FF0EF50
:0405FF000000C7B77A
:040600001D878513BA
:04060100478000EF3F
:04060200FE8425034A
:04060300A9DFF0EF8C
:040604000000C7B774
:04060500D8C78513BA
:04060600464000EF7B
:04060700FE04278343
:0406080000178793BD
:04060900FEF42023B8
:04060A00FE042703C0
:04060B0000900793C1
:04060C00F8E7D6E352
:04060D000000C7B76B
:04060E002F8785139A
:04060F00440000EFB4
:0406100000000013D3
:0406110001C1208380
:04061200018124033B
:0406130002010113CC
:0406140000008067FB
:04061500FFFFE2976A
:040616007CC282938D
:04061700305290735A
:0406180008800293C1
:040619003002B07388
:04061A0030401073E9
:04061B0034401073E4
:04061C000000C19782
:04061D00AC01819318
:04061E000000E117E0
:04061F0078810113CA
:040620000000C317FC
:04062100AAC3031352
:040622000000D3976A
:04062300EC4383938E
:04062400000320238C
:040625000043031378
:04062600FE736CE310
:040627002BC000EFF5
:040628000000B31704
:04062900B0C3031344
:04062A000000B39782
:04062B00B0438393C2
:04062C00007378637C
:04062D000003202383
:04062E00004303136F
:04062F00FE736CE307
:040630000000B2977D
:04063100AEC2829340
:040632000000B317FA
:04063300AE430313BC
:040634000000B39778
:04063500ADC383933B
:040636000062FC63FF
:040637000002A48396
:040638000093A02368
:040639000042829366
:04063A000043839363
:04063B00FE62E8E390
:04063C000000B217F1
:04063D00ABC2021337
:04063E002D4000EF5C
:04063F000000006F48
:04064000FF010113A2
:04064100001126235B
:0406420000812423EC
:04064300010104139A
:040644005D5040EFD6
:040645000005079312
:040646000007851311
:0406470000C120834B
:040648000081240306
:040649000101011397
:04064A0000008067C5
:04064B00FD01011399
:04064C00021126234E
:04064D0002812423DF
:04064E00030104138D
:04064F00FEA42623BC
:04065000FEB42423AD
:04065100FEC422239E
:04065200FED420238F
:04065300FCE42E2372
:04065400FDC42703B7
:04065500FE042683F6
:04065600FE44260335
:04065700FE84258375
:04065800FEC42503B4
:0406590001C000EFED
:04065A0000050793FD
:04065B0000078513FC
:04065C0002C1208334
:04065D0002812403EF
:04065E000301011380
:04065F0000008067B0
:04066000FA01011387
:0406610004812E23BF
:040662000601041376
:04066300FAA42E23A4
:04066400FAB42C2395
:04066500FAC42A2386
:04066600FAD4282377
:04066700FAE4262368
:04066800FEA0079356
:04066900FCF4222358
:04066A00FB84278363
:04066B00FCF4242354
:04066C00FC842703E0
:04066D0000F00793FF
:04066E0012E7C46368
:04066F00008007936D
:040670003007B7F3A5
:04067100FCF428234A
:04067200FD042783D9
:04067300FCF426234A
:040674000AC187131D
:04067500FC84278357
:04067600003797931F
:0406770000F707B3CE
:04067800FB44270315
:0406790000E7A023D3
:04067A000AC1871317
:04067B00FC84278351
:04067C000037979319
:04067D0000F707B3C8
:04067E00FB0427034F
:04067F0000E7A223CB
:04068000FB4427838D
:040681000607826383
:04068200FC8427834A
:04068300FBC427038A
:04068400FCE42A2345
:04068500FCF42C2332
:04068600FD842703C5
:0406870000F00793E5
:0406880000E7E8633C
:04068900FD84278342
:04068A00010787934A
:04068B000080006F7C
:04068C00FFF00793E1
:04068D00FCF42E2328
:04068E00FDC42783FD
:04068F000007D66327
:04069000FDC42783FB
:040691000800006FEE
:04069200FDC42783F9
:04069300FCF42C2324
:04069400FD84278337
:040695000010071337
:0406960000F717B39F
:040697003047A073D5
:0406980000000793C4
:040699000600006FE8
:04069A00FC84278332
:04069B00FBC4270372
:04069C00FEE4202335
:04069D00FEF4222322
:04069E00FE442703EC
:04069F0000F00793CD
:0406A00000E7E86324
:0406A100FE44278369
:0406A2000107879332
:0406A3000080006F64
:0406A400FFF00793C9
:0406A500FEF4242318
:0406A600FE84278324
:0406A7000007D6630F
:0406A800FE84278322
:0406A9000200006FDC
:0406AA00FE84278320
:0406AB00FEF4222314
:0406AC00FE4427835E
:0406AD00001007131F
:0406AE0000F717B387
:0406AF003047B073AD
:0406B00000000793AC
:0406B100FCF4222310
:0406B200FCC42783DA
:0406B300FEF4262308
:0406B400FEC42783D6
:0406B5000087F79330
:0406B6003007A073F6
:0406B700000000132C
:0406B800FC44278354
:0406B900000785139E
:0406BA0005C124034F
:0406BB000601011320
:0406BC000000806753
:0406BD00FE01011326
:0406BE0000812E2366
:0406BF00020104131D
:0406C000FEA426234B
:0406C100FEB424233C
:0406C200FEC422232D
:0406C300FE84270387
:0406C400FEC42783C6
:0406C50002F70A63CB
:0406C6000240006F7F
:0406C700FEC4270343
:0406C800004707934D
:0406C900FEF42623F2
:0406CA00FE84278300
:0406CB0000478693CB
:0406CC00FED4242311
:0406CD0000072703F8
:0406CE0000E7A0237E
:0406CF00FE8427037B
:0406D000FE4427833A
:0406D100FCF71CE333
:0406D2000000001311
:0406D30001C124033A
:0406D400020101130B
:0406D500000080673A
:0406D600FF0101130C
:0406D70000112623C5
:0406D8000081242356
:0406D9000101041304
:0406DA000000D7B78E
:0406DB00B6C7861305
:0406DC000000C7B79C
:0406DD003AC7859300
:0406DE000000D7B78A
:0406DF00B6C7851302
:0406E000F75FF0EFE1
:0406E1002FC006130D
:0406E200020005937A
:0406E30002000513F9
:0406E400F65FF0EFDE
:0406E5000000C7B793
:0406E6003AC7861376
:0406E7000000B7B7A1
:0406E800F0478593BF
:0406E9000000B7B79F
:0406EA00F04785133D
:0406EB00F49FF0EF99
:0406EC001D8030EF4E
:0406ED0051C030EFD9
:0406EE0000000013F5
:0406EF0000C12083A3
:0406F000008124035E
:0406F10001010113EF
:0406F200000080671D
:0406F300FE010113F0
:0406F40000112E23A0
:0406F50000812C2331
:0406F60002010413E6
:0406F70000000513E7
:0406F800110000EFFE
:0406F90000000013EA
:0406FA00140000EFF9
:0406FB000000C7B77D
:0406FC003207861328
:0406FD000000C7B77B
:0406FE0032078593A7
:0406FF000000C7B779
:040700003207851324
:040701005C4030EF39
:040702002E8030EF26
:04070300000057B7E4
:04070400F50785135D
:040705006E9030EFD3
:040706000201A70342
:040707000241A68382
:040708000281A78340
:04070900000786134C
:04070A0000068593CD
:04070B0000070513CB
:04070C00ECCFE0EF5F
:04070D00FEA42623FD
:04070E0000100513BF
:04070F00350050EF72
:04071000FEC42503FB
:040711006CD030EF89
:04071200FE010113D0
:0407130000112E2380
:0407140000812C2311
:0407150002010413C6
:04071600FEA42623F4
:04071700FEC42503F4
:04071800299040EFF5
:04071900000507933D
:04071A00000785133C
:04071B0001C1208375
:04071C000181240330
:04071D0002010113C1
:04071E0000008067F0
:04071F00FE010113C3
:0407200000112E2373
:0407210000812C2304
:0407220002010413B9
:04072300FEA42623E7
:040724008281A783A4
:040725000087A7831F
:0407260000078593B0
:04072700FEC42503E4
:04072800464040EF18
:04072900000507932D
:04072A00000785132C
:04072B0001C1208365
:04072C000181240320
:04072D0002010113B1
:04072E0000008067E0
:04072F00FE010113B3
:0407300000112E2363
:0407310000812C23F4
:0407320002010413A9
:04073300FEA42623D7
:04073400FEC42503D7
:04073500034030EF5E
:040736000005079320
:04073700000785131F
:0407380001C1208358
:040739000181240313
:04073A0002010113A4
:04073B0000008067D3
:04073C00FE010113A6
:04073D0000112E2356
:04073E0000812C23E7
:04073F00020104139C
:04074000FEA42623CA
:04074100271030EF5E
:040742000080079399
:040743003007A07368
:04074400000000139E
:04074500000000139D
:0407460001C120834A
:040747000181240305
:040748000201011396
:0407490000008067C5
:04074A00FE01011398
:04074B0000112E2348
:04074C0000812C23D9
:04074D00020104138E
:04074E000000C7B729
:04074F003C4785138B
:04075000320000EF84
:040751000000001391
:04075200003006135A
:04075300000005930A
:040754000000C7B723
:04075500424785137F
:040756000E0020EF82
:040757000000C7B720
:040758003FC787937D
:040759000000D7378E
:04075A0045C7071375
:04075B0004E7A223EA
:04075C000000C7B71B
:04075D003FC7879378
:04075E000000E73779
:04075F00C5C70713F0
:0407600004E7A423E3
:040761000000C7B716
:040762003FC7879373
:040763007FF0071309
:0407640004E79623ED
:040765000000C7B712
:040766003FC787936F
:040767007FF0071305
:0407680004E79723E8
:040769000000C7B70E
:04076A003FC78513ED
:04076B00024030EF29
:04076C003E80079331
:04076D00FEF426234D
:04076E000301A78359
:04076F000007986384
:04077000FEC4270399
:0407710002E1A823D6
:040772000080006F94
:04077300000000136F
:04077400000067B763
:040775009D47879382
:04077600FEF4242346
:04077700FE842703D2
:0407780000E1AE23CB
:040779000000001369
:04077A00499030EF83
:04077B000000001367
:04077C0001C1208314
:04077D0001812403CF
:04077E000201011360
:04077F00000080678F
:04078000FC01011364
:0407810002112E2310
:0407820002812C23A1
:040783000401041356
:04078400FCA4262388
:040785000701A703BE
:04078600FEE4262344
:040787000000071354
:04078800000187B72E
:040789006A078793E1
:04078A00FEF4202336
:04078B00FCC4278300
:04078C00FEF4222332
:04078D00FE4427837C
:04078E0001C7A78375
:04078F00FEF424232D
:04079000FE84278339
:040791000087A70333
:0407920000200793A9
:0407930008F71A63E6
:04079400FE84278335
:040795000007A703AF
:04079600FE84278333
:040797000047A783ED
:04079800FDC4069303
:0407990000078613BC
:04079A0000070593BC
:04079B00FE442503F0
:04079C007E4000EFAC
:04079D00FE8427832C
:04079E000047A70366
:04079F00FDC42783EB
:0407A00040F70733E4
:0407A100FE84278328
:0407A20000E7A223A7
:0407A300FE84278326
:0407A4000007A703A0
:0407A500FDC42783E5
:0407A60000F707331E
:0407A700FE84278322
:0407A80000E7A023A3
:0407A900FE84278320
:0407AA000047A783DA
:0407AB0002078A6354
:0407AC0001C00593F0
:0407AD00FE442503DE
:0407AE00311010EF07
:0407AF00002005938E
:0407B000FE442503DB
:0407B1003D9010EF78
:0407B2000400006FD0
:0407B300FE04278396
:0407B400FFF7879331
:0407B500FEF420230B
:0407B600FE04278393
:0407B70000078C6348
:0407B800FE442503D3
:0407B900724000EF9B
:0407BA00000507939C
:0407BB00FE0790E3C2
:0407BC000080006F4A
:0407BD000000001325
:0407BE00FE442503CD
:0407BF00360000EF11
:0407C000FE84278309
:0407C1000007A42366
:0407C200FEC4270347
:0407C3000701A78300
:0407C40000F747B340
:0407C5000000071316
:0407C6000007846341
:0407C7000C4050EFA3
:0407C80003C12083C6
:0407C9000381240381
:0407CA000401011312
:0407CB000000806743
:0407CC00FE01011316
:0407CD0000112E23C6
:0407CE0000812C2357
:0407CF00020104130C
:0407D000FEA426233A
:0407D100FEB424232B
:0407D200FE842783F7
:0407D3000007A42354
:0407D400FE842683F6
:0407D5000000061307
:0407D600000027B741
:0407D700E00785931F
:0407D800FEC4250333
:0407D9000AC000EF63
:0407DA000000001308
:0407DB0001C12083B5
:0407DC000181240370
:0407DD000201011301
:0407DE000000806730
:0407DF00FD01011304
:0407E00002112623B9
:0407E100028124234A
:0407E20003010413F8
:0407E300FCA42E2321
:0407E400FDC42783A6
:0407E500FEF42023DB
:0407E60001F0059386
:0407E700FE042503E4
:0407E800269010EF58
:0407E90001C00593B3
:0407EA00FE042503E1
:0407EB0021D010EF1A
:0407EC00FE0427835D
:0407ED000187A78356
:0407EE000407826317
:0407EF0000800793EC
:0407F0003007B7F324
:0407F100FEF42623C9
:0407F200FEC4278397
:0407F300FEF42223CB
:0407F400FE04278355
:0407F5000187A7834E
:0407F600FE042503D5
:0407F700000780E790
:0407F800FE44278311
:0407F900FEF42423C3
:0407FA00FE842783CF
:0407FB000087F793E9
:0407FC003007A073AF
:0407FD0000000013E5
:0407FE0000000013E4
:0407FF0000000013E3
:0408000002C120838E
:040801000281240349
:0408020003010113DA
:04080300000080670A
:04080400FE010113DD
:0408050000812E231D
:0408060002010413D4
:04080700FEA4262302
:04080800FEB42423F3
:04080900FEC42223E4
:04080A00FED42023D5
:04080B00FEC427837D
:04080C00FE8427033C
:04080D0000E7AC2331
:04080E00FEC427837A
:04080F00FE042703B9
:0408100000E7AE232C
:04081100FEC4278377
:04081200FE44270376
:0408130002E7A02335
:0408140000000013CD
:0408150001C12403F6
:0408160002010113C7
:0408170000008067F6
:04081800FC010113CB
:0408190002112E2377
:04081A0002812C2308
:04081B0004010413BD
:04081C00FCA42623EF
:04081D000701A70325
:04081E00FEE42623AB
:04081F0000000713BB
:04082000FCC42503EC
:040821001D8000EF47
:0408220001F0059349
:04082300FCC42503E9
:04082400179010EF2A
:0408250001C0059376
:04082600FCC42503E6
:0408270012D010EFEC
:040828000030059304
:04082900FCC42503E3
:04082A003CD010EFBF
:04082B000030059301
:04082C00FCC42503E0
:04082D0030D010EFC8
:04082E00FE04202381
:04082F00FC042E2374
:04083000FDC40713E9
:04083100000187B784
:040832006A078613B8
:040833000007059322
:04083400FCC42503D8
:0408350041C000EFCF
:04083600FDC4079363
:04083700000785939E
:04083800FCC42503D4
:040839002A0000EFA2
:04083A000000D7B72C
:04083B00B3078593E7
:04083C00FCC42503D0
:04083D00555020EF03
:04083E00000007931C
:04083F00FCF42C2376
:04084000FD84278389
:0408410002079663B1
:04084200FCC4278348
:040843000107A50301
:04084400FCC4278346
:040845000147A5833F
:040846000000071394
:04084700FCC4268344
:04084800000027B7CE
:04084900F7C7861354
:04084A00805FF0EFEC
:04084B000140006FF9
:04084C000000C7B72A
:04084D0035078513D3
:04084E0018C030EFAF
:04084F000000001392
:04085000FEC42703B8
:040851000701A78371
:0408520000F747B3B1
:040853000000071387
:0408540000078463B2
:0408550068D040EF38
:0408560003C1208337
:0408570003812403F2
:040858000401011383
:0408590000008067B4
:04085A00FD01011388
:04085B00021126233D
:04085C0002812423CE
:04085D00030104137C
:04085E00FCA42E23A5
:04085F00FE0426234A
:040860000000D7B706
:04086100B3078593C1
:04086200FDC42503A9
:04086300625020EFD0
:04086400FEA42623A5
:04086500FEC4278323
:0408660000078513EF
:0408670002C1208327
:0408680002812403E2
:040869000301011373
:04086A0000008067A3
:04086B00FC01011378
:04086C0002812E23B4
:04086D00040104136B
:04086E00FCA426239D
:04086F00FCC427831B
:0408700001C7A78392
:04087100FCF42E2342
:04087200FCC4278318
:0408730000C7A78390
:0408740000878793DF
:040875000007A7834E
:04087600FEF4202349
:04087700FE042783D1
:040878000017F793DB
:04087900FEF4222344
:04087A00FE4427838E
:04087B000007866389
:04087C00FF9007934F
:04087D000580006F83
:04087E00FCC427830C
:04087F000187A70343
:04088000000027B796
:04088100E007879372
:0408820000F7166302
:04088300FDC4278306
:040884000007A423A2
:04088500FCC4278305
:0408860000C7A7837D
:0408870000878793CC
:040888000007A7833B
:04088900FEF4242332
:04088A00FE8427833E
:04088B000017E793D8
:04088C00FEF426232D
:04088D00FCC42783FD
:04088E0000C7A78375
:04088F0000878793C4
:04089000FEC4270378
:0408910000E7A023B9
:0408920000000793C8
:0408930000078513C2
:0408940003C1240375
:040895000401011346
:040896000000806777
:04089700FD0101134B
:040898000281262390
:040899000301041340
:04089A00FCA42E2369
:04089B00FDC42783EE
:04089C0000C7A78367
:04089D0000878793B6
:04089E000007A78325
:04089F00FEF424231C
:0408A000FE84278328
:0408A100FFE7F793E3
:0408A200FEF4262317
:0408A300FDC42783E6
:0408A40000C7A7835F
:0408A50000878793AE
:0408A600FEC4270362
:0408A70000E7A023A3
:0408A8000000001339
:0408A90002C1240361
:0408AA000301011332
:0408AB000000806762
:0408AC00FD01011336
:0408AD00028126237B
:0408AE00030104132B
:0408AF00FCA42E2354
:0408B000FCB42C2345
:0408B100FDC42783D8
:0408B2000347A7034E
:0408B300FD84278316
:0408B40000E7A02396
:0408B500FDC42783D4
:0408B60000C7A7834D
:0408B700008787939C
:0408B8000007A7830B
:0408B900FEF4202306
:0408BA00FE0427838E
:0408BB000017D793B8
:0408BC000017F71317
:0408BD00FD8427830C
:0408BE0000E7A2238A
:0408BF00FDC42783CA
:0408C00000C7A78343
:0408C10002478793D0
:0408C2000007A78301
:0408C300FEF42223FA
:0408C400FE44278344
:0408C500010797137D
:0408C60001075713BC
:0408C700FD84278302
:0408C80000E794238E
:0408C900FDC42783C0
:0408CA0000C7A78339
:0408CB000207879306
:0408CC000007A783F7
:0408CD00FEF42423EE
:0408CE00FE842783FA
:0408CF000107971373
:0408D00001075713B2
:0408D100FD842783F8
:0408D20000E7952383
:0408D300FDC42783B6
:0408D40000C7A7832F
:0408D500028787937C
:0408D6000007A783ED
:0408D700FEF42623E2
:0408D800FEC42783B0
:0408D9000107971369
:0408DA0001075713A8
:0408DB00FD842783EE
:0408DC0000E7962378
:0408DD000000001304
:0408DE0002C124032C
:0408DF0003010113FD
:0408E000000080672D
:0408E100FC01011302
:0408E20002812E233E
:0408E30004010413F5
:0408E400FCA4262327
:0408E500FCB4242318
:0408E600FC842783E4
:0408E7000007A7035C
:0408E800FCC42783A2
:0408E90002E7AA2355
:0408EA00FCC42783A0
:0408EB0000C7A78318
:0408EC000087879367
:0408ED000007A783D6
:0408EE00FCF42E23C5
:0408EF00FDC427839A
:0408F000FFD7F71324
:0408F100FC842783D9
:0408F2000047A78391
:0408F30000179793C0
:0408F4000027F7934F
:0408F50000F767B3EE
:0408F600FEF42023C9
:0408F700FCC4278393
:0408F80000C7A7830B
:0408F900008787935A
:0408FA00FE042703CE
:0408FB0000E7A0234F
:0408FC00FC842783CE
:0408FD000087D78316
:0408FE00FEF42223BF
:0408FF00FCC427838B
:0409000000C7A78302
:04090100024787938F
:04090200FE44270385
:0409030000E7A02346
:04090400FC842783C5
:0409050000A7D783ED
:04090600FEF42423B4
:04090700FCC4278382
:0409080000C7A783FA
:0409090002078793C7
:04090A00FE8427033D
:04090B0000E7A0233E
:04090C00FC842783BD
:04090D0000C7D783C5
:04090E00FEF42623AA
:04090F00FCC427837A
:0409100000C7A783F2
:04091100028787933F
:04091200FEC42703F5
:0409130000E7A02336
:0409140000000013CC
:0409150003C12403F3
:0409160004010113C4
:0409170000008067F5
:04091800FE010113C8
:0409190000112E2378
:04091A0000812C2309
:04091B0002010413BE
:04091C00FEA42623EC
:04091D00FEB42423DD
:04091E00FEC42223CE
:04091F00FE842783A8
:0409200000A7D783D2
:0409210000078863E0
:04092200FE842783A5
:040923000087D783EF
:0409240000079663CF
:04092500FFD0079365
:040926000440006F1A
:04092700FEC4278360
:040928000307A70317
:04092900FE8427839E
:04092A0000A7D783C8
:04092B0000078693A8
:04092C00FE8427839B
:04092D000087D783E5
:04092E0000F687B395
:04092F0000078593A5
:0409300000070513A4
:040931003AD070EF59
:040932000005079322
:04093300000787131F
:04093400FE442783D3
:0409350000E7A02314
:040936000000079323
:04093700000785131D
:0409380001C1208356
:040939000181240311
:04093A0002010113A2
:04093B0000008067D1
:04093C00FD010113A5
:04093D00021126235A
:04093E0002812423EB
:04093F000301041399
:04094000FCA42E23C2
:04094100FCB42C23B3
:04094200FCC42A23A4
:04094300FD44270345
:04094400000627B7CB
:04094500A8078793E5
:0409460000E7EA6379
:04094700FD442783C1
:0409480000078663BB
:04094900FD442783BF
:04094A0000079663A9
:04094B00FFC007934F
:04094C000C40006FEC
:04094D00FDC427833B
:04094E000307A703F1
:04094F00FD442783B9
:040950000017979362
:040951000007859383
:040952000007051382
:04095300325070EFBF
:040954000005079300
:04095500FEF4242365
:04095600FE84278371
:0409570003C78793B8
:04095800FEF4262360
:04095900FE8427836E
:04095A00FC4787933C
:04095B00FEF424235F
:04095C00FD4427032C
:04095D00000187B757
:04095E006A0787930A
:04095F0000E7FA6350
:04096000FD84278368
:040961000010071368
:0409620000E7A223E5
:0409630000C0006F61
:04096400FD84278364
:040965000007A223C2
:04096600FE84278361
:0409670001079713DA
:040968000107571319
:04096900FD8427835F
:04096A0000E79523EA
:04096B00FEC427831C
:04096C0001079713D5
:04096D000107571314
:04096E00FD8427835A
:04096F0000E79423E6
:04097000FE84278357
:0409710001079713D0
:04097200010757130F
:04097300FE84278354
:040974000017D793FE
:04097500010797934C
:040976000107D7930B
:0409770040F707B38B
:0409780001079713C9
:040979000107571308
:04097A00FD8427834E
:04097B0000E79623D8
:04097C0000000793DD
:04097D0000078513D7
:04097E0002C120830F
:04097F0002812403CA
:04098000030101135B
:04098100000080678B
:04098200FD0101135F
:0409830002812623A4
:040984000301041354
:04098500FCA42E237D
:04098600FDC4278302
:0409870000C7A7837B
:040988000147879309
:040989000007A78339
:04098A00FEF426232E
:04098B00FEC42783FC
:04098C000017F793C6
:04098D000007866376
:04098E0000100793BB
:04098F000080006F75
:0409900000000793C9
:0409910000078513C3
:0409920002C1240377
:040993000301011348
:040994000000806778
:04099500FD0101134C
:040996000281262391
:040997000301041341
:04099800FCA42E236A
:04099900FCB42C235B
:04099A00FCC42A234C
:04099B00FCD428233D
:04099C00FD042783AC
:04099D000007A0238C
:04099E000600006FE0
:04099F00FDC42783E9
:0409A00000C7A78362
:0409A10000478793F1
:0409A2000007A78320
:0409A300FEF4262315
:0409A400FEC42683E4
:0409A500FD042783A3
:0409A6000007A7831C
:0409A700FD842703A1
:0409A80000F707B39A
:0409A9000FF6F7133B
:0409AA0000E78023BF
:0409AB00FD0427839D
:0409AC000007A78316
:0409AD000017871395
:0409AE00FD0427839A
:0409AF0000E7A0239A
:0409B000FD04278398
:0409B1000007A78311
:0409B200FD442703D6
:0409B30000F71663D0
:0409B400FD44278354
:0409B5000207926340
:0409B600FDC42783D2
:0409B70000C7A7834B
:0409B80001C7879359
:0409B9000007A78309
:0409BA00FEF4242300
:0409BB00FE8427830C
:0409BC00F80796E3BF
:0409BD000080006F47
:0409BE000000001322
:0409BF000000001321
:0409C00002C1240349
:0409C100030101131A
:0409C200000080674A
:0409C300FD0101131E
:0409C40002112623D3
:0409C5000281242364
:0409C6000301041312
:0409C700FCA42E233B
:0409C800FCB42C232C
:0409C900FE042023E5
:0409CA00000187B7EA
:0409CB006A0787939D
:0409CC00FEF42223F0
:0409CD0003C0006FF4
:0409CE00FE442703B9
:0409CF0000900793FA
:0409D00000E7E863F1
:0409D100000027B744
:0409D2007107851311
:0409D3005BC020EFF6
:0409D400FE44278333
:0409D500FFF787930E
:0409D600FEF42223E6
:0409D700FE44278330
:0409D8000007986319
:0409D900FFE00793A1
:0409DA00FEF42023E4
:0409DB000200006FA7
:0409DC00FDC42783AC
:0409DD0000C7A78325
:0409DE0001C7879333
:0409DF000007A783E3
:0409E000FEF42423DA
:0409E100FE842783E6
:0409E200FA0788E3A5
:0409E300FDC42783A5
:0409E40000C7A7831E
:0409E50000478793AD
:0409E6000007A783DC
:0409E700FEF42623D1
:0409E800FEC427839F
:0409E9000FF7F713FA
:0409EA00FD842783DE
:0409EB0000E780237E
:0409EC00FE0427835B
:0409ED000007851367
:0409EE0002C120839F
:0409EF00028124035A
:0409F00003010113EB
:0409F100000080671B
:0409F200FC010113F0
:0409F30002112E239C
:0409F40002812C232D
:0409F50004010413E2
:0409F600FCA4262314
:0409F70000058793DD
:0409F800000687135B
:0409F900FCF405A362
:0409FA000006079359
:0409FB00FCF40523E0
:0409FC000007079356
:0409FD00FCF404A35F
:0409FE000701A70343
:0409FF00FEE42623C9
:040A000000000713D8
:040A0100000027B713
:040A0200710787935E
:040A0300FEF42023BA
:040A0400FC042E239D
:040A05000380006FFB
:040A0600FE042703C0
:040A070000900793C1
:040A080000E7E863B8
:040A0900000027B70B
:040A0A0071078513D8
:040A0B004DC020EFCB
:040A0C00FE0427833A
:040A0D00FFF78793D5
:040A0E00FEF42023AF
:040A0F00FE04278337
:040A100000079663E2
:040A1100FFE0079368
:040A12000780006FEA
:040A1300FCC4278375
:040A140000C7A783ED
:040A150001078793BB
:040A16000007A783AB
:040A1700FEF42223A4
:040A1800FE442783EE
:040A19000017F79338
:040A1A00FA0788E36C
:040A1B00FCB44703DD
:040A1C00FCA447836C
:040A1D000097979314
:040A1E0000F7673343
:040A1F00FC94478379
:040A20000087979321
:040A210000F767B3C0
:040A2200FEF4242397
:040A2300FCC4278365
:040A240000C7A783DD
:040A2500FE84270321
:040A260000E7A02322
:040A2700FDC4079370
:040A280000078593AB
:040A2900FCC42503E1
:040A2A001A8000EF3F
:040A2B00FDC407936C
:040A2C0000078593A7
:040A2D00FCC42503DD
:040A2E001E8000EF37
:040A2F00FDC4278358
:040A30000007871321
:040A3100FEC4268356
:040A32000701A7838E
:040A330000F6C7B34F
:040A34000000069325
:040A350000078463CF
:040A3600708040EF9D
:040A3700000705139C
:040A380003C1208353
:040A3900038124030E
:040A3A00040101139F
:040A3B0000008067D0
:040A3C00FD010113A4
:040A3D000211262359
:040A3E0002812423EA
:040A3F000301041398
:040A4000FCA42E23C1
:040A4100FCB42C23B2
:040A42000006079310
:040A4300FCF40BA311
:040A4400FDC4278343
:040A45000347A703B9
:040A46000010079302
:040A470006F71C632F
:040A4800FDC427833F
:040A49000247A78336
:040A4A000077D793C7
:040A4B000FF7F79317
:040A4C0000E7F79335
:040A4D000FF7F71395
:040A4E00FD84278379
:040A4F000FF7F79313
:040A500000F767B391
:040A51000FF7F79311
:040A5200FF07E79320
:040A53000FF7F7930F
:040A5400FD744703E3
:040A55000000069304
:040A5600000706137C
:040A5700000785937C
:040A5800FDC42503B1
:040A5900E65FF0EF75
:040A5A00FEA42623AD
:040A5B00FDC427832C
:040A5C000247A78323
:040A5D000FF7F79305
:040A5E0000000693FB
:040A5F00000006137A
:040A60000007859373
:040A6100FDC42503A8
:040A6200E41FF0EFAE
:040A6300FEA42623A4
:040A64000440006FDB
:040A6500FDC4278322
:040A66000247A78319
:040A67000FF7F793FB
:040A68000017979349
:040A69000FF7F71379
:040A6A00FD8427835D
:040A6B000FF7F793F7
:040A6C0000F767B375
:040A6D000FF7F793F5
:040A6E00FD744703C9
:040A6F0000000693EA
:040A70000007061362
:040A71000007859362
:040A7200FDC4250397
:040A7300DFDFF0EFE2
:040A7400FEA4262393
:040A7500FEC4278311
:040A760000078513DD
:040A770002C1208315
:040A780002812403D0
:040A79000301011361
:040A7A000000806791
:040A7B00FE01011364
:040A7C0000812E23A4
:040A7D00020104135B
:040A7E00FEA4262389
:040A7F00FEB424237A
:040A8000FEC4278306
:040A81000247A7037E
:040A8200FE84278344
:040A830000E7A023C5
:040A8400000000135B
:040A850001C1240384
:040A86000201011355
:040A87000000806784
:040A8800FE01011357
:040A890000812E2397
:040A8A00020104134E
:040A8B00FEA426237C
:040A8C00FEB424236D
:040A8D00FEC42783F9
:040A8E00FE842703B8
:040A8F0002E7A223B5
:040A9000000000134F
:040A910001C1240378
:040A92000201011349
:040A93000000806778
:040A9400FD0101134C
:040A95000281262391
:040A96000301041341
:040A9700FCA42E236A
:040A9800FCB42C235B
:040A9900FDC42783EE
:040A9A0000C7A78367
:040A9B000107879335
:040A9C000007A78325
:040A9D00FEF426231A
:040A9E00FEC42783E8
:040A9F000047F79382
:040AA0000007886360
:040AA100FD84278326
:040AA200FFB0071387
:040AA30000E7A023A5
:040AA400000000133B
:040AA50002C1240363
:040AA6000301011334
:040AA7000000806764
:040AA800FD01011338
:040AA900028126237D
:040AAA00030104132D
:040AAB00FCA42E2356
:040AAC00FCB42C2347
:040AAD00FDC42783DA
:040AAE0000C7A78353
:040AAF000107879321
:040AB0000007A78311
:040AB100FEF4262306
:040AB200FEC42783D4
:040AB3000087F7932E
:040AB400000788634C
:040AB500FD84278312
:040AB600FFA0071383
:040AB70000E7A02391
:040AB8000000001327
:040AB90002C124034F
:040ABA000301011320
:040ABB000000806750
:040ABC00FC01011325
:040ABD0002112E23D1
:040ABE0002812C2362
:040ABF000401041317
:040AC000FCA4262349
:040AC1000701A7037F
:040AC200FEE4262305
:040AC3000000071315
:040AC400FC042C23DF
:040AC500FCC42783C3
:040AC60001C7A7833A
:040AC700FEF42423F2
:040AC800FE842783FE
:040AC9000047A783B8
:040ACA000017871377
:040ACB000007079386
:040ACC0000279793D5
:040ACD0000E787B304
:040ACE0000379793C3
:040ACF0040E787B3C2
:040AD00000479793B1
:040AD10000E787B300
:040AD20000479793AF
:040AD300FEF42223E8
:040AD400FDC40793C3
:040AD50000078593FE
:040AD600FCC4250334
:040AD7007D1000EF9F
:040AD800FDC42783AF
:040AD90000078593FA
:040ADA00FCC4250330
:040ADB0069D000EFEF
:040ADC00FD840793FB
:040ADD0000078593F6
:040ADE00FCC425032C
:040ADF00ED5FF0EFE8
:040AE000FD842783E7
:040AE10008078A6315
:040AE200FE842783E4
:040AE3000087A7835E
:040AE400080780631C
:040AE50003C0006FDB
:040AE600FE442703A0
:040AE70000900793E1
:040AE80000E7E863D8
:040AE900000027B72B
:040AEA0071078513F8
:040AEB0015C020EF23
:040AEC00FE4427831A
:040AED00FFF78793F5
:040AEE00FEF42223CD
:040AEF00FE44278317
:040AF0000007986300
:040AF100FFE0079388
:040AF200FCF42C23C1
:040AF3000140006F4F
:040AF400FCC4250316
:040AF500A35FF0EF1C
:040AF600000507935D
:040AF700FA079EE379
:040AF800FE842783CE
:040AF9000007A783C8
:040AFA00FE040713DC
:040AFB000007069357
:040AFC0000000613DD
:040AFD0000078593D6
:040AFE00FCC425030C
:040AFF00A59FF0EFD0
:040B0000FCC4250309
:040B0100E58FF0EF9D
:040B0200FE842783C3
:040B03000007A42320
:040B0400FD842783C2
:040B050002C0006FBB
:040B0600FE842783BF
:040B07000087A78339
:040B080000078E63F1
:040B0900FDC427837D
:040B0A0000078593C8
:040B0B00FCC42503FE
:040B0C0066D000EFC0
:040B0D00FF900793BB
:040B0E000080006FF4
:040B0F000000079348
:040B10000007871340
:040B1100FEC4268375
:040B12000701A783AD
:040B130000F6C7B36E
:040B14000000069344
:040B150000078463EE
:040B1600388040EFF4
:040B170000070513BB
:040B180003C1208372
:040B1900038124032D
:040B1A0004010113BE
:040B1B0000008067EF
:040B1C00FD010113C3
:040B1D000211262378
:040B1E000281242309
:040B1F0003010413B7
:040B2000FCA42E23E0
:040B2100FCB42C23D1
:040B2200FCC42A23C2
:040B230000068793AE
:040B2400FCF409A331
:040B2500000027B7EE
:040B26007107879339
:040B2700FEF426238F
:040B28000880006FD2
:040B2900FEC42703DC
:040B2A00009007939D
:040B2B0000E7E86394
:040B2C00000027B7E7
:040B2D0071078513B4
:040B2E00050020EFAF
:040B2F00FD344783C7
:040B300002078263D3
:040B31000010071396
:040B32000000069326
:040B3300FD44260354
:040B3400FD84258394
:040B3500FDC42503D3
:040B36005AC000EFB2
:040B3700FEA42423D1
:040B38000200006F48
:040B3900001007138E
:040B3A00000006931E
:040B3B00FD4426034C
:040B3C00FD8425838C
:040B3D00FDC42503CB
:040B3E0037C000EFCD
:040B3F00FEA42423C9
:040B4000FE84270305
:040B4100FFA0079377
:040B420000F70E6347
:040B4300FE84270302
:040B4400FFB0079364
:040B450000F708634A
:040B4600FE842703FF
:040B4700FF90079381
:040B480000F71E6331
:040B49000000001395
:040B4A00FEC427833B
:040B4B00FFF7871316
:040B4C00FEE426237A
:040B4D00F60798E32C
:040B4E000080006FB4
:040B4F00000000138F
:040B5000FE84278375
:040B51000007851301
:040B520002C1208339
:040B530002812403F4
:040B54000301011385
:040B550000008067B5
:040B5600FD01011389
:040B5700021126233E
:040B580002812423CF
:040B5900030104137D
:040B5A00FCA42E23A6
:040B5B00FCB42C2397
:040B5C00FCC42A2388
:040B5D000006879374
:040B5E00FCF409A3F7
:040B5F00000027B7B4
:040B600071078793FF
:040B6100FEF4262355
:040B6200FD34478394
:040B63000C078A638E
:040B64000600006F18
:040B6500FEC42703A0
:040B66000090079361
:040B670000E7E86358
:040B6800000027B7AB
:040B69007107851378
:040B6A00761010EF02
:040B6B00001007135C
:040B6C0000000693EC
:040B6D00FD4426031A
:040B6E00FD8425835A
:040B6F00FDC4250399
:040B7000155000EF2D
:040B7100FEA4242397
:040B7200FE842703D3
:040B7300FFA0079345
:040B740000F70E6315
:040B7500FE842703D0
:040B7600FFB0079332
:040B770000F7086318
:040B7800FE842703CD
:040B7900FF9007934F
:040B7A0008F71663FF
:040B7B000000001363
:040B7C00FEC4278309
:040B7D00FFF78713E4
:040B7E00FEE4262348
:040B7F00F8079CE3F4
:040B80000800006FFA
:040B8100FEC4270384
:040B82000090079345
:040B830000E7E8633C
:040B8400000027B78F
:040B8500710785135C
:040B86006F1010EFED
:040B87000010071340
:040B880000000693D0
:040B8900FD442603FE
:040B8A00FD8425833E
:040B8B00FDC425037D
:040B8C00678000EF8F
:040B8D00FEA424237B
:040B8E00FE842703B7
:040B8F00FFA0079329
:040B900000F70E63F9
:040B9100FE842703B4
:040B9200FFB0079316
:040B930000F70863FC
:040B9400FE842703B1
:040B9500FF90079333
:040B960002F71263ED
:040B97000000001347
:040B9800FEC42783ED
:040B9900FFF78713C8
:040B9A00FEE426232C
:040B9B00F8079CE3D8
:040B9C000100006FE5
:040B9D000000001341
:040B9E000080006F64
:040B9F00000000133F
:040BA000FE84278325
:040BA10000078513B1
:040BA20002C12083E9
:040BA30002812403A4
:040BA4000301011335
:040BA5000000806765
:040BA600FC0101133A
:040BA70002112E23E6
:040BA80002812C2377
:040BA900040104132C
:040BAA00FCA42E2356
:040BAB00FCB42C2347
:040BAC00FCC42A2338
:040BAD00FCD4282329
:040BAE00FCE426231A
:040BAF00FCF405A3AA
:040BB000000027B763
:040BB10071078793AE
:040BB200FEF4262304
:040BB300FCB44783C4
:040BB4001607866337
:040BB5000AC0006F03
:040BB600FEC427034F
:040BB7000090079310
:040BB80000E7E86307
:040BB900000027B75A
:040BBA007107851327
:040BBB0061D010EF06
:040BBC00000007131B
:040BBD00000006939B
:040BBE00FD442603C9
:040BBF00FD84258309
:040BC000FDC4250348
:040BC100380000EF09
:040BC200FEA4242346
:040BC300FE84270382
:040BC400FFA00793F4
:040BC50006F70063CC
:040BC600FE8427037F
:040BC700FFB00793E1
:040BC80004F70A63C1
:040BC900FE8427037C
:040BCA00FF900793FE
:040BCB0004F70463C4
:040BCC0000100713FB
:040BCD00001006937B
:040BCE00FCC426033A
:040BCF00FD04258379
:040BD000FDC4250338
:040BD1007D0000EFB4
:040BD200FEA4242336
:040BD300FE84270372
:040BD400FFA00793E4
:040BD50002F70463BC
:040BD600FE8427036F
:040BD700FFB00793D1
:040BD80000F70E63B1
:040BD900FE8427036C
:040BDA00FF900793EE
:040BDB000EF712639C
:040BDC0000C0006FE6
:040BDD000000001301
:040BDE000080006F24
:040BDF0000000013FF
:040BE000FEC42783A5
:040BE100FFF7871380
:040BE200FEE42623E4
:040BE300F40796E39A
:040BE4000CC0006FD2
:040BE500FEC4270320
:040BE60000900793E1
:040BE70000E7E863D8
:040BE800000027B72B
:040BE90071078513F8
:040BEA00561010EFA2
:040BEB0000000713EC
:040BEC00000006936C
:040BED00FD4426039A
:040BEE00FD842583DA
:040BEF00FDC4250319
:040BF0000B4000EFC7
:040BF100FEA4242317
:040BF200FE84270353
:040BF300FFA00793C5
:040BF40006F700639D
:040BF500FE84270350
:040BF600FFB00793B2
:040BF70004F70A6392
:040BF800FE8427034D
:040BF900FF900793CF
:040BFA0004F7046395
:040BFB0000100713CC
:040BFC00001006934C
:040BFD00FCC426030B
:040BFE00FD0425834A
:040BFF00FDC4250309
:040C00004A8000EF37
:040C0100FEA4242306
:040C0200FE84270342
:040C0300FFA00793B4
:040C040002F704638C
:040C0500FE8427033F
:040C0600FFB00793A1
:040C070000F70E6381
:040C0800FE8427033C
:040C0900FF900793BE
:040C0A0002F7186372
:040C0B0000C0006FB6
:040C0C0000000013D1
:040C0D000080006FF4
:040C0E0000000013CF
:040C0F00FEC4278375
:040C1000FFF7871350
:040C1100FEE42623B4
:040C1200F40796E36A
:040C13000100006F6D
:040C140000000013C9
:040C15000080006FEC
:040C160000000013C7
:040C1700FE842783AD
:040C18000007851339
:040C190003C1208370
:040C1A00038124032B
:040C1B0004010113BC
:040C1C0000008067ED
:040C1D00FD010113C1
:040C1E000211262376
:040C1F000281242307
:040C200003010413B5
:040C2100FCA42E23DE
:040C2200FCB42C23CF
:040C2300FCC42A23C0
:040C240000068793AC
:040C2500FCF409A32F
:040C26000007079329
:040C2700FCF40923AD
:040C28000701A70316
:040C2900FEE426239C
:040C2A0000000713AC
:040C2B00FE0422237E
:040C2C00FD44270359
:040C2D000007079322
:040C2E000027979371
:040C2F0000E787B3A0
:040C3000003797935F
:040C310040E787B35E
:040C3200004797934D
:040C330000E787B39C
:040C3400004797934B
:040C3500FEF4242382
:040C3600FD442783CF
:040C370000079663B9
:040C3800000007931E
:040C39001700006F31
:040C3A00FD344783BB
:040C3B0002079863B1
:040C3C00FDC42503CB
:040C3D008B8FF0EFBA
:040C3E000005079313
:040C3F00FEF422237A
:040C4000FE442783C4
:040C410000078663BF
:040C4200FE442783C2
:040C43001480006FAA
:040C440001C0059353
:040C4500FDC42503C2
:040C46000B1000EFA0
:040C4700FD344783AE
:040C48000007861308
:040C4900000005930F
:040C4A00FDC42503BD
:040C4B00FC4FF0EF7B
:040C4C000005079305
:040C4D00FEF422236C
:040C4E00FE442783B6
:040C4F000A0790639D
:040C50000400006F2D
:040C5100FD84278374
:040C52000007C7834D
:040C53000000069304
:040C54000000061383
:040C5500000785937C
:040C5600FDC42503B1
:040C5700E6CFF0EF05
:040C580000050793F9
:040C5900FEF4222360
:040C5A00FD8427836B
:040C5B000017879364
:040C5C00FCF42C2355
:040C5D00FD442783A8
:040C5E00FFF7879382
:040C5F00FCF42A2354
:040C6000FD44270325
:040C610000100793E5
:040C620000E7F6634E
:040C6300FE442783A1
:040C6400FA078AE31E
:040C6500FE4427839F
:040C6600040792638A
:040C6700FD8427835E
:040C68000007C78337
:040C6900FD2447031C
:040C6A0000070693E6
:040C6B00000006136C
:040C6C000007859365
:040C6D00FDC425039A
:040C6E00E10FF0EFB3
:040C6F0000050793E2
:040C7000FEF4222349
:040C7100FD84278354
:040C7200001787934D
:040C7300FCF42C233E
:040C7400FD44278391
:040C7500FFF787936B
:040C7600FCF42A233D
:040C7700FD2447838E
:040C78000407946376
:040C7900FE4427838B
:040C7A000607846382
:040C7B0003C0006F43
:040C7C00FE842703C8
:040C7D000090079349
:040C7E0000E7E86340
:040C7F00000027B793
:040C80007107851360
:040C8100305010EFF0
:040C8200FE84278342
:040C8300FFF787935D
:040C8400FEF4242333
:040C8500FE8427833F
:040C86000007986368
:040C8700FFE00793F0
:040C8800FEF4222331
:040C89000140006FB7
:040C8A00FDC425037D
:040C8B00BDCFF0EFFA
:040C8C0000050793C5
:040C8D00FA079EE3E1
:040C8E00FE44079386
:040C8F000007859342
:040C9000FDC4250377
:040C910080DFF0EF21
:040C9200FDC4250375
:040C9300810FF0EFEE
:040C9400FE44278370
:040C950000078713BA
:040C9600FEC42683EF
:040C97000701A78327
:040C980000F6C7B3E8
:040C990000000693BE
:040C9A000007846368
:040C9B00575030EF8F
:040C9C000007051335
:040C9D0002C12083ED
:040C9E0002812403A8
:040C9F000301011339
:040CA0000000806769
:040CA100FD0101133D
:040CA20002112623F2
:040CA3000281242383
:040CA4000301041331
:040CA500FCA42E235A
:040CA600FCB42C234B
:040CA700FCC42A233C
:040CA8000006879328
:040CA900FCF409A3AB
:040CAA0000070793A5
:040CAB00FCF4092329
:040CAC00FE042223FD
:040CAD00FD442703D8
:040CAE0000070793A1
:040CAF0000279793F0
:040CB00000E787B31F
:040CB10000379793DE
:040CB20040E787B3DD
:040CB30000479793CC
:040CB40000E787B31B
:040CB50000479793CA
:040CB600FEF4242301
:040CB700FDC42783CE
:040CB80001C7A78346
:040CB900FEF42623FC
:040CBA00FD4427834B
:040CBB000007966335
:040CBC00000007939A
:040CBD001A00006FAA
:040CBE00FDC42783C7
:040CBF000187A703FF
:040CC000000027B752
:040CC100E00787932E
:040CC20000F70663CE
:040CC300FFD00793C4
:040CC4001840006F65
:040CC500FD34478330
:040CC6000207966328
:040CC700FDC4250340
:040CC800E8DFE0EF92
:040CC900FEA4222340
:040CCA00FE4427833A
:040CCB000007866335
:040CCC00FE44278338
:040CCD001600006F9E
:040CCE0001C00593C9
:040CCF00FDC4250338
:040CD000688000EF49
:040CD100FD34478324
:040CD200000786137E
:040CD3000000059385
:040CD400FDC4250333
:040CD500D9CFF0EF94
:040CD600FEA4222333
:040CD700FE4427832D
:040CD80008079C630A
:040CD90003C0006FE5
:040CDA00FD842783EB
:040CDB000007C783C4
:040CDC00000006937B
:040CDD0000000613FA
:040CDE0000078593F3
:040CDF00FDC4250328
:040CE000C48FF0EFDE
:040CE100FEA4222328
:040CE200FD842783E3
:040CE30000178793DC
:040CE400FCF42C23CD
:040CE500FD44278320
:040CE600FFF78793FA
:040CE700FCF42A23CC
:040CE800FD4427039D
:040CE900001007935D
:040CEA0000E7F663C6
:040CEB00FE44278319
:040CEC00FA078CE394
:040CED00FE44278317
:040CEE000407906304
:040CEF00FD842783D6
:040CF0000007C783AF
:040CF100FD24470394
:040CF200000706935E
:040CF30000000613E4
:040CF40000078593DD
:040CF500FDC4250312
:040CF600BF0FF0EF4D
:040CF700FEA4222312
:040CF800FD842783CD
:040CF90000178793C6
:040CFA00FCF42C23B7
:040CFB00FD4427830A
:040CFC00FFF78793E4
:040CFD00FCF42A23B6
:040CFE00FE44278306
:040CFF0004078E63F5
:040D000003C0006FBD
:040D0100FE84270342
:040D020000900793C3
:040D030000E7E863BA
:040D0400000027B70D
:040D050071078513DA
:040D06000F1010EFCB
:040D0700FE842783BC
:040D0800FFF78793D7
:040D0900FEF42423AD
:040D0A00FE842783B9
:040D0B0000079863E2
:040D0C00FFE007936A
:040D0D00FEF42223AB
:040D0E000140006F31
:040D0F00FDC42503F7
:040D10009C8FF0EFD5
:040D1100000507933F
:040D1200FA079EE35B
:040D1300FDC42503F3
:040D1400E0DFE0EF4D
:040D150003C0006FA8
:040D1600FD244783EE
:040D170002078A63E2
:040D180001C005937E
:040D1900FDC42503ED
:040D1A00560000EF90
:040D1B00000005933C
:040D1C00FDC42503EA
:040D1D00001000EFD3
:040D1E00FEC4278365
:040D1F0000100713A6
:040D200000E7A42321
:040D21000010059326
:040D2200FDC42503E4
:040D2300610000EF7C
:040D2400FE442783DF
:040D2500000785132B
:040D260002C1208363
:040D2700028124031E
:040D280003010113AF
:040D290000008067DF
:040D2A00FC010113B4
:040D2B0002112E2360
:040D2C0002812C23F1
:040D2D0004010413A6
:040D2E00FCA42623D8
:040D2F00FCB42423C9
:040D3000FCC42223BA
:040D3100000687939E
:040D3200FCF401A329
:040D3300000707931B
:040D3400FCF40123A7
:040D35000701A70308
:040D3600FEE426238E
:040D3700000007139E
:040D3800FC042C2368
:040D3900FE0422236F
:040D3A00FE0424236C
:040D3B00FC442783CA
:040D3C0000079663B3
:040D3D000000079318
:040D3E001EC0006F64
:040D3F00FC344783B6
:040D400002079863AB
:040D4100FCC42503C6
:040D4200CA5FE0EFB5
:040D4300000507930D
:040D4400FCF42C236C
:040D4500FD8427837F
:040D460000078663B9
:040D4700FD8427837D
:040D48001C40006FDC
:040D490001C005934D
:040D4A00FCC42503BD
:040D4B0049C000EFAC
:040D4C00FC344783A9
:040D4D000007861302
:040D4E0000100593F9
:040D4F00FCC42503B8
:040D5000BB0FF0EFF6
:040D510000050793FF
:040D5200FCF42C235E
:040D5300FD84278371
:040D54000E07906393
:040D550006C0006F65
:040D56000000069300
:040D5700000006137F
:040D580000000593FF
:040D5900FCC42503AE
:040D5A00A60FF0EF01
:040D5B0000050793F5
:040D5C00FCF42C2354
:040D5D00FE84278366
:040D5E000017879360
:040D5F00FEF4242357
:040D6000FD84278364
:040D610002079E6384
:040D6200FDC4079332
:040D6300000786936C
:040D64000000061372
:040D6500FC84258362
:040D6600FCC42503A1
:040D67008B8FF0EF8F
:040D6800FDC427831C
:040D6900FC842703DC
:040D6A0000F707B3D4
:040D6B00FCF424234D
:040D6C00FDC4278318
:040D6D00FE44270316
:040D6E0000F707B3D0
:040D6F00FEF4222349
:040D7000FC44278395
:040D7100FFF787936E
:040D7200FE842703D1
:040D730000F77663AC
:040D7400FD84278350
:040D7500F80782E316
:040D7600FD8427834E
:040D770004079A6370
:040D7800FC2447838D
:040D79000007869356
:040D7A00000006135C
:040D7B0000000593DC
:040D7C00FCC425038B
:040D7D009D4FF0EFA7
:040D7E0000050793D2
:040D7F00FCF42C2331
:040D80000300006FFD
:040D8100FC84258346
:040D8200FCC4250385
:040D8300900FF0EFEE
:040D840000050793CC
:040D8500FCF42C232B
:040D8600FC8427833F
:040D87000017879337
:040D8800FCF4242330
:040D8900FE4427837A
:040D8A000017879334
:040D8B00FEF422232D
:040D8C00FE442703F7
:040D8D00FC44278378
:040D8E0000F7766391
:040D8F00FD84278335
:040D9000FC0782E3F7
:040D9100FC24478374
:040D9200000796635D
:040D9300FD84278331
:040D94000807886361
:040D9500FC442703F0
:040D960000070793B8
:040D97000027979307
:040D980000E787B336
:040D990000379793F5
:040D9A0040E787B3F4
:040D9B0000479793E3
:040D9C0000E787B332
:040D9D0000479793E1
:040D9E00FEF420231C
:040D9F0003C0006F1E
:040DA000FE04270323
:040DA1000090079324
:040DA20000E7E8631B
:040DA300000027B76E
:040DA400710785133B
:040DA500674010EFA4
:040DA600FE0427839D
:040DA700FFF7879338
:040DA800FEF4202312
:040DA900FE0427839A
:040DAA000007986343
:040DAB00FFE00793CB
:040DAC00FCF42C2304
:040DAD000140006F92
:040DAE00FCC4250359
:040DAF00F4DFE0EF9E
:040DB00000050793A0
:040DB100FA079EE3BC
:040DB200FD84079322
:040DB300000785931D
:040DB400FCC4250353
:040DB500B7CFF0EFD5
:040DB600FCC4250351
:040DB700B81FE0EF92
:040DB800FD8427830C
:040DB9000007871395
:040DBA00FEC42683CA
:040DBB000701A78302
:040DBC0000F6C7B3C3
:040DBD000000069399
:040DBE000007846343
:040DBF000E5030EFB3
:040DC0000007051310
:040DC10003C12083C7
:040DC2000381240382
:040DC3000401011313
:040DC4000000806744
:040DC500FD01011318
:040DC60002112623CD
:040DC700028124235E
:040DC800030104130C
:040DC900FCA42E2335
:040DCA00FCB42C2326
:040DCB00FCC42A2317
:040DCC000006879303
:040DCD00FCF409A386
:040DCE000007079380
:040DCF00FCF4092304
:040DD000FE042023DA
:040DD100FDC42783B3
:040DD20001C7A7832B
:040DD300FEF42623E1
:040DD400FE042423D2
:040DD500FD4427832F
:040DD6000007966319
:040DD700000007937E
:040DD8001B00006F8D
:040DD900FDC42783AB
:040DDA000187A703E3
:040DDB00000027B736
:040DDC00E007879312
:040DDD0000F70663B2
:040DDE00FFD00793A8
:040DDF001940006F48
:040DE000FD34478314
:040DE100020796630C
:040DE200FDC4250324
:040DE300A21FE0EF7C
:040DE400FEA4202326
:040DE500FE0427835E
:040DE6000007866319
:040DE700FE0427835C
:040DE8001700006F81
:040DE90001C00593AD
:040DEA00FDC425031C
:040DEB0021C000EF34
:040DEC00FD34478308
:040DED000007861362
:040DEE000010059359
:040DEF00FDC4250317
:040DF000930FF0EF7E
:040DF100FEA4202319
:040DF200FE04278351
:040DF30006079463F8
:040DF4000280006F0A
:040DF5000000069361
:040DF60000000613E0
:040DF7000000059360
:040DF800FDC425030E
:040DF900FE5FE0EFCA
:040DFA00FEA4202310
:040DFB00FE842783C8
:040DFC0000178793C2
:040DFD00FEF42423B9
:040DFE00FD44278306
:040DFF00FFF78793E0
:040E0000FE84270342
:040E010000F776631D
:040E0200FE04278340
:040E0300FC0784E381
:040E0400FE0427833E
:040E050002079063ED
:040E0600FD244783FD
:040E070000078693C7
:040E080000000613CD
:040E0900000005934D
:040E0A00FDC42503FB
:040E0B00F9DFE0EF3C
:040E0C00FEA42023FD
:040E0D00FE04278335
:040E0E0008078263EC
:040E0F00FD44270374
:040E1000000707933D
:040E1100002797938C
:040E120000E787B3BB
:040E1300003797937A
:040E140040E787B379
:040E15000047979368
:040E160000E787B3B7
:040E17000047979366
:040E1800FEF422239F
:040E190003C0006FA3
:040E1A00FE44270368
:040E1B0000900793A9
:040E1C0000E7E863A0
:040E1D00000027B7F3
:040E1E0071078513C0
:040E1F0048C010EFC8
:040E2000FE442783E2
:040E2100FFF78793BD
:040E2200FEF4222395
:040E2300FE442783DF
:040E240000079863C8
:040E2500FFE0079350
:040E2600FEF4202393
:040E27000140006F17
:040E2800FDC42503DD
:040E2900D65FE0EFC1
:040E2A000005079325
:040E2B00FA079EE341
:040E2C00FDC42503D9
:040E2D009A9FE0EFB9
:040E2E000540006F0C
:040E2F00FD244783D4
:040E300004078663CA
:040E310001C0059364
:040E3200FDC42503D3
:040E33000FC000EFFD
:040E34000000059322
:040E3500FDC42503D0
:040E36002E8000EF1B
:040E3700FEC427834B
:040E3800002007137C
:040E390000E7A42307
:040E3A00FEC4278348
:040E3B00FD84270308
:040E3C0000E7A02308
:040E3D00FEC4278345
:040E3E00FD44270345
:040E3F0000E7A22303
:040E400000200593F6
:040E4100FDC42503C4
:040E4200194000EF64
:040E4300FE042783FF
:040E4400000785130B
:040E450002C1208343
:040E460002812403FE
:040E4700030101138F
:040E480000008067BF
:040E4900FD01011393
:040E4A0002812623D8
:040E4B000301041388
:040E4C00FCA42E23B1
:040E4D00FCB42C23A2
:040E4E00FDC4278335
:040E4F0000C7A783AE
:040E5000010787937C
:040E51000007A7836C
:040E5200FEF4242363
:040E5300FE842703EF
:040E5400FDC427832F
:040E550000C7A783A8
:040E560000C78793B7
:040E57000007A78366
:040E5800FEF426235B
:040E5900FEC4278329
:040E5A0000F77733F3
:040E5B00FD84278368
:040E5C0000E7A023E8
:040E5D00000000137E
:040E5E0002C12403A6
:040E5F000301011377
:040E600000008067A7
:040E6100FD0101137B
:040E620002812623C0
:040E63000301041370
:040E6400FCA42E2399
:040E6500FCB42C238A
:040E6600FDC427831D
:040E670000C7A78396
:040E68000107879364
:040E69000007A78354
:040E6A00FEF4262349
:040E6B00FEC4270397
:040E6C00FD84278357
:040E6D0000E7A023D7
:040E6E00000000136D
:040E6F0002C1240395
:040E70000301011366
:040E71000000806796
:040E7200FD0101136A
:040E730002812623AF
:040E7400030104135F
:040E7500FCA42E2388
:040E7600FCB42C2379
:040E7700FD8427834C
:040E7800FEF426233B
:040E7900FDC427830A
:040E7A0000C7A78383
:040E7B000107879351
:040E7C00FEC4270386
:040E7D0000E7A023C7
:040E7E00000000135D
:040E7F0002C1240385
:040E80000301011356
:040E81000000806786
:040E8200FD0101135A
:040E8300021126230F
:040E840002812423A0
:040E8500030104134E
:040E8600FCA42E2377
:040E8700FCB42C2368
:040E88000701A703B4
:040E8900FEE426233A
:040E8A00000007134A
:040E8B00FE44079387
:040E8C000007859343
:040E8D00FDC4250378
:040E8E000F4000EF22
:040E8F00FD84278334
:040E9000FFF7C7138E
:040E9100FE44278371
:040E920000F777B33B
:040E9300FEF4222324
:040E9400FE4427836E
:040E950001F7F793D7
:040E9600FEF424231F
:040E9700FDC42783EC
:040E980000C7A78365
:040E990000C7879374
:040E9A00FE842703A8
:040E9B0000E7A023A9
:040E9C00000000133F
:040E9D00FEC4270365
:040E9E000701A7831E
:040E9F0000F747B35E
:040EA0000000071334
:040EA100000784635F
:040EA200558030EF58
:040EA30002C12083E5
:040EA40002812403A0
:040EA5000301011331
:040EA6000000806761
:040EA700FD01011335
:040EA80002112623EA
:040EA900028124237B
:040EAA000301041329
:040EAB00FCA42E2352
:040EAC00FCB42C2343
:040EAD000701A7038F
:040EAE00FEE4262315
:040EAF000000071325
:040EB000FE44079362
:040EB100000785931E
:040EB200FDC4250353
:040EB300060000EF46
:040EB400FE442703CE
:040EB500FD8427830E
:040EB60000F767B327
:040EB700FEF4222300
:040EB800FE4427834A
:040EB90001F7F793B3
:040EBA00FEF42423FB
:040EBB00FDC42783C8
:040EBC0000C7A78341
:040EBD0000C7879350
:040EBE00FE84270384
:040EBF0000E7A02385
:040EC000000000131B
:040EC100FEC4270341
:040EC2000701A783FA
:040EC30000F747B33A
:040EC4000000071310
:040EC500000784633B
:040EC6004C8030EF3D
:040EC70002C12083C1
:040EC800028124037C
:040EC900030101130D
:040ECA00000080673D
:040ECB00FD01011311
:040ECC000281262356
:040ECD000301041306
:040ECE00FCA42E232F
:040ECF00FCB42C2320
:040ED000FDC42783B3
:040ED10000C7A7832C
:040ED20000C787933B
:040ED3000007A783EA
:040ED400FEF42623DF
:040ED500FEC42783AD
:040ED60001F7F71316
:040ED700FD842783EC
:040ED80000E7A0236C
:040ED9000000001302
:040EDA0002C124032A
:040EDB0003010113FB
:040EDC00000080672B
:040EDD00FD010113FF
:040EDE000281262344
:040EDF0003010413F4
:040EE000FCA42E231D
:040EE100FCB42C230E
:040EE200FDC42783A1
:040EE30000C7A7831A
:040EE4000087879369
:040EE5000007A783D8
:040EE600FEF42623CD
:040EE700FEC427839B
:040EE8000047D79355
:040EE9000037F713C4
:040EEA00FD842783D9
:040EEB0000E7A02359
:040EEC0000000013EF
:040EED0002C1240317
:040EEE0003010113E8
:040EEF000000806718
:040EF000FD010113EC
:040EF1000281262331
:040EF20003010413E1
:040EF300FCA42E230A
:040EF400FCB42C23FB
:040EF500FDC427838E
:040EF60000C7A78307
:040EF7000087879356
:040EF8000007A783C5
:040EF900FEF42423BC
:040EFA00FE842783C8
:040EFB00FCF7F713F6
:040EFC00FD842783C7
:040EFD000047979380
:040EFE000307F7935C
:040EFF0000F767B3DE
:040F0000FEF42623B2
:040F0100FDC4278381
:040F020000C7A783FA
:040F03000087879349
:040F0400FEC42703FD
:040F050000E7A0233E
:040F060000000013D4
:040F070002C12403FC
:040F080003010113CD
:040F090000008067FD
:040F0A00FD010113D1
:040F0B000281262316
:040F0C0003010413C6
:040F0D00FCA42E23EF
:040F0E00FCB42C23E0
:040F0F00FDC4278373
:040F100000C7A783EC
:040F1100008787933B
:040F12000007A783AA
:040F1300FEF426239F
:040F1400FEC427836D
:040F15000027D79347
:040F16000037F71396
:040F1700FD842783AB
:040F180000E7A0232B
:040F190000000013C1
:040F1A0002C12403E9
:040F1B0003010113BA
:040F1C0000008067EA
:040F1D00FD010113BE
:040F1E000281262303
:040F1F0003010413B3
:040F2000FCA42E23DC
:040F2100FCB42C23CD
:040F2200FDC4278360
:040F230000C7A783D9
:040F24000087879328
:040F25000007A78397
:040F2600FEF424238E
:040F2700FE8427839A
:040F2800FF37F71385
:040F2900FD84278399
:040F2A000027979372
:040F2B0000C7F79371
:040F2C0000F767B3B0
:040F2D00FEF4262385
:040F2E00FDC4278354
:040F2F0000C7A783CD
:040F3000008787931C
:040F3100FEC42703D0
:040F320000E7A02311
:040F330000000013A7
:040F340002C12403CF
:040F350003010113A0
:040F360000008067D0
:040F3700FD010113A4
:040F38000211262359
:040F390002812423EA
:040F3A000301041398
:040F3B00FCA42E23C1
:040F3C00FCB42C23B2
:040F3D00FCC42A23A3
:040F3E00FDC4278344
:040F3F000007A7837D
:040F4000FEF4262372
:040F4100FEC4278340
:040F42000287871388
:040F4300FDC427833F
:040F44000087A783F8
:040F45000007869388
:040F4600FD4426033D
:040F4700FD8425837D
:040F48000007051386
:040F4900461000EF5F
:040F4A000005079304
:040F4B000007851303
:040F4C0002C120833B
:040F4D0002812403F6
:040F4E000301011387
:040F4F0000008067B7
:040F5000FD0101138B
:040F51000211262340
:040F520002812423D1
:040F5300030104137F
:040F5400FCA42E23A8
:040F5500FCB42C2399
:040F5600FCC42A238A
:040F5700FDC427832B
:040F58000007A78364
:040F5900FEF4262359
:040F5A00FEC4278327
:040F5B00028787136F
:040F5C00FDC4278326
:040F5D000087A783DF
:040F5E00000786936F
:040F5F00FD44260324
:040F6000FD84258364
:040F6100000705136D
:040F620064D000EF68
:040F630000050793EB
:040F640000078513EA
:040F650002C1208322
:040F660002812403DD
:040F6700030101136E
:040F6800000080679E
:040F6900FD01011372
:040F6A000211262327
:040F6B0002812423B8
:040F6C000301041366
:040F6D00FCA42E238F
:040F6E00FDC4278314
:040F6F000007A7834D
:040F7000FEF4262342
:040F7100FEC4278310
:040F72000287871358
:040F7300FDC427830F
:040F74000087A783C8
:040F75000007859359
:040F76000007051358
:040F7700740000EF13
:040F780000050793D6
:040F790000078513D5
:040F7A0002C120830D
:040F7B0002812403C8
:040F7C000301011359
:040F7D000000806789
:040F7E00FF0101135B
:040F7F000011262314
:040F800000812423A5
:040F81000101041353
:040F820081C1A783FF
:040F830000078A6376
:040F840081C1A783FD
:040F8500000780E7FA
:040F860000050793C8
:040F87000080006F77
:040F880004C1879386
:040F890000078513C5
:040F8A0000C12083FF
:040F8B0000812403BA
:040F8C00010101134B
:040F8D000000806779
:040F8E00FD0101134D
:040F8F000211262302
:040F90000281242393
:040F91000301041341
:040F9200FCA42E236A
:040F9300FCB42C235B
:040F9400FCC42A234C
:040F9500FDC42783ED
:040F96000007A78326
:040F9700FEF424231D
:040F980000000793BB
:040F990000079A6350
:040F9A0000000793B9
:040F9B000007966352
:040F9C0000000793B7
:040F9D000007866360
:040F9E0000100793A5
:040F9F000080006F5F
:040FA00000000793B3
:040FA100FEF4262311
:040FA200FDC42783E0
:040FA3000207A4237A
:040FA400FDC42783DE
:040FA5000207A62376
:040FA600FEC42783DB
:040FA7000607966340
:040FA800FDC42783DA
:040FA9000800071322
:040FAA0000E7A22397
:040FAB00FDC42783D7
:040FAC000187A7838F
:040FAD000027F7938F
:040FAE0000078C6349
:040FAF00FDC42783D3
:040FB0000047A783CC
:040FB1004007E713FB
:040FB200FDC42783D0
:040FB30000E7A2238E
:040FB400FDC42783CE
:040FB5000047A783C7
:040FB600FEF413230F
:040FB700FE8427830A
:040FB80000C7879354
:040FB900FE64570378
:040FBA0000E7902399
:040FBB000000071318
:040FBC00FDC42683C7
:040FBD00000047B732
:040FBE00F1C78613DE
:040FBF00FD44258345
:040FC000FD84250384
:040FC100A29FD0EF2C
:040FC2000000001318
:040FC30002C12083C4
:040FC400028124037F
:040FC5000301011310
:040FC6000000806740
:040FC700FC01011315
:040FC80002112E23C1
:040FC90002812C2352
:040FCA000401041307
:040FCB00FCA4262339
:040FCC00FCC42783B7
:040FCD00FEF42223E9
:040FCE00FE44278333
:040FCF000007A783ED
:040FD000FEF42423E4
:040FD100FE842783F0
:040FD200008787937A
:040FD3000007D783B9
:040FD400FCF41F23E7
:040FD500FDE457835D
:040FD600FEF42623DC
:040FD700FEC42783AA
:040FD8000807F7937C
:040FD9000007886322
:040FDA00FEC42583A9
:040FDB00FE442503A8
:040FDC00110000EF11
:040FDD00FEC42783A4
:040FDE004407F7933A
:040FDF00000788631C
:040FE000FEC42583A3
:040FE100FE442503A2
:040FE200260000EFF6
:040FE300FE842783DE
:040FE4000087879368
:040FE5000007D783A7
:040FE600FEF41023E2
:040FE700FE0457832A
:040FE800FEF42623CA
:040FE900FE44278318
:040FEA000187A78351
:040FEB000027F79351
:040FEC000407826311
:040FED00FEC4278394
:040FEE004007F7932E
:040FEF00000788630C
:040FF000FEC4258393
:040FF100FE44250392
:040FF20042C000EF0A
:040FF300FEC427838E
:040FF4000207F79366
:040FF500020780630C
:040FF600FE4427830B
:040FF7000047A78385
:040FF8000207F79362
:040FF9000007886302
:040FFA00FEC4258389
:040FFB00FE44250388
:040FFC004B8000EF37
:040FFD00FE44278304
:040FFE000187A7833D
:040FFF000047F7931D
:0410000002078663FA
:04100100FEC42703FF
:04100200000017B71C
:0410030000F777B3C8
:0410040000078E63F0
:04100500FE442783FB
:041006000287A78333
:0410070000078863F3
:04100800FE442783F8
:041009000287A78330
:04100A00000780E774
:04100B00FEC4278375
:04100C001007F7933F
:04100D0002078263F1
:04100E00FE442783F2
:04100F0002C7A783EA
:0410100000078C63E6
:04101100FE442783EF
:0410120002C7A783E7
:04101300FEC425836F
:04101400FE8425032E
:04101500000780E769
:04101600FE041123A0
:04101700FE842783A9
:041018000087879333
:04101900FE24570357
:04101A0000E7902338
:04101B0000000013BE
:04101C0003C1208369
:04101D000381240324
:04101E0004010113B5
:04101F0000008067E6
:04102000FD010113BA
:0410210002812623FF
:0410220003010413AF
:04102300FCA42E23D8
:04102400FCB42C23C9
:04102500FD8427839C
:041026000037F79305
:0410270012079E63AB
:04102800FDC4278359
:0410290000C7A783D2
:04102A00FDC4278357
:04102B000087A78310
:04102C00FDC4278355
:04102D0000C7A783CE
:04102E00001787938D
:04102F00FDC42703D2
:041030000247570319
:041031000107171389
:041032000107571348
:0410330000E7F7B328
:04103400FEF426237D
:04103500FDC427834C
:041036000087A78305
:04103700FEC42703C9
:0410380000F71E633C
:04103900FDC4278348
:04103A000047A78341
:04103B00F7F7F713B9
:04103C00FDC4278345
:04103D0000E7A22303
:04103E0007C0006F78
:04103F00FDC4278342
:041040000007A7837B
:041041000007D7834A
:04104200FEF4132382
:04104300FE6456836E
:04104400FDC427833D
:0410450001C7A70335
:04104600FDC427833B
:0410470000C7A783B4
:0410480000F707B3F3
:041049000FF6F71394
:04104A0000E7802318
:04104B00FD84278376
:04104C000077F7939F
:04104D0002079E6395
:04104E00FDC4278333
:04104F00FEC42703B1
:0410500000E7A623EC
:04105100FDC4278330
:041052000007A78369
:0410530000878793F8
:041054000007D78337
:04105500FEF414236E
:04105600FE8457833A
:04105700FCF42C2356
:04105800FD84278369
:041059000807F793FA
:04105A00F40794E320
:04105B000080006FA2
:04105C00000000137D
:04105D00FD842703E4
:04105E00000017B7C0
:04105F0080078793EC
:0410600000F777B36B
:041061000207886397
:04106200FD842703DF
:041063000000C7B70B
:0410640000F777B367
:04106500020790638B
:04106600FDC427831B
:041067000047A70394
:04106800000017B7B6
:0410690080078793E2
:04106A0000F76733F1
:04106B00FDC4278316
:04106C0000E7A223D4
:04106D00FDC4278314
:04106E000047A7830D
:04106F00FEF4152353
:04107000FDC4278311
:041071000007A7834A
:0410720000C7879399
:04107300FEA457037D
:0410740000E79023DE
:041075000080006F88
:041076000000001363
:0410770002C124038B
:04107800030101135C
:04107900000080678C
:04107A00FD01011360
:04107B0002812623A5
:04107C000301041355
:04107D00FCA42E237E
:04107E00FCB42C236F
:04107F00FE0404A3C4
:041080001100006FEC
:04108100FDC4278300
:041082000007A78339
:0410830000878793C8
:041084000007D78307
:04108500FEF415233D
:04108600FEA45783EA
:04108700FCF42C2326
:04108800FD84278339
:041089000407F793CE
:04108A001007886360
:04108B00FDC42783F6
:04108C000187A783AE
:04108D000027F793AE
:04108E0000078C6368
:04108F00FD842703B2
:04109000000017B78E
:0410910080078793BA
:0410920000F777B339
:0410930008078C635B
:04109400FDC42783ED
:041095000107A78325
:04109600FDC42783EB
:041097000147A783E3
:04109800FDC42783E9
:041099000267D78390
:04109A00FDC42783E7
:04109B000207A7039E
:04109C00FDC42783E5
:04109D000107A7831D
:04109E0000F707B39D
:04109F000007C783FC
:0410A0000FF7F793BC
:0410A100FEF4162320
:0410A200FDC42783DF
:0410A3000007A78318
:0410A40000478793E7
:0410A500FEC457032B
:0410A60000E79023AC
:0410A700FDC42783DA
:0410A8000107A78312
:0410A9000017879312
:0410AA00FDC4270357
:0410AB00026757037E
:0410AC00010717130E
:0410AD0001075713CD
:0410AE0000E7F7332D
:0410AF00FDC42783D2
:0410B00000E7A8238A
:0410B100FDC42783D0
:0410B2000047A783C9
:0410B3000407E71334
:0410B400FDC42783CD
:0410B50000E7A2238B
:0410B600001007938C
:0410B700FEF404A39C
:0410B8000300006FC2
:0410B900FD84270388
:0410BA00000017B764
:0410BB008007879390
:0410BC0000F777B30F
:0410BD00040796632B
:0410BE00FDC42783C3
:0410BF000047A783BC
:0410C000FBF7F71330
:0410C100FDC42783C0
:0410C20000E7A2237E
:0410C3000340006F77
:0410C400FDC42783BD
:0410C5000107A70375
:0410C600FDC42783BB
:0410C7000147A783B3
:0410C80002F70263C6
:0410C900FDC42783B8
:0410CA000047A783B1
:0410CB002007F79370
:0410CC00EC078AE3C0
:0410CD000100006FAF
:0410CE00000000130B
:0410CF000080006F2E
:0410D0000000001309
:0410D100FDC42783B0
:0410D2000047A783A9
:0410D3002007F79368
:0410D40000078E6320
:0410D500FDC42783AC
:0410D6000147A70324
:0410D700FDC42783AA
:0410D80000E7A82362
:0410D9000010079369
:0410DA00FEF404A379
:0410DB00FDC42783A6
:0410DC000107A7035E
:0410DD00FDC42783A4
:0410DE000147A7839C
:0410DF0004F714639B
:0410E000FDC42783A1
:0410E1000187A78359
:0410E2000027F79359
:0410E300020782631B
:0410E400FE9447032C
:0410E500001007935D
:0410E60000F71C6390
:0410E700FDC427839A
:0410E8000047A78393
:0410E9000207E71300
:0410EA00FDC4278397
:0410EB0000E7A22355
:0410EC00FDC4278395
:0410ED000047A7838E
:0410EE00FBF7F71302
:0410EF00FDC4278392
:0410F00000E7A22350
:0410F100FDC4278390
:0410F2000047A78389
:0410F300FEF41723CD
:0410F400FDC427838D
:0410F5000007A783C6
:0410F60000C7879315
:0410F700FEE45703B9
:0410F80000E790235A
:0410F90000000013E0
:0410FA0002C1240308
:0410FB0003010113D9
:0410FC000000806709
:0410FD00FD010113DD
:0410FE000281262322
:0410FF0003010413D2
:04110000FCA42E23FA
:04110100FCB42C23EB
:04110200FD8427033E
:04110300000017B71A
:041104008007879346
:0411050000F777B3C5
:0411060002078263F7
:04110700FDC4278379
:041108000047A703F2
:04110900000017B714
:04110A00840787933C
:04110B0000F767334F
:04110C00FDC4278374
:04110D0000E7A22332
:04110E000400006F6A
:04110F00FDC4278371
:041110000107A70329
:04111100FDC427836F
:041112000147A78367
:0411130002F7166366
:04111400FD842783AC
:041115000207F79343
:0411160002078063E9
:04111700FDC4278369
:041118000047A703E2
:04111900FFFFF7B726
:04111A007FF7879341
:04111B0000F777332F
:04111C00FDC4278364
:04111D0000E7A22322
:04111E00FDC4278362
:04111F000047A7835B
:04112000FEF417239F
:04112100FDC427835F
:041122000007A78398
:0411230000C78793E7
:04112400FEE457038B
:0411250000E790232C
:0411260000000013B2
:0411270002C12403DA
:0411280003010113AB
:0411290000008067DB
:04112A00FD010113AF
:04112B0002812623F4
:04112C0003010413A4
:04112D00FCA42E23CD
:04112E00FCB42C23BE
:04112F00FDC4278351
:041130000047A7834A
:04113100FDF7F713BC
:04113200FDC427834E
:0411330000E7A2230C
:04113400FDC427834C
:041135000047A703C5
:04113600FFFFF7B709
:041137007FF7879324
:0411380000F7773312
:04113900FDC4278347
:04113A0000E7A22305
:04113B00FDC4278345
:04113C000047A7833E
:04113D00FEF4172382
:04113E00FDC4278342
:04113F000007A7837B
:0411400000C78793CA
:04114100FEE457036E
:0411420000E790230F
:041143000000001395
:0411440002C12403BD
:04114500030101138E
:0411460000008067BE
:04114700FE01011391
:0411480000112E2341
:0411490000812C23D2
:04114A000201041387
:04114B00FEA42623B5
:04114C00FEB42423A6
:04114D0002C0006F6D
:04114E00FE842703F1
:04114F00000047B79E
:0411500000F777B37A
:0411510000078E63A2
:041152008B1FF0EF10
:041153000005071379
:0411540000B007934D
:0411550000F720235C
:04115600FF500793AC
:0411570001C0006F64
:04115800FEC4278327
:041159000107A703E0
:04115A00FEC4278325
:04115B000147A7831E
:04115C00FCF714E3A5
:04115D0000000793F4
:04115E0000078513EE
:04115F0001C1208327
:0411600001812403E2
:041161000201011373
:0411620000008067A2
:04116300FD01011376
:0411640002812623BB
:04116500030104136B
:04116600FCA42E2394
:04116700FDC4278319
:041168000207C46353
:04116900FDC4270397
:04116A0000070793E0
:04116B00001797933F
:04116C0000E787B35E
:04116D00002797932D
:04116E000000C7377F
:04116F0047C7071354
:0411700000E787B35A
:041171000080006F8B
:0411720000000793DF
:04117300FEF426233D
:04117400FEC427830B
:0411750000078513D7
:0411760002C124038B
:04117700030101135C
:04117800000080678C
:04117900FD01011360
:04117A000211262315
:04117B0002812423A6
:04117C000301041354
:04117D00FCA42E237D
:04117E00FCB42C236E
:04117F0000060793CC
:04118000FCF40BA3CD
:04118100FE0401A3C4
:04118200FDC4250380
:04118300F81FF0EF72
:04118400FEA424237E
:04118500FE0426231B
:04118600FE84278339
:041187000007966364
:04118800FFF00793DA
:041189000C00006FE7
:04118A00FE84278335
:04118B000087A783AF
:04118C000037F7939E
:04118D0000079E6356
:04118E00FC0FF0EF73
:04118F00000507133D
:0411900000D00793F1
:0411910000F7202320
:04119200FF30079390
:041193000980006F60
:04119400FE8427832B
:041195000007A78325
:04119600FEF426231A
:04119700FEC42783E8
:041198000407A7831E
:041199000047F79381
:04119A000007866361
:04119B00FD84278325
:04119C00000798634D
:04119D00FFF00793C5
:04119E00FEF401A3B7
:04119F000640006F97
:0411A000FEC42783DF
:0411A100FD8427039F
:0411A20004E7A82393
:0411A300FD7447830D
:0411A400FEF4122320
:0411A500FEC42783DA
:0411A6000287A78392
:0411A70001478793E2
:0411A800FE445703A7
:0411A90000E79023A8
:0411AA00FEC42783D5
:0411AB0002C7A703CD
:0411AC00000017B771
:0411AD0000F76733AD
:0411AE00FEC42783D1
:0411AF0002E7A6238A
:0411B000FEC42783CF
:0411B10002C7A78347
:0411B200FEF4132311
:0411B300FEC42783CC
:0411B4000287A78384
:0411B50000C7879355
:0411B600FE64570379
:0411B70000E790239A
:0411B800FE34078377
:0411B9000007851393
:0411BA0002C12083CB
:0411BB000281240386
:0411BC000301011317
:0411BD000000806747
:0411BE00FD0101131B
:0411BF0002112623D0
:0411C0000281242361
:0411C100030104130F
:0411C200FCA42E2338
:0411C300FCB42C2329
:0411C400FE0402A380
:0411C500FDC425033D
:0411C600E75FF0EF00
:0411C700FEA424233B
:0411C800FE042623D8
:0411C900FE842783F6
:0411CA000007966321
:0411CB00FFF0079397
:0411CC000800006FA8
:0411CD00FE842783F2
:0411CE000087A7836C
:0411CF000037F7935B
:0411D000000796631B
:0411D100FF30079351
:0411D2000680006F24
:0411D300FE842783EC
:0411D4000007A783E6
:0411D500FEF42623DB
:0411D600FD842783EA
:0411D7000007986312
:0411D800FFF007938A
:0411D900FEF402A37B
:0411DA000440006F5E
:0411DB00FEC42783A4
:0411DC00FD84270364
:0411DD0004E7AA2356
:0411DE00FEC42783A1
:0411DF0002C7A78319
:0411E0001007E713FA
:0411E100FEC427839E
:0411E20002E7A62357
:0411E300FEC427839C
:0411E40002C7A78314
:0411E500FEF41323DE
:0411E600FEC4278399
:0411E7000287A78351
:0411E80000C7879322
:0411E900FE64570346
:0411EA0000E7902367
:0411EB00FE54078324
:0411EC000007851360
:0411ED0002C1208398
:0411EE000281240353
:0411EF0003010113E4
:0411F0000000806714
:0411F100FD010113E8
:0411F200021126239D
:0411F300028124232E
:0411F40003010413DC
:0411F500FCA42E2305
:0411F60000058793D6
:0411F700FCF40DA354
:0411F800FE0402A34C
:0411F900FDC4250309
:0411FA00DA5FF0EFD9
:0411FB00FEA4242307
:0411FC00FE042623A4
:0411FD00FE842783C2
:0411FE0000079663ED
:0411FF00FFF0079363
:041200000B00006F70
:04120100FE842783BD
:041202000087A78337
:041203000037F79326
:0412040000079663E6
:04120500FF3007931C
:041206000980006FEC
:04120700FE842783B7
:041208000007A783B1
:04120900FEF42623A6
:04120A00FDB44703E5
:04120B000010079335
:04120C0002F716636C
:04120D00FEC4278371
:04120E0002C7A783E9
:04120F002007E713BA
:04121000FEC427836E
:0412110002E7A62327
:04121200FEC427836C
:0412130003C7A70363
:04121400FEC427836A
:0412150002E7AC231D
:0412160002C0006FA3
:04121700FDB4478358
:0412180000079E63CA
:04121900FEC4278365
:04121A0002C7A783DD
:04121B00DFF7F713EF
:04121C00FEC4278362
:04121D0002E7A6231B
:04121E0000C0006F9D
:04121F00FFF0079342
:04122000FEF402A333
:04122100FE540783ED
:0412220002079263CA
:04122300FEC427835B
:0412240002C7A783D3
:04122500FEF413239D
:04122600FEC4278358
:041227000287A78310
:0412280000C78793E1
:04122900FE64570305
:04122A0000E7902326
:04122B00FE540783E3
:04122C00000785131F
:04122D0002C1208357
:04122E000281240312
:04122F0003010113A3
:0412300000008067D3
:04123100FF010113A5
:04123200001126235E
:0412330000812423EF
:04123400010104139D
:0412350081C1A78349
:0412360000078A63C0
:0412370081C1A78347
:04123800000780E744
:041239000005079312
:04123A000080006FC1
:04123B0004C18793D0
:04123C00000785130F
:04123D0000C1208349
:04123E000081240304
:04123F000101011395
:0412400000008067C3
:04124100FD01011397
:0412420002812623DC
:04124300030104138C
:04124400FCA42E23B5
:04124500008007938B
:041246003007B7F3C3
:04124700FEF4262368
:04124800FEC4278336
:04124900FEF422236A
:04124A00FDC4278335
:04124B000047A7832E
:04124C000807E71395
:04124D00FDC4278332
:04124E0000E7A223F0
:04124F00FDC4278330
:041250000047A78329
:04125100FEF4112373
:04125200FDC427832D
:041253000007A78366
:0412540000C78793B5
:04125500FE24570319
:0412560000E79023FA
:04125700FE442783A7
:04125800FEF4242359
:04125900FE84278365
:04125A000087F7937F
:04125B003007A07345
:04125C00000000137B
:04125D00000000137A
:04125E0002C12403A2
:04125F000301011373
:0412600000008067A3
:04126100FD01011377
:04126200021126232C
:0412630002812423BD
:04126400030104136B
:04126500FCA42E2394
:04126600FCB42C2385
:04126700FCC42A2376
:04126800FCD4282367
:04126900FE0403A3D9
:04126A00FE04242337
:04126B00FD44278394
:04126C000EF05A63C3
:04126D00FD04270352
:04126E00000047B77E
:04126F0000F777B35A
:04127000FEF426233F
:041271000640006FC4
:04127200FE8427834C
:041273000017879346
:04127400FEF424233D
:04127500FDC427830A
:0412760001C7A70302
:04127700FDC4278308
:041278000087A783C1
:0412790000F7073340
:04127A00FD84278345
:04127B00001786933F
:04127C00FCD42C234F
:04127D00000747031C
:04127E000FF77713DC
:04127F0000E78023E1
:04128000FDC42783FF
:041281000087A783B8
:041282000017879337
:04128300FDC427037C
:0412840002475703C3
:041285000107171333
:0412860001075713F2
:0412870000E7F73352
:04128800FDC42783F7
:0412890000E7A423B3
:04128A00FE842703B4
:04128B00FD44278374
:04128C0000F75C63A8
:04128D00FDC42783F2
:04128E000087A7032B
:04128F00FDC42783F0
:0412900000C7A78369
:04129100F8F712E375
:04129200FE8427832C
:041293000407946355
:04129400FDC42783EB
:041295000087A70324
:04129600FDC42783E9
:0412970000C7A78362
:0412980002F71A63DC
:04129900FEC42783E5
:04129A000207806364
:04129B00E59FF0EFEC
:04129C00000507132F
:04129D0000B0079303
:04129E0000F7202312
:04129F0000100793A1
:0412A000FEF403A3B2
:0412A1000200006FD8
:0412A200FDC425035F
:0412A300E79FF0EFE2
:0412A4000000001333
:0412A500FE84278319
:0412A6000007966344
:0412A700FD44278358
:0412A800F80794E3CC
:0412A900FDC4250358
:0412AA00E5DFF0EF9D
:0412AB00FE74478303
:0412AC00000786634E
:0412AD00FF50079354
:0412AE000080006F4D
:0412AF00FE8427830F
:0412B000000785139B
:0412B10002C12083D3
:0412B200028124038E
:0412B300030101131F
:0412B400000080674F
:0412B500FF01011321
:0412B60000112623DA
:0412B700008124236B
:0412B8000101041319
:0412B90081C1A783C5
:0412BA0000078A633C
:0412BB0081C1A783C3
:0412BC00000780E7C0
:0412BD00000507938E
:0412BE000080006F3D
:0412BF0004C187934C
:0412C000000785138B
:0412C10000C12083C5
:0412C2000081240380
:0412C3000101011311
:0412C400000080673F
:0412C500FD01011313
:0412C6000281262358
:0412C7000301041308
:0412C800FCA42E2331
:0412C9000080079307
:0412CA003007B7F33F
:0412CB00FEF42423E6
:0412CC00FE842783F2
:0412CD00FEF42223E6
:0412CE00FDC42783B1
:0412CF000047A783AA
:0412D0000407E71315
:0412D100FDC42783AE
:0412D20000E7A2236C
:0412D300FDC42783AC
:0412D4000187A78364
:0412D5000027F79364
:0412D60002078A631E
:0412D700FDC42783A8
:0412D8000047A70321
:0412D900000017B743
:0412DA00C00787932F
:0412DB0000F767337E
:0412DC00FDC42783A3
:0412DD0000E7A22361
:0412DE00FDC42783A1
:0412DF000047A7839A
:0412E000FDF7F7130C
:0412E100FDC427839E
:0412E20000E7A2235C
:0412E300FDC427839C
:0412E4000047A78395
:0412E500FEF41123DF
:0412E600FDC4278399
:0412E7000007A783D2
:0412E80000C7879321
:0412E900FE24570385
:0412EA0000E7902366
:0412EB00FE44278313
:0412EC00FEF42623C3
:0412ED00FEC4278391
:0412EE000087F793EB
:0412EF003007A073B1
:0412F00000000013E7
:0412F10000000013E6
:0412F20002C124030E
:0412F30003010113DF
:0412F400000080670F
:0412F500FD010113E3
:0412F6000211262398
:0412F7000281242329
:0412F80003010413D7
:0412F900FCA42E2300
:0412FA00FCB42C23F1
:0412FB00FCC42A23E2
:0412FC00FCD42823D3
:0412FD00FD44278302
:0412FE00FEF42223B5
:0412FF00FE0401A345
:04130000FD042703BE
:04130100000047B7EA
:0413020000F777B3C6
:04130300FEF42423AD
:041304000B80006FEB
:04130500FDC4278379
:041306000147A78371
:0413070000178793B1
:04130800FDC42703F6
:04130900026757031D
:04130A0001071713AD
:04130B00010757136C
:04130C0000E7F7B34C
:04130D00FEF42623A1
:04130E00FDC4278370
:04130F000107A783A8
:04131000FEC42703ED
:0413110004F7126368
:04131200FE842783AB
:0413130002078063EA
:04131400E85FF0EFAF
:0413150000050713B5
:0413160000B0079389
:0413170000F7202398
:041318000010079327
:04131900FEF401A33A
:04131A000680006FDA
:04131B00FDC42503E5
:04131C00EA5FF0EFA5
:04131D0000000013B9
:04131E00FDC4278360
:04131F000107A78398
:04132000FEC42703DD
:04132100FEF708E3E8
:04132200FE442783DB
:04132300FFF78793B6
:04132400FEF422238E
:04132500FD84278399
:041326000017871312
:04132700FCE42C2393
:04132800FDC42703D6
:04132900020726830E
:04132A00FDC42703D4
:04132B00014727034C
:04132C0000E687331D
:04132D000007C7836B
:04132E0000F70023A1
:04132F00FDC427834F
:04133000FEC42703CD
:0413310000E7AA2304
:04133200FE442783CB
:04133300F40794E344
:04133400FDC42503CC
:04133500E41FF0EFD2
:04133600FE344783B7
:0413370000078663C2
:04133800FF500793C8
:041339000100006F40
:04133A00FD44270344
:04133B00FE442783C2
:04133C0040F707B3BC
:04133D00000785130D
:04133E0002C1208345
:04133F000281240300
:041340000301011391
:0413410000008067C1
:04134200FD01011395
:04134300021126234A
:0413440002812423DB
:041345000301041389
:04134600FCA42E23B2
:0413470027D000EFBC
:04134800FDC42703B6
:0413490000070793FF
:04134A00004797932E
:04134B0040E787B33D
:04134C00003797933C
:04134D00FEF4242363
:04134E00FE04262350
:04134F000000001387
:04135000295000EF31
:041351000005071379
:041352000005879378
:04135300FEC426832B
:0413540000078613F5
:04135500FED666E377
:04135600FEC4268328
:0413570000078613F2
:0413580000C69863D0
:04135900FE84268365
:04135A0000070793EE
:04135B00FCD7EAE3EE
:04135C0000000793F3
:04135D0000078513ED
:04135E0002C1208325
:04135F0002812403E0
:041360000301011371
:0413610000008067A1
:04136200FF01011373
:0413630000812623BC
:04136400010104136C
:041365000000001371
:0413660000C124039B
:04136700010101136C
:04136800000080679A
:04136900FE0101136D
:04136A0000812E23AD
:04136B000201041364
:04136C00FEA4262392
:04136D00FEB4242383
:04136E00FEC4222374
:04136F00FE4427838E
:0413700000078513DA
:0413710001C124038F
:041372000201011360
:04137300000080678F
:04137400FE01011362
:0413750000112E2312
:0413760000812C23A3
:041377000201041358
:04137800FEA4262386
:0413790081018593D6
:04137A00FEC4250385
:04137B0005C000EFBA
:04137C0000050793CE
:04137D0000078513CD
:04137E0001C1208306
:04137F0001812403C1
:041380000201011352
:041381000000806781
:04138200FF01011353
:04138300001126230C
:04138400008124239D
:04138500010104134B
:0413860081C1A783F7
:0413870000078A636E
:0413880081C1A783F5
:04138900000780E7F2
:04138A0000050793C0
:04138B000080006F6F
:04138C0004C187937E
:04138D0000078513BD
:04138E0000C12083F7
:04138F0000812403B2
:041390000101011343
:041391000000806771
:04139200FD01011345
:0413930002112623FA
:04139400028124238B
:041395000301041339
:04139600FCA42E2362
:04139700FCB42C2353
:04139800FDC42783E6
:04139900000788635E
:04139A00FDC42783E4
:04139B000087A7839D
:04139C0000079E6345
:04139D00F95FF0EF15
:04139E00000507132C
:04139F00016007934F
:0413A00000F720230F
:0413A100FEA0079310
:0413A2000540006F93
:0413A300FDC42783DB
:0413A400FD8427039A
:0413A500FEE424231B
:0413A600FEF4262308
:0413A700FEC42783D6
:0413A800FE84270395
:0413A90000E7A22394
:0413AA00FE84278313
:0413AB000007A7038D
:0413AC00FEC42783D1
:0413AD0000E7A02392
:0413AE00FE8427830F
:0413AF000007A78309
:0413B000FEC427034D
:0413B10000E7A2238C
:0413B200FE8427830B
:0413B300FEC427034A
:0413B40000E7A0238B
:0413B5000000001321
:0413B6000000079399
:0413B7000007851393
:0413B80002C12083CB
:0413B9000281240386
:0413BA000301011317
:0413BB000000806747
:0413BC00FE0101131A
:0413BD0000112E23CA
:0413BE0000812C235B
:0413BF000201041310
:0413C0000000B7B7BB
:0413C100EFC7879358
:0413C200FEF42623EC
:0413C30001C0006FF6
:0413C400FEC42783B9
:0413C5000007A783F3
:0413C600000780E7B5
:0413C700FEC42783B6
:0413C80000478793C0
:0413C900FEF42623E5
:0413CA00FEC4270333
:0413CB000000B7B7B0
:0413CC00F0478793CC
:0413CD00FCF76EE3D8
:0413CE000000001308
:0413CF000000001307
:0413D00001C12083B4
:0413D100018124036F
:0413D2000201011300
:0413D300000080672F
:0413D400FE01011302
:0413D50000112E23B2
:0413D60000812C2343
:0413D70002010413F8
:0413D8000000B7B7A3
:0413D900F0078793FF
:0413DA00FEF42623D4
:0413DB0001C0006FDE
:0413DC00FEC42783A1
:0413DD000007A783DB
:0413DE00000780E79D
:0413DF00FEC427839E
:0413E000FFC7879329
:0413E100FEF42623CD
:0413E200FEC427031B
:0413E3000000B7B798
:0413E400F0478793B4
:0413E500FCF77EE3B0
:0413E60000000013F0
:0413E70000000013EF
:0413E80001C120839C
:0413E9000181240357
:0413EA0002010113E8
:0413EB000000806717
:0413EC00FD010113EB
:0413ED000281262330
:0413EE0003010413E0
:0413EF00FCA42E2309
:0413F000FCB42C23FA
:0413F100FE042223B1
:0413F200FE042423AE
:0413F3003E8007939E
:0413F400FEF42623BA
:0413F500FD842783C9
:0413F60000079663F3
:0413F7000000079358
:0413F8000E00006F74
:0413F900FD842783C5
:0413FA000007A783BE
:0413FB00FEF42223B7
:0413FC000C00006F72
:0413FD00FE042423A3
:0413FE000380006FF9
:0413FF00FE442783FE
:041400000087A703B7
:04140100FE842783BB
:0414020000F707B335
:041403000007C70314
:04140400FE842783B8
:04140500FDC4268379
:0414060000F687B3B2
:041407000007C78390
:0414080004F716636C
:04140900FE842783B3
:04140A0000178793AD
:04140B00FEF42423A4
:04140C00FE842783B0
:04140D00FDC42703F0
:04140E0000F707B329
:04140F000007C78388
:0414100002078863E4
:04141100FE442783EB
:041412000087A703A5
:04141300FE842783A9
:0414140000F707B323
:041415000007C78382
:0414160000078C63DC
:04141700FE84270325
:04141800FEC4278364
:04141900F8F74CE3B1
:04141A000080006FDF
:04141B0000000013BA
:04141C00FE842783A0
:04141D00FDC42703E0
:04141E0000F707B319
:04141F000007C78378
:0414200002079263CA
:04142100FE442783DB
:041422000087A70395
:04142300FE84278399
:0414240000F707B313
:041425000007C78372
:0414260000079663C2
:04142700FE442783D5
:041428000200006F4F
:04142900FE442783D3
:04142A000007A7838D
:04142B00FEF4222386
:04142C00FE44270350
:04142D00FD84278390
:04142E00F2F71EE3D0
:04142F00000007931F
:041430000007851319
:0414310002C12403CD
:04143200030101139E
:0414330000008067CE
:04143400FF010113A0
:0414350000812623E9
:041436000101041399
:04143700000000139E
:0414380000C12403C8
:041439000101011399
:04143A0000008067C7
:04143B00FD0101139B
:04143C000211262350
:04143D0002812423E1
:04143E00030104138F
:04143F00FCA42E23B8
:04144000FCB42C23A9
:04144100FCC42A239A
:04144200FCD428238B
:04144300FD0426037B
:04144400FD442583BB
:04144500FD842503FA
:04144600681010EF2B
:04144700FEA42623B6
:04144800FEC4278334
:041449000807C86365
:04144A000000C7B720
:04144B0047C7869376
:04144C00FEC42703B0
:04144D0000070793FA
:04144E000017979359
:04144F0000E787B378
:041450000027979347
:0414510000F687B367
:041452000007A703E5
:04145300FDC427832A
:0414540000E7A023EA
:041455000000C7B715
:0414560047C786936B
:04145700FEC42703A5
:0414580000070793EF
:04145900001797934E
:04145A0000E787B36D
:04145B00002797933C
:04145C0000F687B35C
:04145D000047A7039A
:04145E00FDC427831F
:04145F0000E7A223DD
:041460000000C7B70A
:0414610047C7869360
:04146200FEC427039A
:0414630000070793E4
:041464000017979343
:0414650000E787B362
:041466000027979331
:0414670000F687B351
:041468000087A7034F
:04146900FDC4278314
:04146A0000E7A423D0
:04146B00FEC4250393
:04146C0036C000EF97
:04146D000000001368
:04146E0002C1208314
:04146F0002812403CF
:041470000301011360
:041471000000806790
:04147200FE01011363
:0414730000112E2313
:0414740000812C23A4
:041475000201041359
:04147600FEA4262387
:04147700FEB4242378
:04147800FEC4222369
:041479001FF00693C7
:04147A000010061345
:04147B00FEC4258303
:04147C000000C7B7EE
:04147D004887851304
:04147E00EF5FF0EF3D
:04147F001FF00693C1
:04148000000006134F
:04148100FE8425833D
:041482000000C7B7E8
:0414830047C78513BF
:04148400EDDFF0EFB9
:041485001FF00693BB
:041486000010061339
:04148700FE44258377
:041488000000C7B7E2
:041489004947851337
:04148A00EC5FF0EF34
:04148B008281A78330
:04148C000047A783EB
:04148D000107A78329
:04148E00020790635E
:04148F008281A7832C
:041490000047A783E7
:0414910000000693BE
:04149200002006131D
:0414930000000593BD
:0414940000078513B5
:041495004B8010EF89
:041496008281A78325
:041497000087A783A0
:041498000107A7831E
:041499000207906353
:04149A008281A78321
:04149B000087A7839C
:04149C0000000693B3
:04149D000020061312
:04149E0000000593B2
:04149F0000078513AA
:0414A00048C010EF41
:0414A1008281A7831A
:0414A20000C7A78355
:0414A3000107A78313
:0414A4000207906348
:0414A5008281A78316
:0414A60000C7A78351
:0414A70000000693A8
:0414A8000020061307
:0414A90000000593A7
:0414AA00000785139F
:0414AB00460010EFF8
:0414AC000000001329
:0414AD0001C12083D6
:0414AE000181240391
:0414AF000201011322
:0414B0000000806751
:0414B100F901011329
:0414B20004112623D8
:0414B3000481242369
:0414B4000501041317
:0414B500FAA42E2344
:0414B60000B4222339
:0414B70000C4242326
:0414B80000D4262313
:0414B90000E4282300
:0414BA0000F42A23ED
:0414BB0001042C23D9
:0414BC0001142E23C6
:0414BD000701A70379
:0414BE00FEE42623FF
:0414BF00000007130F
:0414C0000204079388
:0414C100FAF42C23EA
:0414C200FB842783FD
:0414C300FE478793C6
:0414C400FCF42823E9
:0414C500FBC42783BA
:0414C600FCF42A23E5
:0414C7001B00006F97
:0414C800FCF44703E6
:0414C9000250079333
:0414CA0000F70A63BA
:0414CB00FCF4478363
:0414CC00000785137D
:0414CD00915FC0EF7C
:0414CE001940006F52
:0414CF00FD4427832E
:0414D0000017871367
:0414D100FCE42A23EA
:0414D2000007C783C5
:0414D300FCF407A37B
:0414D400FCF447835A
:0414D50018078C6305
:0414D600FCF44703D8
:0414D7000250079325
:0414D80000F71A639C
:0414D900FCF4478355
:0414DA00000785136F
:0414DB008DDFC0EFF2
:0414DC0015C0006FC8
:0414DD00FCF44703D1
:0414DE00063007933A
:0414DF0002F712639B
:0414E000FD0427835D
:0414E1000047871326
:0414E200FCE42823DB
:0414E3000007A783D4
:0414E400FEF42423CB
:0414E500FE84250359
:0414E6008B1FC0EFA9
:0414E7001300006F7F
:0414E800FCF44703C6
:0414E90007800793DE
:0414EA000CF71E637A
:0414EB00FD04278352
:0414EC00004787131B
:0414ED00FCE42823D0
:0414EE000007A783C9
:0414EF00FEF42023C4
:0414F000FE0427834C
:0414F10000079863F5
:0414F20003000513DB
:0414F30087DFC0EFE0
:0414F4000FC0006FB6
:0414F50001C0079398
:0414F600FCF42C23B3
:0414F7000100006F81
:0414F800FD842783C5
:0414F900FFC787930F
:0414FA00FCF42C23AF
:0414FB00FD842783C2
:0414FC0000F00713E2
:0414FD0000F717B32A
:0414FE000007871349
:0414FF00FE0427833D
:0415000000F777B3C6
:04150100FC078EE372
:041502000700006F6F
:04150300FD842783B9
:0415040000F00713D9
:0415050000F717B321
:041506000007871340
:04150700FE04278334
:0415080000F777333E
:04150900FD842783B3
:04150A0000F757B3DC
:04150B00FEF42223A5
:04150C00FE4427036F
:04150D0000900793B0
:04150E0000E7EC63A3
:04150F00FE442783EC
:041510000FF7F79347
:0415110003078793B2
:04151200FCF407A33B
:041513000140006F24
:04151400FE442783E7
:041515000FF7F79342
:04151600057787933B
:04151700FCF407A336
:04151800FCF4478315
:04151900000785132F
:04151A00FE0FC0EF11
:04151B00FD842783A1
:04151C00FFC78793EB
:04151D00FCF42C238B
:04151E00FD8427839E
:04151F00F807D8E30E
:0415200004C0006F94
:04152100FCF447038C
:0415220007300793F4
:0415230004F7106356
:04152400FD04278318
:0415250000478713E1
:04152600FCE4282396
:041527000007A7838F
:04152800FCF42E237E
:0415290001C0006F8E
:04152A00FDC4278352
:04152B00001787130B
:04152C00FCE42E238A
:04152D000007C78369
:04152E00000785131A
:04152F00F8CFC0EF42
:04153000FDC427834C
:041531000007C78365
:04153200FE0790E33D
:04153300FD442783C9
:041534000017871302
:04153500FCE42A2385
:041536000007C78360
:04153700FCF407A316
:04153800FCF44783F5
:04153900E2079EE344
:04153A000080006FBE
:04153B000000001399
:04153C000000001398
:04153D00FEC42703BE
:04153E000701A78377
:04153F0000F747B3B7
:04154000000007138D
:0415410000078463B8
:041542002D9010EFE9
:0415430004C120833C
:0415440004812403F7
:041545000701011386
:0415460000008067BA
:04154700FE0101138D
:0415480000812E23CD
:041549000201041384
:04154A00FEA42623B2
:04154B00FEC42703B0
:04154C0000200793E1
:04154D0004E7D66376
:04154E000000C7B71B
:04154F0047C7869371
:04155000FEC42703AB
:0415510000070793F5
:041552000017979354
:0415530000E787B373
:041554000027979342
:0415550000F687B362
:041556000007A423C3
:041557000000C7B712
:0415580047C7869368
:04155900FEC42703A2
:04155A0000070793EC
:04155B00001797934B
:04155C0000E787B36A
:04155D000027979339
:04155E0000F687B359
:04155F000007A023BE
:041560000000001374
:0415610001C124039D
:04156200020101136E
:04156300000080679D
:04156400FD01011371
:0415650002812623B6
:041566000301041366
:04156700FCA42E238F
:041568000080079365
:041569003007B7F39D
:04156A00FEF4262342
:04156B00FEC4278310
:04156C00FEF4202346
:04156D00FDC427830F
:04156E00FEF4242340
:04156F00FE8427834C
:041570000007A78346
:04157100FE842703CA
:041572000047270304
:0415730000E7A223C8
:04157400FE84278347
:041575000047A78301
:04157600FE842703C5
:04157700000727033F
:0415780000E7A023C5
:04157900FE84278342
:04157A00FE842703C1
:04157B0000E7A223C0
:04157C00FE8427833F
:04157D00FE842703BE
:04157E0000E7A023BF
:04157F000000001355
:04158000FE042783BB
:04158100FEF422232F
:04158200FE44278379
:041583000087F79353
:041584003007A07319
:04158500000000134F
:04158600000000134E
:0415870002C1240376
:041588000301011347
:041589000000806777
:04158A00FE0101134A
:04158B0000112E23FA
:04158C0000812C238B
:04158D0001212A23EB
:04158E0001312823DC
:04158F00020104133E
:0415900082018793BA
:041591000007A78325
:04159200FEF422231E
:041593000381A70326
:0415940003C1A78365
:04159500001005132A
:0415960000000593B9
:0415970000A7063370
:04159800000608132E
:0415990000E83833FB
:04159A0000B786B35D
:04159B0000D807B3BA
:04159C00000786932B
:04159D00000607132A
:04159E000006879329
:04159F0002E1AC2396
:0415A00002F1AE2383
:0415A1000C40006F8B
:0415A200FE44278359
:0415A3000007A78313
:0415A400FEF424230A
:0415A500FE44278356
:0415A6000087A60311
:0415A70000C7A68350
:0415A8000381A70311
:0415A90003C1A78350
:0415AA00000685139F
:0415AB00000785931D
:0415AC0008A5E86343
:0415AD00000685139C
:0415AE00000785931A
:0415AF0000B5186308
:0415B0000006069398
:0415B1000007079395
:0415B20006D7EC6309
:0415B300FE44278348
:0415B4000107A78301
:0415B500FE442703C6
:0415B60001472703BF
:0415B7000007051311
:0415B800000780E7C1
:0415B900FEA4262343
:0415BA00FEC42783C1
:0415BB00000798632A
:0415BC00FE442503C1
:0415BD00E9DFF0EF83
:0415BE000480006F36
:0415BF00FE4427833C
:0415C0000087A703F6
:0415C10000C7A78335
:0415C200FEC42683BA
:0415C3000006891382
:0415C4000000099387
:0415C50001270633C1
:0415C6000006059383
:0415C70000E5B5B3D3
:0415C800013786B3AE
:0415C90000D587B30F
:0415CA0000078693FD
:0415CB0000060713FC
:0415CC0000068793FB
:0415CD00FE4426832F
:0415CE0000E6A4236C
:0415CF0000F6A62359
:0415D000FE842783EB
:0415D100FEF42223DF
:0415D200FE442703A9
:0415D3008201879377
:0415D400F2F71CE32B
:0415D50000000013FF
:0415D60000000013FE
:0415D70001C12083AB
:0415D8000181240366
:0415D90001412903A0
:0415DA00010129835F
:0415DB0002010113F5
:0415DC000000806724
:0415DD00FF010113F6
:0415DE00008126233F
:0415DF0001010413EF
:0415E000FFF007937E
:0415E1003047B0736C
:0415E20000000013F2
:0415E30000C124031C
:0415E40001010113ED
:0415E500000080671B
:0415E600FF010113ED
:0415E70000112623A6
:0415E8000081242337
:0415E90001010413E5
:0415EA000A4000EFC4
:0415EB0000050713DD
:0415EC0000058793DC
:0415ED0004E1A02352
:0415EE0004F1A2233F
:0415EF00000007935E
:0415F0000007851358
:0415F10000C1208392
:0415F200008124034D
:0415F30001010113DE
:0415F400000080670C
:0415F500FF010113DE
:0415F6000011262397
:0415F7000081242328
:0415F80001010413D6
:0415F900068000EF79
:0415FA0000050613CF
:0415FB0000058693CE
:0415FC000401A5033E
:0415FD000441A5837D
:0415FE0040A60733C9
:0415FF0000070813C6
:041600000106383374
:0416010040B687B3B5
:04160200410786B363
:0416030000068793C3
:0416040000070513C3
:0416050000078593C2
:0416060000C120837C
:041607000081240337
:0416080001010113C8
:0416090000008067F6
:04160A00FF010113C8
:04160B000081262311
:04160C0001010413C1
:04160D00072717B7DD
:04160E00E0078793D7
:04160F000007851338
:0416100000C12403EE
:0416110001010113BF
:0416120000008067ED
:04161300FE010113C0
:0416140000812E2300
:0416150002010413B7
:041616000005033791
:041617000043031376
:0416180000032303A5
:04161900FE64242324
:04161A00000503378D
:04161B0000032303A2
:04161C00FE6426231F
:04161D00000503378A
:04161E00004303136F
:04161F00000323039E
:04162000FE842E0313
:04162100FC6E1AE35E
:04162200FE8423031C
:0416230000030813A5
:041624000000089327
:04162500000817930F
:0416260000000713A6
:04162700FEC42803D2
:04162800000806139D
:041629000000069324
:04162A0000C765335D
:04162B0000D7E5B34C
:04162C00000507139B
:04162D00000587939A
:04162E000007051399
:04162F000007859398
:0416300001C12403CD
:04163100020101139E
:0416320000008067CD
:04163300FD010113A1
:0416340002812623E6
:041635000301041396
:04163600FCA42C23C1
:04163700FCB42E23AE
:04163800F14026F364
:04163900FED4262392
:04163A00FEC42603C1
:04163B000000A6B74E
:04163C00001686937B
:04163D0000D606B31A
:04163E000036969349
:04163F00FED424238E
:04164000FE8426837B
:041641000046869346
:04164200FFF006139C
:0416430000C6A0231A
:04164400FD842603F8
:04164500FE84268376
:0416460000C6A02317
:04164700FDC4268335
:041648000006D713AE
:041649000000079303
:04164A00FE84268371
:04164B00004686933C
:04164C0000070793F9
:04164D0000F6A023E0
:04164E000000001385
:04164F0002C12403AD
:04165000030101137E
:0416510000008067AE
:04165200FE01011381
:0416530000812E23C1
:041654000201041378
:04165500F1402373CA
:04165600FE642623E5
:04165700FEC42E039C
:041658000000A337B4
:041659000013031364
:04165A00006E0333E8
:04165B000033131332
:04165C00FE642023E5
:04165D00FE04230361
:04165E00000323035F
:04165F00FE642223E0
:04166000FE0423035E
:04166100004303132C
:04166200000323035B
:04166300FE642423DA
:04166400FE842303DA
:041665000003081363
:0416660000000893E5
:0416670000081793CD
:041668000000071364
:04166900FE44280310
:04166A00000806135B
:04166B0000000693E2
:04166C0000C765331B
:04166D0000D7E5B30A
:04166E000005071359
:04166F000005879358
:041670000007051357
:041671000007859356
:0416720001C124038B
:04167300020101135C
:04167400000080678B
:04167500FC01011360
:0416760002112E230C
:0416770002812C239D
:041678000401041352
:04167900FCA4262384
:04167A00FCB4242375
:04167B00FCC4222366
:04167C00E5DFF0EFC7
:04167D00FEA4242380
:04167E00FEB426236D
:04167F00FE842703BB
:04168000FEC42783FA
:041681000001D53758
:041682004C050513FB
:0416830000000593CB
:0416840000A7063382
:041685000006081340
:0416860000E838330D
:0416870000B786B36F
:0416880000D807B3CC
:04168900000786933D
:04168A00000607133C
:04168B00000687933B
:04168C00000705133B
:04168D00000785933A
:04168E00E95FF0EF31
:04168F00008007933D
:041690003007B7F375
:04169100FEF422231E
:04169200FE44278368
:04169300FCF42E2312
:04169400BD9FF0EF17
:04169500FDC42783E6
:04169600FEF420231B
:04169700FE042783A3
:041698000087F7933D
:041699003007A07303
:04169A000000001339
:04169B000000001338
:04169C0003C12083E3
:04169D00038124039E
:04169E00040101132F
:04169F000000806760
:0416A000FE01011333
:0416A10000112E23E3
:0416A20000812C2374
:0416A3000201041329
:0416A400DBDFF0EFA9
:0416A500FEA4242358
:0416A600FEB4262345
:0416A700FE84270393
:0416A800FEC42783D2
:0416A9000001D53730
:0416AA004C050513D3
:0416AB0000000593A3
:0416AC0000A706335A
:0416AD000006081318
:0416AE0000E83833E5
:0416AF0000B786B347
:0416B00000D807B3A4
:0416B1000007869315
:0416B2000006071314
:0416B3000006879313
:0416B4000007051313
:0416B5000007859312
:0416B600DF5FF0EF13
:0416B700080007938D
:0416B8003047A073A4
:0416B900000000131A
:0416BA000000001319
:0416BB0001C12083C6
:0416BC000181240381
:0416BD000201011312
:0416BE000000806741
:0416BF00000505938A
:0416C000000006938D
:0416C100000006130C
:0416C200000005130C
:0416C3001A90106FFA
:0416C400FF0101130E
:0416C5000000059389
:0416C6000081242358
:0416C70000112623C5
:0416C8000005041302
:0416C900279010EF67
:0416CA000481A7836D
:0416CB00000784632D
:0416CC00000780E7AC
:0416CD0000040513FD
:0416CE00704040EF39
:0416CF00000076178A
:0416D000AC0606134B
:0416D1000000359749
:0416D200D6C5859361
:0416D3000000751787
:0416D400ABC505138A
:0416D5002D50006F25
:0416D6000045258323
:0416D700FF010113FB
:0416D8000081242346
:0416D90000112623B3
:0416DA0000009797DE
:0416DB008F4787931B
:0416DC0000050413EE
:0416DD0000F584632D
:0416DE00539020EF16
:0416DF0000842583DB
:0416E00000009797D8
:0416E1009447879310
:0416E20000F5866326
:0416E30000040513E7
:0416E400521020EF91
:0416E50000C4258395
:0416E60000009797D2
:0416E7009947879305
:0416E80000F58C631A
:0416E90000040513E1
:0416EA000081240354
:0416EB0000C1208397
:0416EC0001010113E4
:0416ED004FD0206F4B
:0416EE0000C1208394
:0416EF00008124034F
:0416F00001010113E0
:0416F100000080670E
:0416F2000645A7837F
:0416F3000017F79352
:0416F40000079863F0
:0416F50000C5D783D2
:0416F6002007F7933F
:0416F70000078663FF
:0416F80000000513D6
:0416F9000000806706
:0416FA000585A503BA
:0416FB00FF010113D7
:0416FC000011262390
:0416FD0037C010EFF3
:0416FE0000C1208384
:0416FF0000000513CF
:0417000001010113CF
:0417010000008067FD
:041702000645A7836E
:041703000017F79341
:0417040000079863DF
:0417050000C5D783C1
:041706002007F7932E
:0417070000078663EE
:0417080000000513C5
:0417090000008067F5
:04170A000585A503A9
:04170B00FF010113C6
:04170C00001126237F
:04170D00354010EF64
:04170E0000C1208373
:04170F0000000513BE
:0417100001010113BF
:0417110000008067ED
:04171200FE010113C0
:041713000000079734
:04171400EF078793C1
:0417150000112E236E
:0417160000812C23FF
:0417170000912A23F0
:041718000000841732
:041719007FC4041372
:04171A00012128235E
:04171B00013126234F
:04171C000141242340
:04171D00008006132F
:04171E00000005932F
:04171F0004F1A4230A
:041720000000951719
:0417210083850513A4
:0417220000400793E9
:0417230000F4262385
:04172400000420237A
:041725000004222377
:041726000004242374
:04172700060422236F
:04172800000428236E
:0417290000042A236B
:04172A0000042C2368
:04172B004FC010EFAC
:04172C0000001A1788
:04172D00CF4A0A1382
:04172E000000199707
:04172F00D5098993BC
:041730000000191785
:04173100DD090913B2
:041732000000149708
:04173300E4048493B3
:041734000000851715
:041735007E450513D5
:041736000344202325
:041737000334222332
:04173800032424233F
:0417390002942623CD
:04173A0000842E23D6
:04173B00274010EF44
:04173C00000107B7EA
:04173D000087879307
:04173E00008006130E
:04173F00000005930E
:0417400000009517F9
:041741008205051305
:0417420006F42A235C
:041743000604242351
:04174400060426234E
:04174500060428234B
:041746000C04262346
:0417470006042C2345
:0417480006042E2342
:04174900080420234D
:04174A00480010EF54
:04174B00000087977C
:04174C00798787937F
:04174D0000008517FC
:04174E007E8505137C
:04174F0008F4222355
:041750000944242301
:04175100093426230E
:04175200092428231B
:0417530008942A23A9
:04175400210010EF71
:04175500000207B7D0
:04175600012787934D
:0417570000800613F5
:0417580000000593F5
:0417590000009517E0
:04175A0082450513AC
:04175B000CF42E2339
:04175C000C0428232E
:04175D000C042A232B
:04175E000C042C2328
:04175F0012042A2323
:041760000E04202330
:041761000E0422232D
:041762000E0424232A
:0417630041C010EF82
:041764000000879763
:0417650079C7879326
:041766000F442823E1
:041767000F342A23EE
:041768000F242C23FB
:041769000E942E2389
:04176A000EF4262330
:04176B0001812403D1
:04176C0001C1208314
:04176D00014124838F
:04176E000101290349
:04176F0000C1298309
:0417700000812A03C7
:0417710000008517D8
:041772007C050513DA
:04177300020101135B
:041774001900106FD9
:04177500FE0101135D
:0417760001312623F4
:0417770000050993CD
:0417780006C185130E
:0417790000112E230A
:04177A0000812C239B
:04177B0000912A238C
:04177C0001212823FC
:04177D0017C010EF92
:04177E000481A783B8
:04177F00100780636C
:0417800000006917E5
:041781007FC9091300
:04178200FFF00493DD
:04178300004927836F
:0417840000892403B1
:04178500FFF7879350
:041786000007D8631D
:041787000900006FE6
:0417880006840413BC
:0417890008978463D6
:04178A0000C417037D
:04178B00FFF787934A
:04178C00FE0718E359
:04178D00FFFF07B79C
:04178E000017879326
:04178F0000F4262319
:0417900005840513B4
:041791000604222305
:04179200118010EFC3
:0417930006C18513F3
:04179400138010EFBF
:0417950000800613B7
:041796000004202308
:041797000004242303
:041798000004222304
:0417990000042823FD
:04179A0000042A23FA
:04179B0000042C23F7
:04179C0000000593B1
:04179D0005C4051367
:04179E00330010EF15
:04179F0002042823F5
:0417A00002042A23F2
:0417A10004042223F7
:0417A20004042423F4
:0417A30001C12083DD
:0417A4000004051325
:0417A5000181240397
:0417A6000141248356
:0417A7000101290310
:0417A80000C12983D0
:0417A9000201011325
:0417AA000000806754
:0417AB00000924030A
:0417AC0000040663CC
:0417AD000004091318
:0417AE00F55FF06F84
:0417AF001AC00593C4
:0417B0000009851394
:0417B10049D010EF1C
:0417B2000005041317
:0417B30002050C63BC
:0417B40000C5051354
:0417B5000040079356
:0417B60000042023E8
:0417B70000F42223F5
:0417B80000A4242342
:0417B9001A000613F9
:0417BA000000059393
:0417BB002BC010EF40
:0417BC00008920235D
:0417BD000004091308
:0417BE00F15FF06F78
:0417BF00D4DFF0EF94
:0417C000F01FF06FB7
:0417C10000092023D8
:0417C20006C18513C4
:0417C30007C010EF5C
:0417C40000C00793C7
:0417C50000F9A02364
:0417C600F75FF06F6A
:0417C700FF0101130A
:0417C8000081242355
:0417C9000005041300
:0417CA0006C18513BC
:0417CB0000112623C0
:0417CC00040010EF16
:0417CD000344278327
:0417CE0000079C6311
:0417CF000000079778
:0417D000C1C7879373
:0417D10002F42A23D1
:0417D2000481A78364
:0417D30000078C631C
:0417D4000081240369
:0417D50000C12083AC
:0417D60006C18513B0
:0417D70001010113F8
:0417D8000280106F0C
:0417D900CE5FF0EF00
:0417DA000081240363
:0417DB0000C12083A6
:0417DC0006C18513AA
:0417DD0001010113F2
:0417DE000100106F87
:0417DF0006C18513A7
:0417E0007F10006F07
:0417E10006C18513A5
:0417E2000000106F84
:0417E300FF010113EE
:0417E40006C18513A2
:0417E50000112623A6
:0417E6007D9000EF03
:0417E70000C120839A
:0417E8000000661780
:0417E90065C60613B8
:0417EA00000005975F
:0417EB00C20585931B
:0417EC0000000513E1
:0417ED0001010113E2
:0417EE006700006F21
:0417EF00FF010113E2
:0417F0000000661778
:0417F10063C60613B2
:0417F2000000059757
:0417F300C405859311
:0417F40000000513D9
:0417F5000011262396
:0417F600650000EF9B
:0417F70000C120838A
:0417F80006C185138E
:0417F90001010113D6
:0417FA007A10006FF2
:0417FB00FD010113D8
:0417FC000291222311
:0417FD00000504934C
:0417FE00000585134A
:0417FF00028124231C
:041800000211262388
:0418010000060413C6
:0418020000B12623E8
:0418030041C010EFE1
:0418040000C1079385
:0418050000F12A23A1
:041806000010079334
:0418070000A12E23EB
:0418080000A12823F0
:0418090000F12C239B
:04180A0000048663ED
:04180B000344A78368
:04180C000C078063E2
:04180D0006442783E3
:04180E0000C41703F8
:04180F000017F69335
:0418100000069663D5
:0418110020077693A3
:0418120008068A63D7
:041813000127169300
:041814000206C063A5
:04181500FFFFE6B734
:04181600FFF68693C0
:041817000000263770
:0418180000C767336B
:0418190000D7F7B34A
:04181A0000E41623AD
:04181B0006F422238A
:04181C0001279713F6
:04181D000807446311
:04181E00000485132A
:04181F00014106136A
:041820000004059328
:04182100090000EFCB
:0418220006442783CE
:041823000005049325
:041824000017F7931F
:0418250000079863BD
:0418260000C4578320
:041827002007F7930C
:0418280000078E63C4
:0418290002C1208355
:04182A000281240310
:04182B00000485131D
:04182C0002412483CE
:04182D00030101139F
:04182E0000008067CF
:04182F000584250304
:041830006C9000EFC9
:0418310002C120834D
:041832000281240308
:041833000004851315
:0418340002412483C6
:041835000301011397
:0418360000008067C7
:0418370005842503FC
:04183800691000EF44
:0418390000C41703CD
:04183A0006442783B6
:04183B00F61FF06F35
:04183C00000485130C
:04183D00E29FF0EF47
:04183E00F3DFF06F75
:04183F00FFF004931F
:04184000F91FF06F2D
:041841000005861305
:041842000005059305
:041843008281A503F6
:04184400EDDFF06F75
:04184500008627836F
:041846002C07846384
:0418470000C59683BF
:04184800FD0101138A
:0418490002812423D1
:04184A0001412C2309
:04184B0001612823EC
:04184C00021126233C
:04184D000086F79387
:04184E0000060B1372
:04184F0000050A1373
:0418500000058413F8
:0418510008078E6393
:041852000105A78362
:0418530008078A6395
:0418540002912223B8
:041855000321202328
:0418560001312E230B
:0418570001512A23EE
:041858000026F793DC
:04185900000B2483D9
:04185A000A07846392
:04185B000244278399
:04185C0001C425831B
:04185D0080000AB746
:04185E0000000993EA
:04185F000000091369
:04186000C00A8A939D
:0418610000098613E1
:04186200000A051360
:04186300040902630F
:0418640000090693DE
:04186500012AF463FD
:04186600000A86935B
:04186700000780E70F
:0418680046A05263E1
:04186900008B278346
:04186A0000A989B395
:04186B0040A9093354
:04186C0040A787B357
:04186D0000FB242335
:04186E001A0786636C
:04186F000244278385
:0418700001C4258307
:0418710000098613D1
:04187200000A051350
:04187300FC0912E377
:041874000004A98340
:041875000044A9037F
:0418760000848493D3
:04187700FA9FF06F75
:0418780000040593D0
:04187900000A051349
:04187A00129000EFD9
:04187B001C051C63C9
:04187C0000C416830B
:04187D00029122238F
:04187E0003212023FF
:04187F0001312E23E2
:0418800001512A23C5
:041881000026F793B3
:04188200000B2483B0
:04188300F60790E3F1
:0418840001712623A5
:041885000181242396
:041886000016F793BE
:041887001C07966341
:0418880000042783AE
:0418890000842703AD
:04188A0080000AB719
:04188B000191222382
:04188C0000000B93BA
:04188D0000000993BB
:04188E00FFFA8A9340
:04188F0000078513B6
:0418900000070C132E
:041891001009826355
:041892002006F61323
:0418930028060863B8
:0418940000070C93AA
:0418950032E9E863E9
:041896004806F713F6
:0418970008070A63D1
:0418980001442603DE
:04189900010425839E
:04189A00001617130A
:04189B0000C7073348
:04189C0040B7893395
:04189D0001F75C13E0
:04189E0000EC0C331B
:04189F000019079392
:0418A000401C5C1379
:0418A100013787B3D1
:0418A200000C06131D
:0418A30000FC76636C
:0418A40000078C139A
:0418A500000786139F
:0418A6004006F6936F
:0418A7003206806322
:0418A800000605939E
:0418A900000A051319
:0418AA000B9010EFA0
:0418AB0000050C9395
:0418AC0034050E638E
:0418AD00010425838A
:0418AE000009061314
:0418AF007C9000EF3A
:0418B00000C4578396
:0418B100B7F7F793FB
:0418B2000807E793A9
:0418B30000F4162304
:0418B400012C85334B
:0418B500412C07B308
:0418B600019428234E
:0418B70001842A235B
:0418B80000A4202345
:0418B90000098C1383
:0418BA0000F42423EF
:0418BB0000098C9301
:0418BC00000C861383
:0418BD00000B859304
:0418BE005A5000EF8D
:0418BF000084270377
:0418C0000004278376
:0418C100000989137E
:0418C2004187073320
:0418C300019787B34F
:0418C40000E42423F5
:0418C50000F42023E8
:0418C6000000099382
:0418C700008B2783E8
:0418C800012B8BB3B2
:0418C900412787B379
:0418CA0000FB2423D8
:0418CB000207866327
:0418CC00000427836A
:0418CD000084270369
:0418CE0000C41683B9
:0418CF000007851376
:0418D00000070C13EE
:0418D100F00992E3A5
:0418D2000004AB83E0
:0418D3000044A983A1
:0418D4000084849375
:0418D500EE9FF06F23
:0418D60000C12B839F
:0418D70000812C035D
:0418D80000412C831C
:0418D90002C12083A5
:0418DA000281240360
:0418DB00024124831F
:0418DC0002012903D9
:0418DD0001C1298399
:0418DE0001412A8317
:0418DF0001812A0356
:0418E00001012B03D4
:0418E10000000513EB
:0418E20003010113EA
:0418E300000080671A
:0418E4000004059364
:0418E500000A0513DD
:0418E6000E1020EFD1
:0418E7000A050E637D
:0418E80000C417839E
:0418E90000C12B838C
:0418EA0000812C034A
:0418EB00024124830F
:0418EC0002012903C9
:0418ED0001C1298389
:0418EE0001412A8307
:0418EF000407E79370
:0418F00000F41623C7
:0418F10002C120838D
:0418F2000281240348
:0418F30001812A0342
:0418F40001012B03C0
:0418F500FFF00513E8
:0418F60003010113D6
:0418F7000000806706
:0418F80000000513D4
:0418F9000000806704
:0418FA0000000A934D
:0418FB0000000513D1
:0418FC0000000C13C9
:0418FD00000009934B
:0418FE0008098263F0
:0418FF0008050A636B
:04190000000A8793BF
:0419010000098B93BB
:041902000137F46352
:0419030000078B93BB
:0419040000042503B3
:04190500010427832F
:04190600008429032D
:0419070001442683EE
:0419080000A7F663DB
:0419090000D90933C5
:04190A0009794463B0
:04190B0016DBC263C2
:04190C0002442783E7
:04190D0001C4258369
:04190E00000C0613B0
:04190F00000A0513B2
:04191000000780E765
:0419110000050913B1
:04191200F4A05CE3FE
:04191300412A8AB328
:0419140000100513A7
:04191500F20A8EE361
:04191600008B278398
:04191700012C0C3360
:04191800412989B325
:04191900412787B328
:04191A0000FB242387
:04191B00F80796E350
:04191C0000C12B8358
:04191D0000812C0316
:04191E00EEDFF06F99
:04191F000044A98354
:0419200000048793A5
:041921000084849327
:04192200FE098AE34D
:041923000007AC030A
:04192400000986131D
:0419250000A0059386
:04192600000C051399
:041927007B4000EF12
:0419280014050C6333
:04192900001505138D
:04192A0041850AB336
:04192B00F55FF06F05
:04192C00000C059313
:04192D000009061394
:04192E003E5000EF38
:04192F000004278306
:041930000004059317
:04193100000A051390
:04193200012787B34F
:0419330000F4202379
:041934007A8020EFA6
:04193500F6050CE3C4
:04193600EC9FF06FC3
:0419370001042683FE
:0419380004F6E4636A
:0419390001442583BD
:04193A0004B9E063A9
:04193B000009891303
:04193C00013AF46315
:04193D00000A891300
:04193E000009051384
:04193F003F1030EF36
:0419400002442783B3
:0419410001C4258335
:0419420040A906B3FF
:04194300000B8613FC
:04194400000A05137D
:04194500000780E730
:04194600000509137C
:0419470004A05A633B
:04194800412989B3F5
:04194900DF9FF06FBD
:04194A000007091376
:04194B0000E9F46358
:04194C0000098913F2
:04194D0000078513F7
:04194E000009061373
:04194F00000B859371
:0419500035D000EF9F
:0419510000842703E4
:0419520000042783E3
:0419530041270733EE
:04195400012787B32D
:0419550000E4242363
:0419560000F4202356
:04195700FC0712E394
:0419580000040593EF
:04195900000A051368
:04195A00710020EF09
:04195B00FA050AE39C
:04195C0000C4178329
:04195D0000C12B8317
:04195E0000812C03D5
:04195F0000412C8394
:04196000E2DFF06F63
:0419610000098C13DA
:0419620000098C9359
:04196300D65FF06FEC
:04196400000B8613DB
:04196500000C0593DA
:04196600305000EF0E
:0419670000842703CE
:0419680000042783CD
:04196900000B8913D3
:04196A004177073387
:04196B00017787B3C6
:04196C0000E424234C
:04196D0000F420233F
:04196E00E95FF06FCE
:04196F00000A051352
:04197000581010EF0C
:0419710000050C93CE
:04197200D00514E3A5
:0419730001042583C3
:04197400000A05134D
:04197500270010EF48
:0419760000C417830F
:0419770000C0071392
:0419780000C12B83FC
:0419790000812C03BA
:04197A0000412C8379
:04197B0000EA20233B
:04197C00F7F7F793EF
:04197D00DB9FF06F8D
:04197E000019879332
:04197F0000078A9340
:04198000E05FF06FC5
:0419810000C4178304
:04198200DA5FF06FC9
:0419830000C0071386
:0419840000C4178301
:0419850000C12B83EF
:0419860000812C03AD
:0419870000412C836C
:0419880000EA20232E
:04198900D89FF06F84
:04198A00FD01011347
:04198B0003212023F1
:04198C0001312E23D4
:04198D0001412C23C5
:04198E0001512A23B6
:04198F0001612823A7
:041990000171262398
:0419910002112623F6
:041992000281242387
:041993000291222378
:0419940000050B132C
:0419950000058B932B
:0419960000060A93AA
:0419970000000A132F
:04199800001009939F
:04199900FFF009133F
:04199A00004AA483D8
:04199B00008AA40317
:04199C00FFF484933D
:04199D000204C86315
:04199E0000C45783A7
:04199F0000F9FE63EA
:0419A00000E41783C5
:0419A10000040593A6
:0419A200000B05131E
:0419A300012786632F
:0419A400000B80E7CD
:0419A50000AA6A33F7
:0419A600FFF4849333
:0419A700068404139B
:0419A800FD249CE39B
:0419A900000AAA8303
:0419AA00FC0A90E3C0
:0419AB0002C12083D2
:0419AC00028124038D
:0419AD00024124834C
:0419AE000201290306
:0419AF0001C12983C6
:0419B00001412A8344
:0419B10001012B0302
:0419B20000C12B83C2
:0419B300000A05130E
:0419B40001812A0380
:0419B5000301011316
:0419B6000000806746
:0419B700004525833F
:0419B8007480206FA8
:0419B9008281A5037F
:0419BA00004525833C
:0419BB0073C0206F66
:0419BC000085260379
:0419BD003510206F52
:0419BE008281A783F8
:0419BF000087A603F4
:0419C0000005059386
:0419C1000007851383
:0419C20033D0206F8F
:0419C300FD0101130E
:0419C4000281242355
:0419C5000291222346
:0419C60003212023B6
:0419C70001312E2399
:0419C80001412C238A
:0419C90002112623BE
:0419CA008281AA0369
:0419CB0000050413FC
:0419CC000005891376
:0419CD000006099374
:0419CE0000068493F8
:0419CF00000A0663A1
:0419D000034A27831C
:0419D10020078A63FE
:0419D2000020079357
:0419D30000F988632C
:0419D4000010079365
:0419D5002137E8636B
:0419D6002004C663C0
:0419D7000644278318
:0419D8000017F7936A
:0419D9001007886308
:0419DA00000405936D
:0419DB00000A0513E6
:0419DC00508020EF28
:0419DD000304258357
:0419DE0000058C6311
:0419DF000404079362
:0419E00000F5866325
:0419E100000A0513E0
:0419E2000BC010EF37
:0419E30002042823AF
:0419E40000C41783A1
:0419E50000042C23AB
:0419E60000042223B4
:0419E7000807F713E3
:0419E800140712636B
:0419E900FFFFF737CE
:0419EA0035C70713E3
:0419EB0000E7F7B367
:0419EC0000F41623CA
:0419ED0000200713BC
:0419EE0014E98A630B
:0419EF0000C106939A
:0419F0000081061359
:0419F1000004059356
:0419F200000A0513CF
:0419F3001A1020EFB7
:0419F40000C4578351
:0419F50000A7E7B3AD
:0419F60000F41623C0
:0419F7000A048863F3
:0419F8000A0908636D
:0419F900034A2783F3
:0419FA000C078663ED
:0419FB00008127033D
:0419FC0000C4178389
:0419FD0000970A63E2
:0419FE000000173797
:0419FF008007071343
:041A000000E7E7B361
:041A010000F41623B4
:041A020000100713B6
:041A030000E99663FD
:041A04000017E7934D
:041A050000F41623B0
:041A06000124202374
:041A0700012428236B
:041A080000942A23F9
:041A09000087F71348
:041A0A0008070C635A
:041A0B000017F713B6
:041A0C00120700635A
:041A0D000644270361
:041A0E00409004B34D
:041A0F000004242388
:041A100000942C23EF
:041A11000017771330
:041A1200080704635A
:041A13000000049338
:041A140002C1208368
:041A15000281240323
:041A1600020129039D
:041A170001C129835D
:041A180001812A031B
:041A1900000485132D
:041A1A0002412483DE
:041A1B0003010113AF
:041A1C0000008067DF
:041A1D0000C4578327
:041A1E002007F79313
:041A1F00EE0796E355
:041A20000584250311
:041A21006EC000EFA4
:041A2200EE1FF06F54
:041A23000081248397
:041A24000004851322
:041A25002B4010EF53
:041A2600000509139B
:041A27000C0508633F
:041A280000C457831C
:041A29000807E79330
:041A2A0000F416238B
:041A2B00034A2783C0
:041A2C00F2079EE33C
:041A2D00000A051393
:041A2E00E64FF0EFA0
:041A2F00F31FF06F42
:041A30000004242367
:041A3100064427033D
:041A3200001777130F
:041A3300F80710E3BD
:041A34002007F793FD
:041A3500F6079CE331
:041A360005842503FB
:041A37006AC000EF92
:041A3800F6DFF06F76
:041A390001042583FC
:041A3A00000A051386
:041A3B00759000EFB3
:041A3C0000C4178348
:041A3D00FFFFF73779
:041A3E0035C707138E
:041A3F0000E7F7B312
:041A400000F4162375
:041A41000020071367
:041A4200EAE99AE350
:041A43000000049308
:041A4400064427032A
:041A450004340693CC
:041A46000027E6137C
:041A470000D4202384
:041A480000D428237B
:041A490000100693F0
:041A4A0000C416239B
:041A4B00000424234C
:041A4C0000D42A2375
:041A4D0000177713F4
:041A4E00F0071CE39E
:041A4F002007F793E2
:041A5000F00798E320
:041A510005842503E0
:041A5200640000EF3D
:041A5300F05FF06FE1
:041A540000942423B3
:041A5500F71FF06F18
:041A5600000A05136A
:041A5700DC0FF0EFC1
:041A5800DE9FF06FAE
:041A5900FFF0049303
:041A5A00EE9FF06F9C
:041A5B0001512A23E8
:041A5C0000812A8358
:041A5D00029A806306
:041A5E00000A8513E2
:041A5F001CC010EFA8
:041A60000005091361
:041A6100000A849360
:041A62000005066312
:041A630001412A8390
:041A6400F11FF06F0F
:041A650000C417831F
:041A660001412A838D
:041A6700FFF00493F5
:041A6800F71FF06F05
:041A6900FF01011365
:041A6A0000812423B0
:041A6B0000058413DB
:041A6C0000E5958379
:041A6D00001126231B
:041A6E004EC000EF77
:041A6F0002054063C9
:041A700005042783BF
:041A710000C120830D
:041A720000A787B38F
:041A730004F428232C
:041A740000812403C6
:041A75000101011357
:041A76000000806785
:041A770000C45783CD
:041A7800FFFFF7373E
:041A7900FFF7071359
:041A7A0000E7F7B3D7
:041A7B0000C1208303
:041A7C0000F4162339
:041A7D0000812403BD
:041A7E00010101134E
:041A7F00000080677C
:041A8000000005134A
:041A8100000080677A
:041A820000C5978381
:041A8300FE0101134C
:041A840000812C238E
:041A850000912A237F
:041A860001212823EF
:041A870001312623E0
:041A880000112E23F8
:041A89001007F71338
:041A8A0000058413BC
:041A8B0000050493BB
:041A8C000006091334
:041A8D000006899333
:041A8E0004071063D6
:041A8F00FFFFF73727
:041A9000FFF7071342
:041A910000E7F7B3C0
:041A920000E41583D4
:041A930000F4162322
:041A940001812403A5
:041A950001C12083E8
:041A9600000986932A
:041A97000009061329
:041A980000C12983DD
:041A9900010129031B
:041A9A0000048513AC
:041A9B00014124835E
:041A9C00020101132F
:041A9D0048C0006FCE
:041A9E0000E5958347
:041A9F00002006938A
:041AA0000000061329
:041AA1003C4000EFD6
:041AA20000C41783E2
:041AA300FB1FF06FC6
:041AA400FF0101132A
:041AA5000081242375
:041AA60000058413A0
:041AA70000E595833E
:041AA80000112623E0
:041AA9003A4000EFD0
:041AAA00FFF00793AF
:041AAB0002F50863D5
:041AAC0000C4578398
:041AAD0000001737E7
:041AAE0000C12083D0
:041AAF0000E7E7B3B2
:041AB0000107979300
:041AB1004107D7937F
:041AB20004A428233D
:041AB30000F4162302
:041AB4000081240386
:041AB5000101011317
:041AB6000000806745
:041AB70000C457838D
:041AB800FFFFF737FE
:041AB900FFF7071319
:041ABA0000E7F7B397
:041ABB0001079793F5
:041ABC004107D79374
:041ABD0000C12083C1
:041ABE0000F41623F7
:041ABF00008124037B
:041AC000010101130C
:041AC100000080673A
:041AC20000E5958323
:041AC3002080006F10
:041AC400FF0101130A
:041AC5000081242355
:041AC6000091222346
:041AC70000112623C1
:041AC8008281A783ED
:041AC900000504937D
:041ACA00000584137C
:041ACB000007866327
:041ACC000347A70322
:041ACD000E070C6391
:041ACE0000C41783B6
:041ACF000087F71382
:041AD00006070A6398
:041AD10001042703E2
:041AD2000807066398
:041AD3000017F6936F
:041AD400020688631B
:041AD500014426831F
:041AD60000042423C1
:041AD70000000513F3
:041AD80040D006B341
:041AD90000D42C23E6
:041ADA0002070A6392
:041ADB0000C12083A3
:041ADC00008124035E
:041ADD00004124831D
:041ADE0001010113EE
:041ADF00000080671C
:041AE0000027F69352
:041AE10000000613E8
:041AE2000006946303
:041AE3000144260391
:041AE40000C42423F3
:041AE50000000513E5
:041AE600FC071AE3FC
:041AE7000807F713E2
:041AE800FC0706E30E
:041AE9000407E79374
:041AEA0000F41623CB
:041AEB00FFF00513F0
:041AEC00FBDFF06FBD
:041AED000107F713E3
:041AEE000807006382
:041AEF000047F713A2
:041AF00002071C636A
:041AF10001042703C2
:041AF2000087E793EF
:041AF30000F41623C2
:041AF400F6071EE3F0
:041AF5002807F69335
:041AF60020000613B3
:041AF700F6C688E3C4
:041AF800000405934E
:041AF900000485134D
:041AFA003EC020EFDB
:041AFB0000C4178389
:041AFC0001042703B7
:041AFD00F59FF06FF2
:041AFE000304258335
:041AFF0000058E63ED
:041B000004040713BF
:041B010000E5886310
:041B02000004851343
:041B0300439000EF1C
:041B040000C417837F
:041B0500020428238B
:041B060001042703AC
:041B0700FDB7F7939C
:041B08000004222390
:041B090000E42023B1
:041B0A00FA1FF06F5F
:041B0B000007851337
:041B0C00AECFF0EF79
:041B0D00F05FF06F26
:041B0E000090071329
:041B0F0000E4A0232B
:041B10000407E7934C
:041B110000F41623A3
:041B1200FFF00513C8
:041B1300F21FF06F5E
:041B1400003577938E
:041B15000FF5F6933F
:041B160002078A63D5
:041B1700FFF607933B
:041B180002060E6350
:041B1900FFF00613C0
:041B1A000180006FD7
:041B1B000015051399
:041B1C000035771306
:041B1D0000070E634C
:041B1E00FFF78793B3
:041B1F0002C7806316
:041B20000005470372
:041B2100FED714E3F4
:041B220000008067D8
:041B2300000607931E
:041B24000030071373
:041B250000F76863FA
:041B260006079063BB
:041B270000000513A2
:041B280000008067D2
:041B29000FF5F5932C
:041B2A000085971388
:041B2B0000B705B347
:041B2C000105971305
:041B2D00FEFF08B7F8
:041B2E0080808837F4
:041B2F0000E585B395
:041B3000EFF88893AF
:041B31000808081385
:041B32000030031369
:041B33000100006F3E
:041B3400FFC78793CD
:041B3500004505134F
:041B3600FCF370E369
:041B3700000527037B
:041B380000E5C733CA
:041B39000117063357
:041B3A00FFF7471357
:041B3B0000E6773316
:041B3C0001077733F3
:041B3D00FC070EE3B0
:041B3E0000F507B3F4
:041B3F0000C0006F73
:041B40000015051374
:041B4100F8F50CE3C4
:041B42000005470350
:041B4300FED71AE3CC
:041B440000008067B6
:041B4500FF01011388
:041B460000812423D3
:041B4700000504137E
:041B480000058513FC
:041B49000401A623CA
:041B4A00001126233D
:041B4B00430030EF34
:041B4C00FFF007930C
:041B4D0000F50A6332
:041B4E0000C120832F
:041B4F0000812403EA
:041B5000010101137B
:041B510000008067A9
:041B520004C1A783A0
:041B5300FE0786E320
:041B540000C1208329
:041B550000F4202355
:041B560000812403E3
:041B57000101011374
:041B580000008067A2
:041B59008281A7835B
:041B5A000CA78E63E3
:041B5B000445258395
:041B5C00FE01011372
:041B5D0000912A23A6
:041B5E0000112E2321
:041B5F0000812C23B2
:041B600000050493E5
:041B6100040588638C
:041B62000121282312
:041B63000131262303
:041B64000000091361
:041B650008000993D8
:041B6600012587B31B
:041B67000007A403CC
:041B680000040E6304
:041B690000040593DC
:041B6A00000424034C
:041B6B0000048513DA
:041B6C00295000EF0D
:041B6D00FE0418E377
:041B6E000444A58303
:041B6F00004909130D
:041B7000FD391CE33C
:041B710000048513D4
:041B720027D000EF89
:041B73000101290340
:041B740000C1298300
:041B75000384A583BD
:041B7600000586637D
:041B770000048513CE
:041B7800265000EF04
:041B79000404A403B9
:041B7A0000040C63F4
:041B7B0000040593CA
:041B7C00000424033A
:041B7D0000048513C8
:041B7E0024D000EF80
:041B7F00FE0418E365
:041B800004C4A58371
:041B81000005866372
:041B820000048513C3
:041B8300239000EFBC
:041B84000344A783EC
:041B850000078E6364
:041B860001812403B2
:041B870001C12083F5
:041B880000048513BD
:041B8900014124836F
:041B8A000201011340
:041B8B000007806768
:041B8C0001C12083F0
:041B8D0001812403AB
:041B8E00014124836A
:041B8F00020101133B
:041B9000000080676A
:041B91000000806769
:041B9200FF0101133B
:041B930000058713AF
:041B94000081242385
:041B950000060593AE
:041B9600000504132F
:041B970000068613AB
:041B9800000705132A
:041B99000401A6237A
:041B9A0000112623ED
:041B9B007D8030EF2A
:041B9C00FFF00793BC
:041B9D0000F50A63E2
:041B9E0000C12083DF
:041B9F00008124039A
:041BA000010101132B
:041BA1000000806759
:041BA20004C1A78350
:041BA300FE0786E3D0
:041BA40000C12083D9
:041BA50000F4202305
:041BA6000081240393
:041BA7000101011324
:041BA8000000806752
:041BA900FF01011324
:041BAA000005871398
:041BAB00008124236E
:041BAC000006059397
:041BAD000005041318
:041BAE000006861394
:041BAF000007051313
:041BB0000401A62363
:041BB10000112623D6
:041BB200329030EF4E
:041BB300FFF00793A5
:041BB40000F50A63CB
:041BB50000C12083C8
:041BB6000081240383
:041BB7000101011314
:041BB8000000806742
:041BB90004C1A78339
:041BBA00FE0786E3B9
:041BBB0000C12083C2
:041BBC0000F42023EE
:041BBD00008124037C
:041BBE00010101130D
:041BBF00000080673B
:041BC000FF0101130D
:041BC1000005871381
:041BC2000081242357
:041BC3000006059380
:041BC4000005041301
:041BC500000686137D
:041BC60000070513FC
:041BC7000401A6234C
:041BC80000112623BF
:041BC9004C9030EF1D
:041BCA00FFF007938E
:041BCB0000F50A63B4
:041BCC0000C12083B1
:041BCD00008124036C
:041BCE0001010113FD
:041BCF00000080672B
:041BD00004C1A78322
:041BD100FE0786E3A2
:041BD20000C12083AB
:041BD30000F42023D7
:041BD4000081240365
:041BD50001010113F6
:041BD6000000806724
:041BD7000000806723
:041BD8000000806722
:041BD9000000806721
:041BDA000000806720
:041BDB00000080671F
:041BDC00000080671E
:041BDD0000100513DC
:041BDE00000080671C
:041BDF0000100513DA
:041BE000000080671A
:041BE1000000806719
:041BE2000000806718
:041BE3000005059361
:041BE4008281A50352
:041BE500D81FF06FA6
:041BE600FC010113EA
:041BE70002C12423F0
:041BE80002D12623DD
:041BE90002F12A23B8
:041BEA000006069358
:041BEB0002810793D9
:041BEC000005861357
:041BED000005059357
:041BEE008281A50348
:041BEF0000112E2390
:041BF00002E12823C3
:041BF10003012C239D
:041BF20003112E238A
:041BF30000F12623B4
:041BF400519020EFFD
:041BF50001C1208387
:041BF60004010113D2
:041BF7000000806703
:041BF80000005797FB
:041BF90039C78793CE
:041BFA000007AF83AE
:041BFB000047AF03ED
:041BFC000087AE832D
:041BFD0000C7AE036C
:041BFE000107A30335
:041BFF000147A8836F
:041C00000187A803AD
:041C01000247A6836D
:041C02000287A703AB
:041C030001C7A583ED
:041C04000207A6032A
:041C050002C7C783C8
:041C0600FC010113C9
:041C070000010513C0
:041C080002112E2374
:041C090001F12023A2
:041C0A0001E12223AF
:041C0B0001D12423BC
:041C0C0001C12623C9
:041C0D000061282327
:041C0E0001112A2373
:041C0F0001012C2380
:041C100002D12223B8
:041C110002E12423A5
:041C120002F10623B2
:041C130000B12E23CB
:041C140002C12023C6
:041C15003D4000EF5F
:041C160000050613AC
:041C17000001059330
:041C18000020051390
:041C19005E9020EFCA
:041C1A00006005134E
:041C1B00131020EF93
:041C1C0007F00513B5
:041C1D001C8030EF08
:041C1E00FF010113AE
:041C1F000011262367
:041C2000F61FF0EFCC
:041C2100070187939D
:041C22000007A7030D
:041C2300000716633D
:041C2400FF0A073775
:041C250000E7A02311
:041C260000008067D3
:041C270002A5F663B9
:041C280000C5873339
:041C290002E57263FB
:041C2A0000C507B337
:041C2B000406066342
:041C2C00FFF74683F5
:041C2D00FFF78793A3
:041C2E00FFF70713A2
:041C2F0000D7802337
:041C3000FEF518E3C2
:041C310000008067C8
:041C320000F0079324
:041C330002C7E86399
:041C3400000507930D
:041C3500FFF606931D
:041C36000C06026333
:041C3700001686937A
:041C380000D786B398
:041C39000005C703D8
:041C3A000017879375
:041C3B000015859378
:041C3C00FEE78FA38D
:041C3D00FED798E353
:041C3E0000008067BB
:041C3F0000B567B3D2
:041C40000037F793DF
:041C41000807966397
:041C4200FF060893FE
:041C4300FF08F8930B
:041C44000108889378
:041C4500011506B3CC
:041C460000058713FB
:041C470000050793FA
:041C48000007280366
:041C49000107071375
:041C4A000107879374
:041C4B00FF07A823C4
:041C4C00FF47280323
:041C4D00FF07AA23C0
:041C4E00FF872803E1
:041C4F00FF07AC23BC
:041C5000FFC728039F
:041C5100FF07AE23B8
:041C5200FCD79CE33C
:041C530000C678133C
:041C5400011585B33E
:041C550000F677130B
:041C56000408046317
:041C5700FFC70813A8
:041C5800FFC8781336
:041C59000048081324
:041C5A00010687B345
:041C5B0000058713E6
:041C5C0000072883D2
:041C5D000046869324
:041C5E000047071321
:041C5F00FF16AE239B
:041C6000FEF698E311
:041C610000367613C0
:041C6200010585B340
:041C6300F49FF06F8B
:041C6400FFF60693EE
:041C650000050793DC
:041C6600F45FF06FC8
:041C67000000806792
:041C68000007061358
:041C6900F31FF06F06
:041C6A0000F0031370
:041C6B000005071356
:041C6C0002C37E63CE
:041C6D0000F7779372
:041C6E000A0790636E
:041C6F00080592636F
:041C7000FF06769362
:041C710000F67613F0
:041C720000E686B34F
:041C730000B7202373
:041C740000B7222370
:041C750000B724236D
:041C760000B726236A
:041C77000107071347
:041C7800FED766E34A
:041C790000061463EA
:041C7A00000080677F
:041C7B0040C306B3A9
:041C7C000026969315
:041C7D0000000297CA
:041C7E00005686B3D3
:041C7F0000C68067B4
:041C800000B707237F
:041C810000B706A3FF
:041C820000B706237E
:041C830000B705A3FE
:041C840000B705237D
:041C850000B704A3FD
:041C860000B704237C
:041C870000B703A3FC
:041C880000B703237B
:041C890000B702A3FB
:041C8A0000B702237A
:041C8B0000B701A3FA
:041C8C0000B7012379
:041C8D0000B700A3F9
:041C8E0000B7002378
:041C8F00000080676A
:041C90000FF5F593C4
:041C910000859693A1
:041C920000D5E5B3E1
:041C9300010596931E
:041C940000D5E5B3DF
:041C9500F6DFF06F17
:041C960000279693FA
:041C970000000297B0
:041C9800005686B3B9
:041C99000000829332
:041C9A00FA0680E7DF
:041C9B000002809330
:041C9C00FF07879324
:041C9D0040F70733D2
:041C9E0000F6063313
:041C9F00F6C378E32D
:041CA000F3DFF06F0F
:041CA10000A5C7B320
:041CA2000037F7937D
:041CA30000C508B3BD
:041CA4000607946338
:041CA5000030079371
:041CA60006C7F0631A
:041CA70000357793FA
:041CA8000005071319
:041CA90006079A632D
:041CAA00FFC8F61366
:041CAB0040E606B356
:041CAC000200079398
:041CAD0008D7CE6323
:041CAE000005869314
:041CAF000007079390
:041CB00002C778638C
:041CB1000006A8037E
:041CB20000478793CD
:041CB30000468693CE
:041CB400FF07AE2355
:041CB500FEC7E8E39B
:041CB600FFF607939B
:041CB70040E787B3C8
:041CB800FFC7F793D8
:041CB90000478793C6
:041CBA0000F70733F5
:041CBB0000F585B3F8
:041CBC000117686341
:041CBD00000080673C
:041CBE000005071303
:041CBF00051578632C
:041CC0000005C783D1
:041CC10000170713EE
:041CC20000158593F1
:041CC300FEF70FA376
:041CC400FEE898E3BB
:041CC5000000806734
:041CC6000005C683CC
:041CC70000170713E8
:041CC80000377793D7
:041CC900FED70FA390
:041CCA0000158593E9
:041CCB00F6078EE3A7
:041CCC000005C683C6
:041CCD0000170713E2
:041CCE0000377793D1
:041CCF00FED70FA38A
:041CD00000158593E3
:041CD100FC079AE38F
:041CD200F61FF06F9A
:041CD3000000806726
:041CD400FF010113F8
:041CD5000081262341
:041CD60002000413F1
:041CD7000005A383DE
:041CD8000045A2839E
:041CD9000085AF8350
:041CDA0000C5AF038F
:041CDB000105AE83CE
:041CDC000145AE030D
:041CDD000185A303D7
:041CDE0001C5A80391
:041CDF000205A683D1
:041CE000024707139D
:041CE10040E607B31F
:041CE200FC772E233A
:041CE300FE57202365
:041CE400FFF72223C1
:041CE500FFE72423CE
:041CE600FFD72623DB
:041CE700FFC72823E8
:041CE800FE672A2346
:041CE900FF072C23A2
:041CEA00FED72E23D0
:041CEB000245859396
:041CEC00FAF446E3DD
:041CED0000058693D5
:041CEE000007079351
:041CEF0002C778634D
:041CF0000006A8033F
:041CF100004787938E
:041CF200004686938F
:041CF300FF07AE2316
:041CF400FEC7E8E35C
:041CF500FFF607935C
:041CF60040E787B389
:041CF700FFC7F79399
:041CF8000047879387
:041CF90000F70733B6
:041CFA0000F585B3B9
:041CFB000117686302
:041CFC0000C12403FC
:041CFD0001010113CD
:041CFE0000008067FB
:041CFF000005C78392
:041D000000170713AE
:041D010000158593B1
:041D0200FEF70FA336
:041D0300FEE882E391
:041D04000005C7838C
:041D050000170713A9
:041D060000158593AC
:041D0700FEF70FA331
:041D0800FCE89EE372
:041D0900FCDFF06F9C
:041D0A000035779396
:041D0B0000050713B5
:041D0C0004079C63C9
:041D0D007F7F86B797
:041D0E00F7F68693CB
:041D0F00FFF0059349
:041D1000000726039F
:041D1100004707136D
:041D120000D677B3CD
:041D130000D787B3BB
:041D140000C7E7B36A
:041D150000D7E7B359
:041D1600FEB784E3AD
:041D1700FFC7468339
:041D180040A707B326
:041D190004068463D5
:041D1A00FFD7468326
:041D1B0002068C63CD
:041D1C00FFE7450395
:041D1D0000A03533BA
:041D1E0000F5053394
:041D1F00FFE50513C4
:041D200000008067D8
:041D2100FA0688E353
:041D220000074783EC
:041D2300001707138B
:041D2400003776937B
:041D2500FE0798E33A
:041D260040A7073398
:041D2700FFF70513AA
:041D280000008067D0
:041D2900FFD7851348
:041D2A0000008067CE
:041D2B00FFC7851356
:041D2C0000008067CC
:041D2D00FE0101139F
:041D2E000121282344
:041D2F0082C18913D1
:041D300000812C23DF
:041D31000005041392
:041D3200000925037C
:041D330000912A23CE
:041D34000131262330
:041D35000141242321
:041D360000112E2347
:041D3700000584938C
:041D380000060A1384
:041D39000006899384
:041D3A00A89FF0EF7F
:041D3B0007418713C2
:041D3C0000072783F2
:041D3D0008078663AA
:041D3E000047A703B0
:041D3F0001F0059317
:041D4000000925036E
:041D410008E5C66388
:041D420000271593CE
:041D430002041E6315
:041D4400001707136A
:041D450000E7A223EE
:041D460000B787B3A8
:041D47000097A4233A
:041D4800A69FF0EF73
:041D4900000005137E
:041D4A0001C1208330
:041D4B0001812403EB
:041D4C0001412483AA
:041D4D000101290364
:041D4E0000C1298324
:041D4F0000812A03E2
:041D50000201011378
:041D510000008067A7
:041D520000B788331B
:041D530009482423F4
:041D54001887A683C3
:041D55000010061361
:041D560000E616335A
:041D570000C6E6B329
:041D580018D7A423D1
:041D590011382423F6
:041D5A0000200693CC
:041D5B00FAD412E3C1
:041D5C0018C7A6837B
:041D5D0000C6E6B323
:041D5E0018D7A623C9
:041D5F00F95FF06FC9
:041D60000000779771
:041D6100014787931C
:041D620000F7202343
:041D6300F6DFF06F48
:041D64009F9FF0EF5E
:041D6500FFF0051373
:041D6600F91FF06F02
:041D6700FD01011366
:041D680001712623BC
:041D690082C18B9315
:041D6A0001612823C8
:041D6B0000050B1351
:041D6C00000BA503C0
:041D6D0001412C23E1
:041D6E0007418A138C
:041D6F000321202309
:041D700001812423A6
:041D71000211262312
:041D720000058C13C9
:041D73009A5FF0EF94
:041D7400000A290335
:041D750008090C63EA
:041D760001312E23E6
:041D770001512A23C9
:041D7800028124239D
:041D7900029122238E
:041D7A00019122238E
:041D7B00FFF00993D9
:041D7C0000100A93B6
:041D7D000049248372
:041D7E00FFF48413D7
:041D7F0004044E63A7
:041D80000024949314
:041D8100009904B30E
:041D8200080C1463D2
:041D83000049278369
:041D84000044A683EE
:041D8500FFF787934A
:041D86000C878063E3
:041D87000004A2238F
:041D88000206866366
:041D8900188927830B
:041D8A00008A973301
:041D8B0000492C835C
:041D8C0000F777B332
:041D8D0006079A6348
:041D8E00000680E7E4
:041D8F0000492703DD
:041D9000000A27839B
:041D91000997146337
:041D92000927926328
:041D9300FFF4041342
:041D9400FFC4849371
:041D9500FB341AE31E
:041D9600028124039F
:041D9700024124835E
:041D980001C12983D9
:041D990001412A8357
:041D9A0000412C8355
:041D9B00000BA50391
:041D9C0002C12083DD
:041D9D000201290313
:041D9E0001812A0392
:041D9F0001012B0310
:041DA00000C12B83D0
:041DA10000812C038E
:041DA2000301011325
:041DA3008FDFF06F6F
:041DA4001044A783BD
:041DA500F7878CE34D
:041DA600FFF404132F
:041DA700FFC484935E
:041DA800FF3418E309
:041DA900FB5FF06F7D
:041DAA0018C92783AA
:041DAB000844A583C0
:041DAC0000F7773392
:041DAD0002071663B0
:041DAE00000B05130E
:041DAF00000680E7C3
:041DB00000492703BC
:041DB100000A27837A
:041DB200F99700E3BA
:041DB300F80786E3C4
:041DB4000007891388
:041DB500F21FF06FBA
:041DB600008922235B
:041DB700F45FF06F76
:041DB800000585138A
:041DB900000680E7B9
:041DBA00F55FF06F72
:041DBB00000007938A
:041DBC000007886331
:041DBD0000002517E6
:041DBE006FC50513D5
:041DBF00C00FE06F02
:041DC0000000806738
:041DC100FE0101130B
:041DC20000812C234D
:041DC30000912A233E
:041DC40001212823AE
:041DC500013126239F
:041DC6000141242390
:041DC70000058993F7
:041DC80000112E23B5
:041DC90000050913F5
:041DCA0000005A17A4
:041DCB00000A0A13ED
:041DCC00401000EFD4
:041DCD00008A27035E
:041DCE00000017B743
:041DCF00FEF7879301
:041DD0000047248321
:041DD10000001737C0
:041DD200FFC4F493C3
:041DD30000F4843361
:041DD400413404335F
:041DD50000C45413DF
:041DD600FFF40413FF
:041DD70000C414131D
:041DD80000E44E6372
:041DD900000005936E
:041DDA0000090513E4
:041DDB00634020EF52
:041DDC00008A2783CF
:041DDD00009787B331
:041DDE0002F508639F
:041DDF0000090513DF
:041DE0003B9000EF45
:041DE10001C1208399
:041DE2000181240354
:041DE3000141248313
:041DE40001012903CD
:041DE50000C129838D
:041DE60000812A034B
:041DE70000000513E0
:041DE80002010113E0
:041DE900000080670F
:041DEA00408005B37D
:041DEB0000090513D3
:041DEC005F0020EF85
:041DED00FFF0079369
:041DEE0004F50A638B
:041DEF000000771762
:041DF000F687071358
:041DF100000727833D
:041DF200008A2683BA
:041DF300408484B3F1
:041DF4000014E49360
:041DF500408787B3E9
:041DF60000090513C8
:041DF7000096A2238D
:041DF80000F72023AD
:041DF900355000EF72
:041DFA0001C1208380
:041DFB00018124033B
:041DFC0001412483FA
:041DFD0001012903B4
:041DFE0000C1298374
:041DFF0000812A0332
:041E000000100513B6
:041E010002010113C6
:041E020000008067F5
:041E03000000059343
:041E040000090513B9
:041E050058C020EFB2
:041E0600008A270324
:041E070000F006934E
:041E080040E507B3F7
:041E0900F4F6DCE32C
:041E0A008301A68327
:041E0B0040D5053386
:041E0C000017E79341
:041E0D0000007697C4
:041E0E00EEA6A82371
:041E0F0000F7222393
:041E1000F3DFF06F9D
:041E110018058263CB
:041E1200FF010113B8
:041E13000081242303
:041E140000912223F4
:041E1500000584132D
:041E1600000504932C
:041E1700001126236D
:041E18002D1000EF9A
:041E1900FFC425835A
:041E1A00FF84071327
:041E1B000000551757
:041E1C00EBC50513FA
:041E1D00FFE5F79353
:041E1E0000F7063390
:041E1F0000462683D0
:041E2000008528030E
:041E2100FFC6F6936F
:041E22001AC8026375
:041E230000D62223A0
:041E24000015F5931D
:041E250000D60833A8
:041E26000A059063B6
:041E2700FF8423030E
:041E280000482583C6
:041E290000005897C6
:041E2A00E8C88893E9
:041E2B0040670733D2
:041E2C000087280300
:041E2D00006787B310
:041E2E000015F59313
:041E2F00151802631D
:041E300000C72303C1
:041E310000682623FC
:041E32000103242361
:041E33001A058663A3
:041E34000017E6931A
:041E350000D722238D
:041E360000F620236F
:041E37001FF00693FF
:041E380006F6EC635B
:041E3900FF87F69396
:041E3A000086869305
:041E3B0000452583B6
:041E3C0000D506B314
:041E3D000006A603F2
:041E3E000057D8135E
:041E3F0000100793F5
:041E4000010797B34C
:041E410000B7E7B34C
:041E4200FF868593FF
:041E430000B726239B
:041E440000C724238C
:041E450000F522235F
:041E460000E6A023EF
:041E470000E6262368
:041E480000812403EE
:041E490000C1208331
:041E4A0000048513F8
:041E4B0000412483AB
:041E4C00010101137C
:041E4D002050006FB2
:041E4E0000482583A0
:041E4F000015F593F2
:041E50000805866398
:041E51000017E693FD
:041E5200FED42E2369
:041E530000F6202352
:041E54001FF00693E2
:041E5500F8F6F8E3C0
:041E56000097D69388
:041E5700004006132E
:041E580012D66063DB
:041E59000067D693B5
:041E5A0003968593D3
:041E5B000386861361
:041E5C000035959325
:041E5D0000B505B314
:041E5E000005A68352
:041E5F00FF858593E3
:041E600000D59863AE
:041E61001540006FB9
:041E62000086A683CD
:041E630000D58863BB
:041E64000046A6038B
:041E6500FFC676132B
:041E6600FEC7E8E3E8
:041E670000C6A58389
:041E680000B7262376
:041E690000D7242357
:041E6A0000812403CC
:041E6B0000C120830F
:041E6C0000E5A423C6
:041E6D0000048513D5
:041E6E000041248388
:041E6F0000E6A623C0
:041E70000101011358
:041E71001750006F97
:041E72000000806785
:041E730000D787B35A
:041E7400000058977B
:041E7500D608889370
:041E76000086268339
:041E77000D168C6355
:041E780000C6280375
:041E79000017E593D6
:041E7A0000F7063334
:041E7B000106A62393
:041E7C0000D8242343
:041E7D0000B7222365
:041E7E0000F6202327
:041E7F00EE1FF06FF3
:041E800012059C6348
:041E8100008625832F
:041E820000C626036D
:041E830000F686B32C
:041E84000016E793CA
:041E850000C5A623CB
:041E860000B624235B
:041E870000F722231B
:041E880000D7073345
:041E890000D720233B
:041E8A00EF9FF06F67
:041E8B000015F593B6
:041E8C0000D786B342
:041E8D000205906357
:041E8E00FF84258325
:041E8F0040B707331E
:041E900000C72783DD
:041E9100008726039D
:041E920000B686B35D
:041E930000F626230C
:041E940000C7A423BC
:041E95000016E793B9
:041E960000F722230C
:041E970000E524231B
:041E98008341A78358
:041E9900EAF6EEE394
:041E9A000801A58313
:041E9B0000048513A7
:041E9C00C95FF0EF3B
:041E9D00EADFF06F19
:041E9E0000D787B32F
:041E9F00F5DFF06F0C
:041EA00001400613E4
:041EA10002D6706392
:041EA20005400613DE
:041EA30006D6646398
:041EA40000C7D6930A
:041EA50006F6859325
:041EA60006E68613B3
:041EA70000359593DA
:041EA800ED5FF06F8B
:041EA90005C6859352
:041EAA0005B68613E0
:041EAB0000359593D6
:041EAC00EC5FF06F88
:041EAD0000E52A23FF
:041EAE0000E5282300
:041EAF000017E6939F
:041EB00001172623CD
:041EB10001172423CE
:041EB20000D7222310
:041EB30000F70733FA
:041EB40000F72023F0
:041EB500E4DFF06F07
:041EB60000452803B8
:041EB7004026561358
:041EB800001007937C
:041EB90000C797B314
:041EBA000107E7B382
:041EBB0000F52223E9
:041EBC00EB1FF06FB9
:041EBD0015400613B3
:041EBE0000D66C637B
:041EBF0000F7D693BF
:041EC0000786859379
:041EC1000776861307
:041EC20000359593BF
:041EC300E69FF06F37
:041EC400554006136C
:041EC50000D66C6374
:041EC6000127D69387
:041EC70007D6859322
:041EC80007C68613B0
:041EC90000359593B8
:041ECA00E4DFF06FF2
:041ECB003F800593BC
:041ECC0007E0061312
:041ECD00E41FF06FAF
:041ECE000017E69380
:041ECF0000D72223F3
:041ED00000F62023D5
:041ED100DDDFF06FF2
:041ED200000505936F
:041ED3008281A50360
:041ED4000100006F9A
:041ED500000505936C
:041ED6008281A5035D
:041ED700CE9FF06F3B
:041ED800FD010113F4
:041ED900032120239E
:041EDA0002112623A8
:041EDB000281242339
:041EDC00029122232A
:041EDD0001312E237E
:041EDE0000B5879331
:041EDF000160071384
:041EE00000050913DD
:041EE10008F7626339
:041EE2000100079361
:041EE30020B7E663DB
:041EE4007A0000EF91
:041EE50001800793DE
:041EE6000020059340
:041EE700010004935F
:041EE8000000599706
:041EE900B889899398
:041EEA0000F987B3C1
:041EEB000047A40305
:041EEC00FF878713D2
:041EED0034E40C636A
:041EEE000044278302
:041EEF0000C4268382
:041EF0000084260341
:041EF100FFC7F7939D
:041EF20000F407B33E
:041EF3000047A703FA
:041EF40000D62623CB
:041EF50000C6A4235C
:041EF6000017671357
:041EF70000090513C6
:041EF80000E7A2233A
:041EF900754000EF41
:041EFA000084051348
:041EFB0002C120837D
:041EFC000281240338
:041EFD0002412483F7
:041EFE0002012903B1
:041EFF0001C1298371
:041F000003010113C5
:041F010000008067F5
:041F0200FF87F493CE
:041F03001807C66392
:041F040018B4E463C6
:041F050071C000EFB8
:041F06001F700793AE
:041F07004097F263AA
:041F08000094D793D7
:041F090018078263D0
:041F0A000040071379
:041F0B0034F76863DC
:041F0C000064D79303
:041F0D00039785931E
:041F0E0003878813AA
:041F0F0000359613F0
:041F100000005997DD
:041F1100AE89899379
:041F120000C9863349
:041F1300004624035D
:041F1400FF8606132B
:041F150002860863D5
:041F160000F00513BF
:041F17000140006F16
:041F180000C4268358
:041F19002A075063E0
:041F1A0000D60E637C
:041F1B000006841325
:041F1C0000442783D3
:041F1D00FFC7F79370
:041F1E00409787332E
:041F1F00FEE552E3A6
:041F2000000805931D
:041F21000109A4030B
:041F220000005897CC
:041F2300AA8888936D
:041F24002714066315
:041F250000442783CA
:041F260000F006932E
:041F2700FFC7F79366
:041F28004097873324
:041F290038E6C4636F
:041F2A000119AA23CC
:041F2B000119A823CD
:041F2C0034075863BB
:041F2D001FF0071387
:041F2E000049A503BE
:041F2F0026F76063CE
:041F3000FF87F7131D
:041F3100008707130B
:041F320000E9873308
:041F330000072683FA
:041F34000057D61369
:041F350000100793FE
:041F360000C797B396
:041F370000F5653319
:041F3800FF87079385
:041F390000F4262367
:041F3A0000D4242388
:041F3B0000A9A22334
:041F3C0000872023D7
:041F3D000086A62351
:041F3E004025D793D0
:041F3F000010061375
:041F400000F616335E
:041F41000AC56A6300
:041F420000A677B3CB
:041F4300020794639A
:041F4400001616135A
:041F4500FFC5F5934C
:041F460000A677B3C7
:041F47000045859339
:041F480000079A6391
:041F49000016161355
:041F4A0000A677B3C3
:041F4B000045859335
:041F4C00FE078AE31F
:041F4D0000F0081385
:041F4E0000359313B4
:041F4F00006983336F
:041F50000003051372
:041F510000C527831D
:041F520000058E13E5
:041F530024F50A6304
:041F54000047A70398
:041F550000078413EA
:041F560000C7A78396
:041F5700FFC7771336
:041F5800409706B3F5
:041F590024D84A63DB
:041F5A00FE06C2E3DA
:041F5B0000E4073364
:041F5C000047268391
:041F5D0000842603D3
:041F5E00000905135E
:041F5F000016E693EF
:041F600000D7222361
:041F610000F626233D
:041F620000C7A423ED
:041F63005AC000EF71
:041F640000840513DD
:041F6500E59FF06F95
:041F660000C007931D
:041F670000F920233A
:041F6800000005135D
:041F6900E49FF06F92
:041F6A00200006133A
:041F6B0004000593D6
:041F6C0003F0081363
:041F6D00E8DFF06F4A
:041F6E000089A4033F
:041F6F0001612823C1
:041F7000004427837F
:041F7100FFC7FB1398
:041F7200009B686305
:041F7300409B073355
:041F740000F00793DF
:041F75000EE7C2634E
:041F76000191222390
:041F770083018C93C3
:041F7800000CA703AF
:041F790001412C23D3
:041F7A0001512A23C4
:041F7B0001712623A7
:041F7C000801AA832B
:041F7D00FFF00793D7
:041F7E0001640A33BD
:041F7F0001548AB3CC
:041F80003CF70E63B9
:041F8100000017B78E
:041F820000F787934A
:041F830000FA8AB323
:041F8400FFFFF7B7AD
:041F850000FAFAB3B1
:041F8600000A859335
:041F87000009051335
:041F8800781010EFCE
:041F8900FFF00793CB
:041F8A0000050B93B0
:041F8B0046F50263B2
:041F8C000181242388
:041F8D00254564631F
:041F8E0000007C17BC
:041F8F008ECC0C13D5
:041F9000000C258399
:041F910000BA85B35A
:041F920000BC20234C
:041F930000058713AB
:041F94002AAA1C63F6
:041F95000145179358
:041F96002A0798631B
:041F97000089AB838F
:041F9800015B07B32F
:041F99000017E793B3
:041F9A0000FBA22383
:041F9B0007C18713E0
:041F9C000007268391
:041F9D0000B6F46333
:041F9E0000B7202345
:041F9F00078187131C
:041FA000000726838D
:041FA10000B6F4632F
:041FA20000B7202341
:041FA30000812C038A
:041FA400000B841397
:041FA500FFC7F793E8
:041FA60040978733A6
:041FA7003897EC6318
:041FA80000F00793AB
:041FA90038E7D863DA
:041FAA0001812A0384
:041FAB0001412A8343
:041FAC0000C12B83C2
:041FAD0000412C8340
:041FAE000014E793A1
:041FAF0000F42223F5
:041FB000009404B3E2
:041FB1000099A423CC
:041FB200001767139A
:041FB3000009051309
:041FB40000E4A22380
:041FB500464000EFB3
:041FB60002C12083C1
:041FB700008405138A
:041FB800028124037B
:041FB90001012B03F4
:041FBA000241248339
:041FBB0002012903F3
:041FBC0001C12983B3
:041FBD000301011308
:041FBE000000806738
:041FBF000049A5032D
:041FC000DF9FF06F40
:041FC100008426036F
:041FC200CC1FF06FD1
:041FC30000C7A403AC
:041FC40000258593DC
:041FC500D68788E350
:041FC600CA1FF06FCF
:041FC7000097D71395
:041FC800004006933C
:041FC90014E6F263C5
:041FCA000140069339
:041FCB0032E6E663B1
:041FCC0005C706132C
:041FCD0005B70693BB
:041FCE0000361613B0
:041FCF0000C986338C
:041FD00000062703DD
:041FD100FF8606136E
:041FD20000E61863AA
:041FD3002980006FF2
:041FD4000087270358
:041FD50000E60863B7
:041FD6000047268317
:041FD700FFC6F693B8
:041FD800FED7E8E365
:041FD90000C7260314
:041FDA0000C42623F6
:041FDB0000E42423D7
:041FDC000086242334
:041FDD000087262330
:041FDE00D81FF06FA9
:041FDF0001400713A3
:041FE00010F778631B
:041FE100054007139D
:041FE2002EF766630D
:041FE30000C4D793CC
:041FE40006F78593E4
:041FE50006E7881370
:041FE6000035961319
:041FE700CA5FF06F6E
:041FE800001E0E13B6
:041FE900003E7793AC
:041FEA000085051356
:041FEB0010078063F8
:041FEC0000C5278382
:041FED00D99FF06F19
:041FEE000084260342
:041FEF000014E59362
:041FF00000B42223F4
:041FF10000F62623AD
:041FF20000C7A4235D
:041FF300009404B39F
:041FF4000099AA2383
:041FF5000099A82384
:041FF6000016E79357
:041FF7000114A62308
:041FF8000114A42309
:041FF90000F4A2232B
:041FFA0000E40733C5
:041FFB0000090513C1
:041FFC0000D72023C7
:041FFD00344000EF7D
:041FFE000084051343
:041FFF00BF1FF06FA1
:0420000000F407B32E
:042001000047A703EA
:0420020000090513B9
:042003000017671348
:0420040000E7A2232C
:04200500324000EF76
:04200600008405133A
:04200700BD1FF06F9A
:042008000034D59338
:042009000084879335
:04200A00B79FF06F1D
:04200B000014E69344
:04200C0000D42223B7
:04200D00009404B384
:04200E000099AA2368
:04200F000099A82369
:0420100000176693BC
:042011000114A623ED
:042012000114A423EE
:0420130000D4A22330
:0420140000F407B31A
:0420150000090513A6
:0420160000E7A0231C
:042017002DC000EFE9
:042018000084051328
:04201900B89FF06F0D
:04201A000067D71371
:04201B00039706130E
:04201C00038706939D
:04201D000036161360
:04201E00EC5FF06F14
:04201F0007340C6313
:042020000089A4038C
:0420210000812C030B
:0420220000442783CC
:04202300E09FF06FDB
:0420240005C78593D4
:0420250005B7881360
:0420260000359613D8
:04202700BA5FF06F3D
:042028000083278387
:04202900FFF58593A7
:04202A002867906330
:04202B000035F793F2
:04202C00FF83031318
:04202D00FE0796E331
:04202E000049A703BB
:04202F00FFF64793DE
:0420300000E7F7B31B
:0420310000F9A223ED
:04203200001616136B
:04203300CEC7E6E34B
:04203400CE0604E3ED
:0420350000F6773307
:0420360000071A6322
:042037000016161366
:0420380000F6773304
:04203900004E0E1334
:04203A00FE070AE3B0
:04203B00000E0593FB
:04203C00C49FF06FDE
:04203D0000006C171C
:04203E00630C0C1310
:04203F00000C270367
:0420400000EA8733F8
:0420410000EC20236C
:04204200000CA68365
:04204300FFF0079310
:0420440018F68663A1
:04204500414B87B3D1
:0420460000E787B375
:0420470000FC202356
:04204800007BFC938A
:042049000C0C8C638C
:04204A00419B8BB378
:04204B00000017B7C3
:04204C0000878793EF
:04204D00008B8B93E6
:04204E00419785B37E
:04204F00015B8AB3F4
:04205000415585B3BE
:04205100014595931D
:042052000145DA1357
:04205300000A0593E7
:042054000009051367
:0420550044D010EF74
:04205600FFF00793FD
:0420570018F5006315
:042058004175053396
:0420590001450AB380
:04205A00000C27034C
:04205B000179A42340
:04205C00001AE793EC
:04205D0000EA05B3DD
:04205E0000BC20237F
:04205F0000FBA223BD
:04206000CF3406E390
:0420610000F00693F2
:042062000B66F063B6
:04206300004427030B
:04206400FF4B079394
:04206500FF87F79367
:0420660000177713D5
:0420670000F76733E4
:0420680000E422234B
:04206900005006130A
:04206A0000F4073344
:04206B0000C7222365
:04206C0000C7242362
:04206D0000F6E66330
:04206E00004BA783F9
:04206F00CB1FF06F24
:042070000084059350
:04207100000905134A
:04207200E7CFF0EFD5
:042073000089AB83B2
:04207400000C2583B4
:04207500004BA783F2
:04207600C95FF06FDF
:04207700010A8A933D
:04207800C39FF06FA3
:042079004026D69394
:04207A0000100793B8
:04207B0000D797B340
:04207C0000F56533D3
:04207D0000A9A223F1
:04207E00D71FF06F09
:04207F00015B85B3C9
:0420800040B005B3B4
:0420810001459593ED
:042082000145DA1327
:04208300000A0593B7
:042084000009051337
:0420850038D010EF50
:04208600FFF00793CD
:04208700F4F512E377
:0420880000000A1337
:04208900F45FF06FA1
:04208A0000812C03A2
:04208B0000100793A7
:04208C0000FBA22390
:04208D00000905132E
:04208E00100000EF4F
:04208F000000051335
:0420900001812A039D
:0420910001412A835C
:0420920001012B031A
:0420930000C12B83DA
:0420940000412C8358
:04209500999FF06FB0
:042096000540069368
:0420970004E6E46314
:0420980000C7D71393
:0420990006F706132D
:04209A0006E70693BC
:04209B0000361613E2
:04209C00CCDFF06F36
:04209D0015400713D0
:04209E0004F764637C
:04209F0000F4D793DF
:0420A0000787859396
:0420A1000777881322
:0420A200003596135C
:0420A3009B5FF06FE0
:0420A4000089A40308
:0420A5000044278349
:0420A600BFDFF06F39
:0420A700017CA023F5
:0420A800E81FF06FCE
:0420A9001540069345
:0420AA0004E6E46301
:0420AB0000F7D71350
:0420AC000787061389
:0420AD000777069318
:0420AE0000361613CF
:0420AF00C81FF06FE7
:0420B000554007137D
:0420B10004F7646369
:0420B2000124D7939B
:0420B30007D7859333
:0420B40007C78813BF
:0420B5000035961349
:0420B600969FF06F92
:0420B700FF8C8C937B
:0420B800019A8AB34C
:0420B900417A8AB32B
:0420BA0000000A1305
:0420BB00E7DFF06FFC
:0420BC0055400693F2
:0420BD0002E6E463F0
:0420BE000127D7130C
:0420BF0007D7061326
:0420C00007C70693B5
:0420C10000361613BC
:0420C200C35FF06F99
:0420C3003F80061341
:0420C40007F0059389
:0420C50007E0081315
:0420C600929FF06F86
:0420C7003F8006133D
:0420C80007E0069394
:0420C900C19FF06F54
:0420CA000049A7839F
:0420CB00D9DFF06FFA
:0420CC000601851371
:0420CD00C3DFE06F1E
:0420CE00060185136F
:0420CF00C4DFE06F1B
:0420D000FD010113FA
:0420D1000291222333
:0420D20002112623AE
:0420D300000604936C
:0420D4001E058863FA
:0420D500028124233D
:0420D600032120239F
:0420D7000005841369
:0420D80001312E2381
:0420D90001512A2364
:0420DA0001412C2371
:0420DB0000050913E0
:0420DC00FC1FF0EF06
:0420DD00FFC4270312
:0420DE0000B4879330
:0420DF000160069303
:0420E000FF840A93DC
:0420E100FFC7799329
:0420E20010F6F2639F
:0420E300FF87FA1366
:0420E4001007C263BC
:0420E500109A60638A
:0420E6001349D26365
:0420E700018124232C
:0420E80000004C1791
:0420E900388C0C1310
:0420EA00008C26033D
:0420EB00013A86B37D
:0420EC000046A78380
:0420ED001CD6086392
:0420EE00FFE7F613FF
:0420EF0000C686336E
:0420F000004626037D
:0420F100001676134C
:0420F20014061A6353
:0420F300FFC7F79399
:0420F40000F9863336
:0420F5000D465863D9
:0420F6000017771345
:0420F70002071C635D
:0420F8000171262329
:0420F900FF842B83B2
:0420FA000161282335
:0420FB00417A8BB3E8
:0420FC00004BA703EB
:0420FD00FFC777138F
:0420FE0000E787B3BD
:0420FF0001378B33E7
:04210000334B5C639E
:0421010000E98B3333
:04210200294B5863AA
:0421030001012B03A8
:0421040000C12B8368
:0421050000048593BA
:0421060000090513B4
:04210700F44FF0EFB2
:042108000005049337
:042109004005086322
:04210A00FFC4278364
:04210B00FF85071332
:04210C00FFE7F7935F
:04210D0000FA87B39A
:04210E0024E78663D9
:04210F00FFC986136B
:0421100002400793EF
:042111002EC7E4638E
:04211200013007137E
:0421130020C76A6314
:042114000005079328
:0421150000040713A8
:042116000007268315
:0421170000D7A0232A
:0421180000472683D3
:0421190000D7A22326
:04211A000087270310
:04211B0000E7A42312
:04211C000004059323
:04211D00000905139D
:04211E00BCCFF0EF53
:04211F00000905139B
:04212000EB9FF0EF52
:0421210000812C030A
:0421220006C0006F84
:0421230001000A139A
:04212400F09A74E3D6
:0421250000C007935C
:0421260000F9202379
:04212700000004931D
:042128000540006FFF
:0421290000C6A783C2
:04212A000086A70381
:04212B0000812C0300
:04212C00000609930D
:04212D0000F726236E
:04212E0000E7A423FF
:04212F00004AA78338
:04213000414986B3E8
:0421310000F00613A1
:042132000017F79308
:04213300013A8733B3
:0421340008D6626304
:042135000137E7B3D4
:0421360000FAA223E6
:0421370000472783B3
:042138000017E79312
:0421390000F7222366
:04213A000009051380
:04213B00E4DFF0EFFE
:04213C000004049304
:04213D0002812403F4
:04213E0002C1208337
:04213F00020129036D
:0421400001C129832D
:0421410001812A03EB
:0421420001412A83AA
:0421430000048513FC
:0421440002412483AD
:04214500030101137E
:0421460000008067AE
:0421470000177713F3
:04214800EE071AE3A1
:0421490001712623D7
:04214A00FF842B8360
:04214B0001612823E3
:04214C00417A8BB396
:04214D00004BA70399
:04214E00FFC777133D
:04214F00EC9FF06FA2
:0421500002C1208325
:0421510002412483A0
:0421520000060593EB
:042153000301011370
:04215400E10FF06F38
:042155000147E7B3A4
:0421560000FAA223C6
:04215700014A85B301
:042158000016E693F4
:0421590000D5A223E8
:04215A000047278390
:04215B0000858593E3
:04215C00000905135E
:04215D000017E793ED
:04215E0000F7222341
:04215F00AC8FF0EF62
:04216000F69FF06F87
:04216100FFC7F7932A
:04216200013786B308
:04216300010A061354
:0421640026C6D06358
:0421650000177713D5
:04216600E6071EE387
:0421670001712623B9
:04216800FF842B8342
:0421690001612823C5
:04216A00417A8BB378
:04216B00004BA7037B
:04216C00FFC777131F
:04216D0000E787B34D
:04216E0001378B3377
:04216F00E4CB44E396
:0421700000CBA78376
:04217100008BA70335
:04217200FFC9861308
:04217300024006938D
:0421740000F7262327
:0421750000E7A423B8
:04217600008B8493C3
:0421770028C6E4632F
:042178000130071318
:042179000004879344
:04217A0002C77263C3
:04217B000004270332
:04217C0001B0079314
:04217D0000EBA423AC
:04217E0000442703EF
:04217F0000EBA623A8
:0421800026C7EA6321
:0421810000840413BF
:04218200010B879333
:04218300000427032A
:0421840000E7A023AD
:0421850000442703E8
:0421860000E7A223A9
:0421870000842703A6
:0421880000E7A423A5
:04218900014B87334C
:04218A00414B07B30B
:04218B0000EC24231D
:04218C000017E793BE
:04218D0000F7222312
:04218E00004BA783D8
:04218F00000905132B
:042190000017F793AA
:042191000147E7B368
:0421920000FBA22389
:04219300CEDFF0EFBC
:0421940001012B0317
:0421950000C12B83D7
:0421960000812C0395
:04219700E99FF06F5D
:042198000004268396
:0421990001B0071377
:04219A0000D5202329
:04219B000044268353
:04219C0000D5222325
:04219D0014C76E6392
:04219E00008407139F
:04219F00008507931D
:0421A000DD9FF06F60
:0421A100FFC52783CC
:0421A20000812C0389
:0421A300FFC7F793E8
:0421A40000F989B302
:0421A500E29FF06F56
:0421A60000CBA78340
:0421A700008BA703FF
:0421A800FFC98613D2
:0421A9000240069357
:0421AA0000F72623F1
:0421AB0000E7A42382
:0421AC00008B84938D
:0421AD0010C6E6630F
:0421AE0001300713E2
:0421AF00000487930E
:0421B00002C77C6383
:0421B10000042703FC
:0421B20001B00793DE
:0421B30000EBA42376
:0421B40000442703B9
:0421B50000EBA62372
:0421B60014C7F863EF
:0421B70000842783F6
:0421B80000FBA8235D
:0421B90000C42783B4
:0421BA0000FBAA2359
:0421BB000AD60C63D1
:0421BC000104041303
:0421BD00018B879378
:0421BE0000042703EF
:0421BF0000E7A02372
:0421C00000442703AD
:0421C10000E7A2236E
:0421C200008427036B
:0421C30000E7A4236A
:0421C400000B099370
:0421C500000B8A93EE
:0421C60001012B03E5
:0421C70000C12B83A5
:0421C80000812C0363
:0421C9000004841377
:0421CA00D95FF06F7A
:0421CB000004059374
:0421CC0096DFE0EFCB
:0421CD00D3DFF06FFD
:0421CE0000C6A7831D
:0421CF000086A703DC
:0421D000FFC98613AA
:0421D100024006932F
:0421D20000F72623C9
:0421D30000E7A4235A
:0421D400008BA703D2
:0421D50000CBA78311
:0421D600008B849363
:0421D70000F72623C4
:0421D80000E7A42355
:0421D90004C6EE63E7
:0421DA0001300713B6
:0421DB0000048793E2
:0421DC00F8C774E3E9
:0421DD0000042703D0
:0421DE0001B00793B2
:0421DF0000EBA4234A
:0421E000004427038D
:0421E10000EBA62346
:0421E2000AC7F063D5
:0421E300008427034A
:0421E400024007931B
:0421E50000EBA82340
:0421E60000C4270307
:0421E70000EBAA233C
:0421E800F4F618E30E
:0421E90001042703C3
:0421EA00020B8793CA
:0421EB000184041354
:0421EC0000EBAC2335
:0421ED00FFC4270301
:0421EE0000EBAE2331
:0421EF00F3DFF06FBB
:0421F000000405934F
:0421F100000485134E
:0421F2008D5FE0EF2E
:0421F300F45FF06F36
:0421F4000084270339
:0421F50000E52423BA
:0421F60000C42703F7
:0421F70000E52623B6
:0421F80006F6046380
:0421F90001040713C3
:0421FA000105079341
:0421FB00C6DFF06FDC
:0421FC00014A8AB357
:0421FD00414687B31D
:0421FE00015C242339
:0421FF000017E7934B
:0422000000FAA2231B
:04220100FFC427836C
:0422020000090513B7
:04220300000404933C
:042204000017F79335
:042205000147E7B3F3
:04220600FEF42E2391
:04220700B1DFF0EF64
:0422080000812C0322
:04220900CD1FF06F86
:04220A000084041335
:04220B00010B8793A9
:04220C00EC9FF06FE4
:04220D0000090513AC
:04220E00B01FF0EF1E
:04220F000000049334
:0422100000812C031A
:04221100CB1FF06F80
:04221200010426831A
:042213000184071328
:0422140001850793A6
:0422150000D52823A5
:0422160001442683D6
:0422170000D52A23A1
:04221800BF9FF06F05
:042219000004059325
:04221A000004851324
:04221B00831FE0EF4E
:04221C00DB5FF06F25
:04221D00008427838F
:04221E0000FBA823F6
:04221F0000C427834D
:0422200000FBAA23F2
:0422210000D6086378
:04222200010404139C
:04222300018B879311
:04222400D7DFF06FA1
:042225000104270386
:04222600020B87938D
:042227000184041317
:0422280000EBAC23F8
:04222900FFC42703C4
:04222A0000EBAE23F4
:04222B00D61FF06F5B
:04222C00FF0101139A
:04222D000011262353
:04222E000121202347
:04222F000E058263B3
:0422300000812423E2
:0422310000912223D3
:04223200000584130C
:04223300000504930B
:042234000005066338
:0422350003452783B3
:0422360010078063AA
:0422370006442783AF
:0422380000C41703C4
:042239000017F79300
:04223A000A07966396
:04223B0020077713EE
:04223C000E0708631E
:04223D000004059301
:04223E000004851300
:04223F00130000EF99
:0422400002C427832A
:042241000005091378
:0422420000078A63A4
:0422430001C425832A
:0422440000048513FA
:04224500000780E727
:042246000A054063E2
:0422470000C45783F5
:042248000807F793F9
:042249000A0792638B
:04224A0003042583E1
:04224B0000058C639B
:04224C0004040793EC
:04224D0000F58663AF
:04224E0000048513F0
:04224F00F09FE0EF2D
:042250000204282339
:042251000444258399
:042252000005886398
:0422530000048513EB
:04225400EF5FE0EF69
:042255000404222338
:04225600E24FD0EF94
:04225700064427838F
:042258000004162345
:042259000017F793E0
:04225A000A07866386
:04225B0005842503CE
:04225C00DF8FE0EF41
:04225D00E10FD0EFCE
:04225E0000C1208318
:04225F0000812403D3
:042260000041248392
:042261000009051358
:04226200000129034B
:042263000101011361
:04226400000080678F
:04226500F60710E385
:0422660000812403CC
:04226700004124838B
:042268000000091356
:0422690000C120830D
:04226A00000905134F
:04226B000001290342
:04226C000101011358
:04226D000000806786
:04226E0000C45783CE
:04226F00FFF0091360
:042270000807F793D1
:04227100F60782E307
:0422720001042583BB
:0422730000048513CB
:04227400E75FE0EF51
:04227500F55FF06FB2
:04227600D44FD0EF82
:04227700F01FF06FF5
:0422780005842503B1
:04227900D8CFE0EFEB
:04227A0000C4178302
:04227B00F00794E3F1
:04227C00064427836A
:04227D000017F793BC
:04227E00FA0790E3E8
:04227F0005842503AA
:04228000000009133E
:04228100D84FE0EF63
:0422820000812403B0
:04228300004124836F
:04228400F95FF06F9F
:0422850005842503A4
:04228600D70FE0EF9F
:04228700F51FF06FE0
:0422880000050593B5
:042289008281A503A6
:04228A00E89FF06F6A
:04228B0000C59703F0
:04228C00FE0101133B
:04228D0000812C237D
:04228E0001312623D1
:04228F0000112E23E9
:0422900000877793B9
:0422910000058413AD
:0422920000050993A7
:04229300120790633B
:04229400000017B778
:0422950080078793A4
:042296000045A683D6
:0422970000F767B332
:0422980000F5962394
:0422990018D05263A4
:04229A00028428038F
:04229B000E080463C2
:04229C0000912A2360
:04229D00013716935C
:04229E000009A4830C
:04229F000009A0236F
:0422A00001C42583CD
:0422A1001606CE63EC
:0422A200000006131F
:0422A300001006938E
:0422A4000009851395
:0422A500000800E746
:0422A600FFF00793AB
:0422A7000005061315
:0422A8001AF50463BC
:0422A90000C41783D3
:0422AA00028428037F
:0422AB0001C42583C2
:0422AC000047F7935D
:0422AD0000078E6335
:0422AE0000442703BE
:0422AF00030427837A
:0422B00040E60633CB
:0422B1000007866339
:0422B20003C42783B7
:0422B30040F60633B8
:0422B400000006938D
:0422B5000009851384
:0422B600000800E735
:0422B700FFF007939A
:0422B80012F51463A4
:0422B9000009A683EF
:0422BA0001D00793B5
:0422BB0000C4170341
:0422BC0016D7EA63E4
:0422BD00204007B7FF
:0422BE0000178793EB
:0422BF0000D7D7B3BA
:0422C0000017F79379
:0422C1001607806319
:0422C20001042603EA
:0422C300FFFFF7B76B
:0422C4007FF7879386
:0422C50000F777B3F4
:0422C60000F41623E7
:0422C70000042223CA
:0422C80000C420230B
:0422C900013717932F
:0422CA000007D463D2
:0422CB001006826314
:0422CC00030425835F
:0422CD000099A023B1
:0422CE001005846310
:0422CF000404079369
:0422D00000F586632C
:0422D1000009851368
:0422D200CFDFE0EF8B
:0422D300014124831E
:0422D40002042823B5
:0422D50000000513ED
:0422D60001C120839F
:0422D700018124035A
:0422D80000C1298395
:0422D90002010113EA
:0422DA000000806719
:0422DB000121282392
:0422DC000105A9034C
:0422DD000809026387
:0422DE0000912A231E
:0422DF000005A483CF
:0422E0000037771339
:0422E1000125A02310
:0422E200412484B35C
:0422E300000007935D
:0422E4000007146378
:0422E5000145A78385
:0422E60000F42423B9
:0422E70000904863B8
:0422E8000540006F3E
:0422E90000A909330C
:0422EA0004905663A3
:0422EB0002442783FF
:0422EC0001C4258381
:0422ED0000048693D0
:0422EE0000090613CA
:0422EF00000985134A
:0422F000000780E77C
:0422F10040A484B3CE
:0422F200FCA04EE31B
:0422F30000C4170309
:0422F40001012903B8
:0422F5000407671360
:0422F60001412483FB
:0422F70000E41623C6
:0422F800FFF00513DB
:0422F900F75FF06F2C
:0422FA0003C5A683EF
:0422FB00E6D04EE3F8
:0422FC00F65FF06F2A
:0422FD0001412483F4
:0422FE0001012903AE
:0422FF00F59FF06FE8
:0423000005042603A7
:04230100EADFF06FB0
:0423020000C41703F9
:042303000104268328
:04230400FFFFF7B729
:042305007FF7879344
:0423060000F777B3B2
:0423070000F41623A5
:042308000004222388
:0423090000D42023B9
:04230A0001371793ED
:04230B00F007D2E322
:04230C00030425831E
:04230D0004A42823D9
:04230E000099A0236F
:04230F00F00590E362
:0423100001412483E0
:04231100F11FF06F59
:042312000009A78394
:04231300E4078CE36C
:0423140001D00713DA
:0423150000E78C63EE
:042316000160071348
:0423170000E78863F0
:0423180000C41703E3
:04231900040767133B
:04231A00F71FF06F4A
:04231B000099A02362
:04231C0001412483D4
:04231D00EE1FF06F50
:04231E00FF010113A7
:04231F0000812423F2
:0423200000912223E3
:04232100001126235E
:042322000121202352
:04232300000504931A
:042324000005841319
:042325000005066346
:0423260003452783C1
:042327000A078A63B4
:0423280000C4178353
:042329000000091394
:04232A0004078063C1
:04232B00064427033A
:04232C00001777130C
:04232D00000716632C
:04232E002007F793FA
:04232F0004078463B8
:04233000000405930D
:04233100000485130C
:04233200D65FF0EF93
:0423330006442783B2
:042334000005091384
:042335000017F79303
:0423360000079863A1
:0423370000C4578304
:042338002007F793F0
:0423390004078463AE
:04233A0000C120833B
:04233B0000812403F6
:04233C0000412483B5
:04233D00000905137B
:04233E00000129036E
:04233F000101011384
:0423400000008067B2
:0423410005842503E7
:04234200A68FE0EF93
:0423430000040593FA
:0423440000048513F9
:04234500D19FF0EF45
:04234600064427839F
:042347000005091371
:042348000017F793F0
:04234900FC0792E318
:04234A00FB5FF06FD6
:04234B0005842503DD
:04234C00A58FE0EF8A
:04234D0000C1208328
:04234E0000812403E3
:04234F0000412483A2
:042350000009051368
:04235100000129035B
:042352000101011371
:04235300000080679F
:042354009CCFD0EF5B
:04235500F4DFF06F52
:042356000A050A6307
:04235700FF0101136E
:0423580000812423B9
:04235900012120231B
:04235A000011262325
:04235B0000912223A8
:04235C008281A903CE
:04235D000005041360
:04235E000009066309
:04235F000349278384
:042360000607846385
:0423610000C417831A
:0423620000000493E0
:042363000407806388
:042364000644270301
:0423650000177713D3
:0423660000071663F3
:042367002007F793C1
:0423680004078A6379
:0423690000040593D4
:04236A00000905134E
:04236B00C81FF0EFA8
:04236C000644278379
:04236D0000050493D0
:04236E000017F793CA
:04236F000007986368
:0423700000C45783CB
:042371002007F793B7
:0423720002078C636F
:0423730000C1208302
:0423740000812403BD
:042375000001290337
:0423760000048513C7
:04237700004124837A
:04237800010101134B
:042379000000806779
:04237A00000905133E
:04237B00930FD0EFFD
:04237C00F95FF06FA6
:04237D0005842503AB
:04237E00978FE0EF66
:04237F00FA9FF06F62
:0423800005842503A8
:04238100984FE0EFA2
:04238200FC5FF06F9D
:042383000000361709
:042384007F060613B7
:0423850000000597B8
:04238600E645859310
:042387000000351706
:042388007EC50513F6
:04238900805FD06F32
:04238A00FF0101133B
:04238B000081242386
:04238C000091222377
:04238D0000112623F2
:04238E0000050493AF
:04238F0000058413AE
:0423900000050663DB
:042391000345278356
:042392000A0786634D
:042393000644278352
:042394000017F793A4
:042395000007986342
:0423960000C45783A5
:042397002007F79391
:04239800080784634B
:042399000044278352
:04239A00FFF787932F
:04239B0000F4222305
:04239C000407C2630D
:04239D00000427838E
:04239E00001787138A
:04239F0000E4202313
:0423A0000007C483EB
:0423A1000644278344
:0423A2000017F79396
:0423A3000007986334
:0423A40000C4578397
:0423A5002007F79383
:0423A600020788633F
:0423A70000C12083CE
:0423A8000081240389
:0423A9000004851394
:0423AA000041248347
:0423AB000101011318
:0423AC000000806746
:0423AD000004851390
:0423AE00000405938F
:0423AF00588000EF63
:0423B000000504938D
:0423B100FC1FF06FAE
:0423B2000584250376
:0423B3008BCFE0EFFD
:0423B40000C12083C1
:0423B500008124037C
:0423B6000004851387
:0423B700004124833A
:0423B800010101130B
:0423B9000000806739
:0423BA00058425036E
:0423BB00884FE0EF78
:0423BC00F75FF06F68
:0423BD00828FD0EF4C
:0423BE00F55FF06F68
:0423BF00FF01011306
:0423C0000081242351
:0423C1000091222342
:0423C20000112623BD
:0423C3008281A483EC
:0423C40000050413F9
:0423C5000004866327
:0423C6000344A783A2
:0423C7000A07866318
:0423C800064427831D
:0423C9000017F7936F
:0423CA00000798630D
:0423CB0000C4578370
:0423CC002007F7935C
:0423CD000807846316
:0423CE00004427831D
:0423CF00FFF78793FA
:0423D00000F42223D0
:0423D1000407C263D8
:0423D2000004278359
:0423D3000017871355
:0423D40000E42023DE
:0423D5000007C483B6
:0423D600064427830F
:0423D7000017F79361
:0423D80000079863FF
:0423D90000C4578362
:0423DA002007F7934E
:0423DB00020788630A
:0423DC0000C1208399
:0423DD000081240354
:0423DE00000485135F
:0423DF000041248312
:0423E00001010113E3
:0423E1000000806711
:0423E200000485135B
:0423E300000405935A
:0423E4004B4000EF7B
:0423E5000005049358
:0423E600FC1FF06F79
:0423E7000584250341
:0423E800FE9FD0EF95
:0423E90000C120838C
:0423EA000081240347
:0423EB000004851352
:0423EC000041248305
:0423ED0001010113D6
:0423EE000000806704
:0423EF000584250339
:0423F000FB1FD0EF10
:0423F100F75FF06F33
:0423F200000485134B
:0423F300F51FC0EF23
:0423F400F51FF06F72
:0423F50000C5978305
:0423F600F8010113D6
:0423F70006812C230C
:0423F80006112E2379
:0423F9000027F713AF
:0423FA000005841343
:0423FB00020704636E
:0423FC00043587938A
:0423FD0000F5A02324
:0423FE0000F5A8231B
:0423FF000010079330
:0424000000F5AA2316
:0424010007C120836C
:042402000781240327
:0424030008010113B8
:0424040000008067ED
:0424050000E59583D6
:0424060006912A23EE
:04240700072128235E
:04240800073126234F
:042409000741242340
:04240A000005049332
:04240B000805C66397
:04240C000081061332
:04240D0040D000EFCC
:04240E0006054E630E
:04240F0000C127835E
:042410000000F93798
:04241100000019B7F7
:0424120000F9793321
:04241300FFFFE7B729
:0424140000F909338F
:04241500001939135E
:0424160040000A1365
:04241700800989931C
:04241800000A05931E
:042419000004851323
:04241A00AF9FE0EFA1
:04241B0000C417835F
:04241C000605086346
:04241D000807E79332
:04241E0000A42023D3
:04241F0000A42823CA
:0424200000F416238B
:0424210001442A2325
:042422000A09106330
:042423000137E7B3E3
:0424240007C1208349
:0424250000F4162386
:042426000781240303
:0424270007412483C2
:04242800070129037C
:0424290006C129833C
:04242A0006812A03FA
:04242B000801011390
:04242C0000008067C5
:04242D0000C417834D
:04242E000807F79311
:04242F00000009138D
:0424300004078E63AC
:0424310004000A1386
:04243200000A059304
:042433000004851309
:04243400A91FE0EF0D
:0424350000C4178345
:042436000000099306
:04243700F8051CE3A5
:042438002007F7136F
:0424390004071E6313
:04243A00FFC7F7934E
:04243B000027E793FC
:04243C00043407134A
:04243D0000F416236E
:04243E0000100793F0
:04243F0007412483AA
:042440000701290364
:0424410006C1298324
:0424420006812A03E2
:0424430000E420236E
:0424440000E4282365
:0424450000F42A2352
:04244600EEDFF06F66
:0424470040000A1334
:0424480000000993F4
:04244900F3DFF06F5E
:04244A0000E4158312
:04244B0000048513F1
:04244C00369000EFD7
:04244D000205106311
:04244E0000C417832C
:04244F00F51FF06F16
:042450000741248399
:042451000701290353
:0424520006C1298313
:0424530006812A03D1
:04245400EB5FF06FDB
:0424550000C45783E5
:04245600FFC7F79332
:042457000017E793F0
:04245800010797934E
:042459004107D793CD
:04245A00F25FF06FCE
:04245B00F90101136F
:04245C0006812423AE
:04245D0000058413DF
:04245E0000E595837D
:04245F00069122239D
:04246000072120230D
:042461000611262317
:0424620000060493D9
:0424630000068913D3
:042464000405CA633E
:0424650000810613D9
:042466002A9000EFC9
:0424670004054463C1
:0424680000C1270385
:042469000000F7B7C1
:04246A0006C1208304
:04246B0000E7F7B3DC
:04246C00FFFFE73750
:04246D0000E787B34A
:04246E0006812403BC
:04246F000017B79308
:0424700000F920232C
:04247100400007130D
:0424720000E4A023BF
:042473000000153719
:042474000641248376
:042475000601290330
:0424760080050513C5
:042477000701011345
:042478000000806779
:0424790000C45783C1
:04247A000807F793C5
:04247B000207886369
:04247C0006C12083F2
:04247D0006812403AD
:04247E0000000793C0
:04247F0000F920231D
:04248000040007133A
:0424810000E4A023B0
:042482000601290323
:042483000641248367
:04248400000005133C
:042485000701011337
:04248600000080676B
:0424870006C12083E7
:0424880006812403A2
:0424890000F9202313
:04248A0040000713F4
:04248B0000E4A023A6
:04248C000601290319
:04248D00064124835D
:04248E000000051332
:04248F00070101132D
:042490000000806761
:04249100FE01011334
:0424920000812C2376
:0424930001212A23D6
:0424940000112E23E2
:042495000005091322
:042496000006041325
:0424970000050663D3
:04249800034527834E
:042499000C07866343
:04249A00064427834A
:04249B000017F7939C
:04249C00000798633A
:04249D0000C457839D
:04249E002007F79389
:04249F000807806347
:0424A000008427830A
:0424A100FFF7879327
:0424A20000F42423FB
:0424A3000007DC63EF
:0424A4000184270385
:0424A50004E7CA631B
:0424A6000FF5F793A4
:0424A70000A0071377
:0424A80004E784635E
:0424A9000004278381
:0424AA000FF5F9131E
:0424AB00001787137C
:0424AC0000E4202305
:0424AD0000B78023D1
:0424AE000644278336
:0424AF000017F79388
:0424B0000007986326
:0424B10000C4578389
:0424B2002007F79375
:0424B3000407826335
:0424B40001C12083BF
:0424B500018124037A
:0424B6000009051301
:0424B70001412903B3
:0424B8000201011309
:0424B9000000806738
:0424BA0000090513FD
:0424BB000004061300
:0424BC002A0000EF03
:0424BD0000050913FA
:0424BE00FC1FF06FA0
:0424BF000584250368
:0424C00000B126231E
:0424C100C6DFD0EFB3
:0424C20000C12583AD
:0424C300F75FF06F60
:0424C4000584250363
:0424C500C75FD0EF2E
:0424C60001C12083AD
:0424C7000181240368
:0424C80000090513EF
:0424C90001412903A1
:0424CA0002010113F7
:0424CB000000806726
:0424CC0000B1262312
:0424CD00BE9FC0EFFF
:0424CE0000C12583A1
:0424CF00F2DFF06FD9
:0424D000FF010113F4
:0424D100008124233F
:0424D2000091222330
:0424D30001212023A0
:0424D40000112623AA
:0424D5008281A90354
:0424D6000005049366
:0424D7000005841365
:0424D800000906638E
:0424D9000349278309
:0424DA000C07886300
:0424DB000644278309
:0424DC000017F7935B
:0424DD0000079863F9
:0424DE0000C457835C
:0424DF002007F79348
:0424E0000807846302
:0424E10000842783C9
:0424E200FFF78793E6
:0424E30000F42423BA
:0424E4000007DC63AE
:0424E5000184270344
:0424E60004E7CC63D8
:0424E7000FF4F79364
:0424E80000A0071336
:0424E90004E786631B
:0424EA000004278340
:0424EB000FF4F913DE
:0424EC00001787133B
:0424ED0000E42023C4
:0424EE0000978023B0
:0424EF0006442783F5
:0424F0000017F79347
:0424F10000079863E5
:0424F20000C4578348
:0424F3002007F79334
:0424F40004078263F4
:0424F50000C120837F
:0424F600008124033A
:0424F70000412483F9
:0424F80000090513BF
:0424F90000012903B2
:0424FA0001010113C8
:0424FB0000008067F6
:0424FC0000090513BB
:0424FD0000040613BE
:0424FE0000048593BE
:0424FF00194000EF91
:0425000000050913B6
:04250100FB9FF06FDD
:042502000584250324
:04250300B65FD0EF00
:04250400F75FF06F1E
:042505000584250321
:04250600B71FD0EF3C
:0425070000C120836C
:042508000081240327
:0425090000412483E6
:04250A0000090513AC
:04250B00000129039F
:04250C0001010113B5
:04250D0000008067E3
:04250E0000090513A8
:04250F00AE1FC0EF4C
:04251000F2DFF06F97
:04251100FF010113B2
:0425120000812423FD
:0425130000912223EE
:042514000011262369
:042515000005049326
:042516000005841325
:042517000005066352
:0425180003452783CD
:0425190006078C63C2
:04251A0000C41703DF
:04251B0006442783C8
:04251C0001271693EA
:04251D000206C0638F
:04251E00FFFFE6B71E
:04251F00FFF68693AA
:04252000000026375A
:0425210000C7673355
:0425220000D7F7B334
:0425230000E4162397
:0425240006F4222374
:0425250001279713E0
:0425260004074663FD
:042527000004059314
:042528000004851313
:042529001DD000EFD2
:04252A0002051E6325
:04252B00000427037E
:04252C0000442783BD
:04252D0000170693FA
:04252E00FFF7879399
:04252F0000F422236F
:0425300000D4202390
:042531000007450357
:0425320000C1208341
:0425330000812403FC
:0425340000412483BB
:04253500010101138C
:0425360000008067BA
:04253700A41FC0EF2E
:04253800F89FF06FA9
:04253900FFF0051397
:04253A00FE1FF06F21
:04253B00FE01011389
:04253C0000812C23CB
:04253D0000112E2338
:04253E00000504137D
:04253F008281A503ED
:042540000005066329
:0425410003452783A4
:04254200060788639D
:0425430000C41703B6
:04254400064427839F
:0425450001271693C1
:042546000206C06366
:04254700FFFFE6B7F5
:04254800FFF6869381
:042549000000263731
:04254A0000C767332C
:04254B0000D7F7B30B
:04254C0000E416236E
:04254D0006F422234B
:04254E0001279713B7
:04254F0004074663D4
:0425500000040593EB
:0425510013D000EFB4
:042552000405106309
:042553000004270356
:042554000044278395
:0425550000170693D2
:04255600FFF7879371
:0425570000F4222347
:0425580000D4202368
:04255900000745032F
:04255A0001C1208318
:04255B0001812403D3
:04255C000201011364
:04255D000000806793
:04255E0000A126238F
:04255F009A1FC0EF10
:0425600000C125038E
:04256100F89FF06F80
:04256200FFF005136E
:04256300FDDFF06F39
:04256400FE01011360
:0425650000812C23A2
:0425660000912A2393
:042567000121282303
:0425680000112E230D
:04256900000509134D
:04256A000005849351
:04256B00000604134F
:04256C0000050663FD
:04256D000345278378
:04256E001207886365
:04256F0001842703B9
:0425700000C4178309
:0425710000E424233B
:042572000087F713D4
:0425730008070863EA
:042574000104270334
:0425750008070463EC
:0425760001312623E6
:04257700012796930F
:042578000FF4F993D0
:0425790006442703EA
:04257A000FF4F493D3
:04257B000806DE630D
:04257C000127179389
:04257D000C07C6631E
:04257E00000427032B
:04257F0001042783A9
:042580000144268369
:0425810040F707B365
:042582000CD7D2633D
:042583000017879323
:042584000084268326
:042585000017061322
:0425860000C420234A
:04258700FFF6869342
:0425880000D4242334
:0425890001370023F3
:04258A0001442703DE
:04258B0008F70263E8
:04258C0000C45783AD
:04258D000017F793A9
:04258E000607986341
:04258F0000C12983DB
:0425900001C12083E2
:04259100018124039D
:042592000101290317
:0425930000048513A8
:04259400014124835A
:04259500020101132B
:04259600000080675A
:0425970000040593A4
:04259800000905131E
:04259900CACFD0EFE6
:04259A0004051E63B3
:04259B0000C41783DE
:04259C0001312623C0
:04259D0006442703C6
:04259E0001279693E8
:04259F000FF4F993A9
:0425A0000FF4F493AD
:0425A100F606C6E391
:0425A200FFFFE6B79A
:0425A300FFF6869326
:0425A40000002637D6
:0425A50000C7E7B3D1
:0425A60000D77733B0
:0425A70000F4162303
:0425A80006E4222300
:0425A900F4DFF06FFC
:0425AA0000A00793F3
:0425AB00F8F498E3C5
:0425AC00000405938F
:0425AD000009051309
:0425AE00DC0FF0EF5F
:0425AF00F80500E348
:0425B00000C12983BA
:0425B100FFF00493A0
:0425B200F79FF06F30
:0425B3000004059388
:0425B4000009051302
:0425B500DA4FF0EF1A
:0425B600FE0514E327
:0425B70000042703F2
:0425B8000010079375
:0425B900F2DFF06FEE
:0425BA00835FC0EF8C
:0425BB00ED1FF06FB1
:0425BC00000586137D
:0425BD00000505937D
:0425BE008281A5036E
:0425BF00E95FF06F71
:0425C00011852783D7
:0425C1000007866326
:0425C20000000513FD
:0425C300000080672D
:0425C400FF010113FF
:0425C5000800059372
:0425C6000081242349
:0425C70000112623B6
:0425C80000050413F3
:0425C900C3CFE0EFAD
:0425CA0010A42C230A
:0425CB00020504639E
:0425CC000805079364
:0425CD0000052023C2
:0425CE0000450513AC
:0425CF00FEF51CE316
:0425D00000000513EF
:0425D10000C12083A2
:0425D200008124035D
:0425D30001010113EE
:0425D400000080671C
:0425D500FFF00513FB
:0425D600FEDFF06FC5
:0425D700FE010113ED
:0425D80000912A2321
:0425D90000112E239C
:0425DA0001F0079372
:0425DB000005049360
:0425DC0002B7EC63F3
:0425DD0011852783BA
:0425DE0000812C2329
:0425DF00000584135C
:0425E00002078C63FF
:0425E10000241413AB
:0425E200008787B334
:0425E300018124034B
:0425E4000007A50344
:0425E50000C7A02368
:0425E60001C120838C
:0425E7000141248307
:0425E80002010113D8
:0425E9000000806707
:0425EA0001600793F2
:0425EB0000F52023B4
:0425EC00FFF00513E4
:0425ED00FE5FF06F2E
:0425EE000800059349
:0425EF0000C12623DE
:0425F000BA0FE0EF4F
:0425F10010A4AC2363
:0425F20000C12603FB
:0425F3000005079345
:0425F40000050713C4
:0425F500080506933C
:0425F60000050A636F
:0425F7000007202396
:0425F800004707137E
:0425F900FED71CE30A
:0425FA00F9DFF06FA6
:0425FB000181240333
:0425FC00FFF00513D4
:0425FD00FA5FF06F22
:0425FE00FF010113C5
:0425FF000091222302
:04260000001126237C
:0426010001F007934A
:042602000005049338
:042603000AB7E063CF
:042604001185278392
:042605000081242309
:042606000005841334
:0426070004078463DD
:0426080000259713FF
:0426090000E787B3AC
:04260A000007A7031B
:04260B0002070C6353
:04260C000010069321
:04260D0000D70C6383
:04260E00FFF0069340
:04260F0004D7086381
:042610000007A023FC
:042611000005851328
:04261200000700E7D6
:04261300008124031B
:0426140000000513AA
:0426150000C120835D
:0426160000412483D8
:0426170001010113A9
:0426180000008067D7
:042619000004851321
:04261A00534000EF3A
:04261B00000406139E
:04261C000081240312
:04261D0000C1208355
:04261E00000505931B
:04261F00000485131B
:0426200000412483CE
:04262100010101139F
:042622004BC0006F3A
:04262300008124030B
:0426240000C120834E
:0426250001600793B6
:0426260000F5202378
:0426270000412483C7
:042628000010051386
:042629000101011397
:04262A0000008067C5
:04262B0001600793B0
:04262C0000F5202372
:04262D00FFF00513A2
:04262E00F9DFF06F71
:04262F0001F007931C
:042630000CB7EA6396
:042631001185278365
:04263200FF01011390
:0426330000812423DB
:0426340000912223CC
:042635000011262347
:042636000005841304
:042637000005049303
:0426380008078063AC
:04263900002417134F
:04263A0000E787B37B
:04263B000007A703EA
:04263C0002070C6322
:04263D00FFF0069311
:04263E0006D7006358
:04263F0000100693EE
:0426400004D7006358
:042641000004051379
:042642000007A023CA
:04264300000700E7A5
:04264400000005137A
:0426450000C120832D
:0426460000812403E8
:0426470000412483A7
:042648000101011378
:0426490000008067A6
:04264A0000C1208328
:04264B0000812403E3
:04264C0000412483A2
:04264D000010051361
:04264E000101011372
:04264F0000008067A0
:0426500000C1208322
:0426510000812403DD
:04265200004124839C
:04265300003005133B
:04265400010101136C
:04265500000080679A
:042656000020051348
:04265700FB9FF06F86
:0426580008000593DE
:042659009FCFE0EF40
:04265A0010A4AC23F9
:04265B0000050793DC
:04265C0000050E6304
:04265D00000507135A
:04265E0008050693D2
:04265F00000720232D
:042660000047071315
:04266100FED71CE3A1
:04266200F5DFF06F41
:04266300FFF005136C
:04266400F85FF06FBC
:04266500FFF005136A
:042666000000806789
:04266700FF0101135B
:042668000091222398
:042669000011262313
:04266A0001F00793E1
:04266B008281A48341
:04266C0008A7EE636A
:04266D001184A783AA
:04266E0000812423A0
:04266F00000504134B
:042670000407826376
:042671000025171316
:0426720000E787B343
:042673000007A703B2
:0426740002070A63EC
:0426750000100693B8
:0426760000D70A631C
:04267700FFF00693D7
:0426780004D706631A
:042679000007A02393
:04267A00000700E76E
:04267B0000812403B3
:04267C000000051342
:04267D0000C12083F5
:04267E000041248370
:04267F000101011341
:04268000000080676F
:0426810000048513B9
:04268200394000EFEC
:042683000004061336
:0426840000812403AA
:0426850000C12083ED
:0426860000050593B3
:0426870000048513B3
:042688000041248366
:042689000101011337
:04268A0031C0006FEC
:04268B0000812403A3
:04268C0000C12083E6
:04268D00016007934E
:04268E0000F4A02391
:04268F00001005131F
:04269000004124835E
:04269100010101132F
:04269200000080675D
:042693000160079348
:0426940000F4A0238B
:04269500FFF005133A
:04269600F9DFF06F09
:04269700FF0101132B
:0426980001212023D9
:0426990000112623E3
:04269A0001F00793B1
:04269B008281A9038C
:04269C0004A7E2634A
:04269D000081242371
:04269E00000504131C
:04269F001189250375
:0426A0000091222360
:0426A1000005849319
:0426A20002050E63BC
:0426A30000241413E8
:0426A400008507B3F3
:0426A5000007A50382
:0426A6000081240388
:0426A7000097A023D5
:0426A8000041248346
:0426A90000C12083C9
:0426AA0000012903FF
:0426AB000101011315
:0426AC000000806743
:0426AD00016007932E
:0426AE0000F92023EC
:0426AF00FFF0051320
:0426B000FE5FF06F6A
:0426B1000800059385
:0426B2000009051303
:0426B300894FE0EF7C
:0426B40010A92C231A
:0426B5000005079382
:0426B60008050713F9
:0426B70000050A63AD
:0426B8000007A02354
:0426B90000478793BC
:0426BA00FEF71CE328
:0426BB00FA1FF06FA3
:0426BC000081240372
:0426BD000041248331
:0426BE00FFF0051311
:0426BF00FA9FF06F1F
:0426C000FF01011302
:0426C100008124234D
:0426C2008281A4036A
:0426C30011842783D4
:0426C40000112623B8
:0426C50000078C631B
:0426C60000000513F8
:0426C70000C12083AB
:0426C8000081240366
:0426C90001010113F7
:0426CA000000806725
:0426CB00080005936B
:0426CC0000040513EE
:0426CD0082CFE0EFE9
:0426CE0010A42C2305
:0426CF0000050C6393
:0426D000080507935F
:0426D10000052023BD
:0426D20000450513A7
:0426D300FEF51CE311
:0426D400FC9FF06F08
:0426D500FFF00513FA
:0426D600FC5FF06F46
:0426D700FF010113EB
:0426D8000091222328
:0426D90000112623A3
:0426DA0001F0079371
:0426DB008281A483D1
:0426DC000CA7E46300
:0426DD001184A7833A
:0426DE000081242330
:0426DF0000050413DB
:0426E0000807826302
:0426E10000241713A7
:0426E20000E787B3D3
:0426E3000007A70342
:0426E40002070C637A
:0426E500FFF0069369
:0426E60006D70063B0
:0426E7000010069346
:0426E80004D70063B0
:0426E90000040513D1
:0426EA000007A02322
:0426EB00000700E7FD
:0426EC000081240342
:0426ED0000000513D1
:0426EE0000C1208384
:0426EF0000412483FF
:0426F00001010113D0
:0426F10000008067FE
:0426F200008124033C
:0426F30000C120837F
:0426F40000412483FA
:0426F50000100513B9
:0426F60001010113CA
:0426F70000008067F8
:0426F8000081240336
:0426F90000C1208379
:0426FA0000412483F4
:0426FB000030051393
:0426FC0001010113C4
:0426FD0000008067F2
:0426FE000081240330
:0426FF00002005139F
:04270000FB9FF06FDC
:042701000800059334
:042702000004851337
:04270300F55FD0EFBF
:0427040010A4AC234E
:042705000005079331
:0427060000050E6359
:0427070000050713AF
:042708000805069327
:042709000007202382
:04270A00004707136A
:04270B00FEE69CE367
:04270C00F55FF06F16
:04270D000081240320
:04270E00FFF00513C0
:04270F00F7DFF06F91
:04271000FF010113B1
:042711000005871325
:0427120000812423FB
:042713000006059324
:0427140000050413A5
:0427150000070513A1
:042716000401A623F1
:042717000011262364
:0427180065C000EFA9
:04271900FFF0079333
:04271A0000F50A6359
:04271B0000C1208356
:04271C000081240311
:04271D0001010113A2
:04271E0000008067D0
:04271F0004C1A783C7
:04272000FE0786E347
:0427210000C1208350
:0427220000F420237C
:04272300008124030A
:04272400010101139B
:0427250000008067C9
:04272600FF0101139B
:0427270000812423E6
:042728000005041391
:04272900000585130F
:04272A000401A623DD
:04272B000011262350
:04272C0072C000EF88
:04272D00FFF007931F
:04272E0000F50A6345
:04272F0000C1208342
:0427300000812403FD
:04273100010101138E
:0427320000008067BC
:0427330004C1A783B3
:04273400FE0786E333
:0427350000C120833C
:0427360000F4202368
:0427370000812403F6
:042738000101011387
:0427390000008067B5
:04273A00FF01011387
:04273B0000058713FB
:04273C0000812423D1
:04273D0000060593FA
:04273E00000504137B
:04273F0000068613F7
:042740000007051376
:042741000401A623C6
:042742000011262339
:04274300341000EF5F
:04274400FFF0079308
:0427450000F50A632E
:0427460000C120832B
:0427470000812403E6
:042748000101011377
:0427490000008067A5
:04274A0004C1A7839C
:04274B00FE0786E31C
:04274C0000C1208325
:04274D0000F4202351
:04274E0000812403DF
:04274F000101011370
:04275000000080679E
:04275100FF01011370
:0427520000058713E4
:0427530000812423BA
:0427540000060593E3
:042755000005041364
:042756000007051360
:042757000401A623B0
:042758000011262323
:042759007AC000EF53
:04275A00FFF00793F2
:04275B0000F50A6318
:04275C0000C1208315
:04275D0000812403D0
:04275E000101011361
:04275F00000080678F
:0427600004C1A78386
:04276100FE0786E306
:0427620000C120830F
:0427630000F420233B
:0427640000812403C9
:04276500010101135A
:042766000000806788
:042767005E00006FA1
:04276800FF01011359
:0427690000812423A4
:04276A00000504134F
:04276B0000058513CD
:04276C000401A6239B
:04276D00001126230E
:04276E00541000EF14
:04276F00FFF00793DD
:0427700000F50A6303
:0427710000C1208300
:0427720000812403BB
:04277300010101134C
:04277400000080677A
:0427750004C1A78371
:04277600FE0786E3F1
:0427770000C12083FA
:0427780000F4202326
:0427790000812403B4
:04277A000101011345
:04277B000000806773
:04277C00FF01011345
:04277D000081242390
:04277E0000001797A9
:04277F0010C7879365
:04278000000014172A
:0427810010440413E9
:0427820040F40433E8
:04278300009122237C
:0427840000112623F7
:042785004024549305
:042786000204806366
:04278700FFC4041374
:0427880000F4043322
:04278900000427839E
:04278A00FFF4849341
:04278B00FFC4041370
:04278C00000780E7DB
:04278D00FE0498E3CB
:04278E0000C12083E3
:04278F00008124039E
:04279000004124835D
:04279100010101132E
:04279200000080675C
:0427930000060693A3
:0427940000058613A3
:0427950000050593A3
:042796008281A50394
:042797008A4FD06F26
:0427980000C5D7831E
:042799000090071392
:04279A000097F7931A
:04279B0000E786636A
:04279C000000051321
:04279D000000806751
:04279E008281A5038C
:04279F00DFDFE06F29
:0427A000FF01011321
:0427A100008124236C
:0427A200009122235D
:0427A30000112623D8
:0427A4000005049395
:0427A5000005841394
:0427A60000050663C1
:0427A700034527833C
:0427A8001407886327
:0427A90000C41783CE
:0427AA0000042223E2
:0427AB000207F71317
:0427AC0014071E638D
:0427AD000047F713D7
:0427AE0006071A639D
:0427AF000107F71314
:0427B00014070A639D
:0427B1000087F71393
:0427B2001007106399
:0427B30001212023BD
:0427B4000047E79360
:0427B50000F41623F3
:0427B6000104278370
:0427B700080782632A
:0427B80000C419033D
:0427B90000397793D9
:0427BA000807986311
:0427BB0001042603EC
:0427BC000204278369
:0427BD00014426832A
:0427BE0001C42583AA
:0427BF0000C420230F
:0427C0000004851379
:0427C100000780E7A6
:0427C20000A422232A
:0427C3000EA05663AB
:0427C40000012903E4
:0427C50000000513F8
:0427C60000C12083AB
:0427C7000081240366
:0427C8000041248325
:0427C90001010113F6
:0427CA000000806724
:0427CB00030425835B
:0427CC00020582631D
:0427CD000404079366
:0427CE0000F5866329
:0427CF00000485136A
:0427D000905FD0EF57
:0427D10003C4278393
:0427D20002042823B2
:0427D30000F42223C9
:0427D40006079663FB
:0427D5000104278351
:0427D600012120239A
:0427D700F80792E38A
:0427D8000004059361
:0427D9000004851360
:0427DA0086CFF0EFC7
:0427DB0000C419031A
:0427DC0000397793B6
:0427DD00F6078CE38C
:0427DE00001007934D
:0427DF0000F41623C9
:0427E00000002617B8
:0427E10067C60613AE
:0427E2000000059757
:0427E300ED85859368
:0427E40000002517B5
:0427E50067850513EC
:0427E600E90FC0EF48
:0427E70000900793C4
:0427E800012416238F
:0427E90000997913C7
:0427EA00F4F912E309
:0427EB00000405934E
:0427EC00000485134D
:0427ED00A79FE0EFD3
:0427EE00F35FF06F36
:0427EF0003842783B5
:0427F00000F42023AE
:0427F100F51FF06F71
:0427F2000004059347
:0427F3000004851346
:0427F400CA9FE0EFA9
:0427F50002051C635A
:0427F60000C4178381
:0427F7000121202379
:0427F8000004242392
:0427F90000042C2389
:0427FA00FF77F793DB
:0427FB00EE5FF06F2E
:0427FC00F2DFB0EF69
:0427FD00EB1FF06F6F
:0427FE0000C4178379
:0427FF000205186354
:0428000000012903A7
:042801000207E79350
:0428020000F41623A5
:04280300FFF00513CA
:04280400F09FF06FE2
:042805000090071325
:0428060000E4A02327
:042807000407E79348
:0428080000F416239F
:04280900FFF00513C4
:04280A00EF1FF06F5D
:04280B000407E79344
:04280C00000129039B
:04280D00000422237E
:04280E0000F4162399
:04280F00FFF00513BE
:04281000ED9FF06FD9
:0428110000050613A5
:0428120000000513AA
:042813000015F69323
:0428140000068463D3
:0428150000C50533C2
:042816000015D59341
:04281700001616137E
:04281800FE0596E340
:0428190000008067D4
:04281A00060540630C
:04281B000605C66385
:04281C00000586131A
:04281D00000505931A
:04281E00FFF00513AF
:04281F0002060C633E
:04282000001006930B
:0428210000B67A6320
:0428220000C0586337
:042823000016161372
:042824000016969371
:04282500FEB66AE3AE
:042826000000051396
:0428270000C5E6639F
:0428280040C585B36F
:0428290000D565333E
:04282A000016D6932B
:04282B00001656132A
:04282C00FE0696E32B
:04282D0000008067C0
:04282E000000829391
:04282F00FB5FF0EF6C
:042830000005851307
:0428310000028067BA
:0428320040A005338A
:0428330000B0486346
:0428340040B005B3F8
:04283500F9DFF06F68
:0428360040B005B3F6
:042837000000829388
:04283800F91FF0EFA5
:0428390040A0053383
:04283A0000028067B1
:04283B000000829384
:04283C000005CA6366
:04283D0000054C63E3
:04283E00F79FF0EF21
:04283F0000058513F8
:0428400000028067AB
:0428410040B005B3EB
:04284200FE0558E354
:0428430040A0053379
:04284400F61FF0EF9C
:0428450040B0053367
:0428460000028067A5
:04284700FF01011379
:042848000011262332
:0428490000812423C3
:04284A000101041371
:04284B0081C1A7831D
:04284C0000078A6394
:04284D0081C1A7831B
:04284E00000780E718
:04284F0000050793E6
:042850000080006F95
:0428510004C18793A4
:0428520000078513E3
:0428530000C120831D
:0428540000812403D8
:042855000101011369
:042856000000806797
:04285700FD0101136B
:042858000211262320
:0428590002812423B1
:04285A00030104135F
:04285B00FCA42E2388
:04285C00FDC427830D
:04285D000207C46347
:04285E00FDC427038B
:04285F0000070793D4
:042860000017979333
:0428610000E787B352
:042862000027979321
:042863000000C73773
:0428640047C7071348
:0428650000E787B34E
:042866000080006F7F
:0428670000000793D3
:04286800FEF4242333
:04286900FE8427833F
:04286A000607866374
:04286B00FE8427833D
:04286C000007A78337
:04286D000107A78335
:04286E00020780637A
:04286F00FE84278339
:042870000007A78333
:042871000107A78331
:04287200FE842503B8
:04287300000780E7F3
:0428740000050793C1
:042875000080006F70
:0428760000000793C4
:04287700FEF4262322
:04287800FDC4250373
:04287900B38FB0EF7A
:04287A00FEC42783EE
:04287B000207D0631D
:04287C00F2DFF0EFA8
:04287D000005071338
:04287E00FEC42783EA
:04287F0040F007B36B
:0428800000F720231A
:04288100FFF00793CA
:042882000200006FE1
:0428830000000793B7
:042884000180006F60
:04288500F09FF0EFE1
:04288600000507132F
:04288700051007939E
:0428880000F7202312
:04288900FFF00793C2
:04288A0000078513AB
:04288B0002C12083E3
:04288C00028124039E
:04288D00030101132F
:04288E00000080675F
:04288F00FD01011333
:042890000281262378
:042891000301041328
:04289200FCA42E2351
:04289300000000132E
:04289400FDC42783D5
:04289500FEF4262304
:04289600FEC4250354
:04289700000507939E
:04289800000786634C
:042899007C1030136C
:04289A000080006F4B
:04289B007C2030135A
:04289C000000001325
:04289D000000001324
:04289E00FFDFF06FF9
:04289F00FF01011321
:0428A00000112623DA
:0428A100008124236B
:0428A2000101041319
:0428A30081C1A783C5
:0428A40000078A633C
:0428A50081C1A783C3
:0428A600000780E7C0
:0428A700000507938E
:0428A8000080006F3D
:0428A90004C187934C
:0428AA00000785138B
:0428AB0000C12083C5
:0428AC000081240380
:0428AD000101011311
:0428AE00000080673F
:0428AF00FD01011313
:0428B00002112623C8
:0428B1000281242359
:0428B2000301041307
:0428B300FCA42E2330
:0428B400FCB42C2321
:0428B500FDC42783B4
:0428B6000207C463EE
:0428B700FDC4270332
:0428B800000707937B
:0428B90000179793DA
:0428BA0000E787B3F9
:0428BB0000279793C8
:0428BC000000C7371A
:0428BD0047C70713EF
:0428BE0000E787B3F5
:0428BF000080006F26
:0428C000000007937A
:0428C100FEF42623D8
:0428C200FEC42783A6
:0428C300040784631F
:0428C400FEC42783A4
:0428C5000007A783DE
:0428C6000207A783DB
:0428C700020782631F
:0428C800FEC42783A0
:0428C9000007A783DA
:0428CA000207A783D7
:0428CB00FD842583E0
:0428CC00FEC425031E
:0428CD00000780E799
:0428CE000005079367
:0428CF0002C0006FD4
:0428D000FD842783D9
:0428D10000002737A5
:0428D20000E7A22356
:0428D3000000079367
:0428D4000180006F10
:0428D500F29FF0EF8F
:0428D60000050713DF
:0428D700051007934E
:0428D80000F72023C2
:0428D900FFF0079372
:0428DA00000785135B
:0428DB0002C1208393
:0428DC00028124034E
:0428DD0003010113DF
:0428DE00000080670F
:0428DF00FF010113E1
:0428E000008126232A
:0428E10001010413DA
:0428E2000000079358
:0428E3000007851352
:0428E40000C1240308
:0428E50001010113D9
:0428E6000000806707
:0428E700FF010113D9
:0428E8000011262392
:0428E9000081242323
:0428EA0001010413D1
:0428EB0081C1A7837D
:0428EC0000078A63F4
:0428ED0081C1A7837B
:0428EE00000780E778
:0428EF000005079346
:0428F0000080006FF5
:0428F10004C1879304
:0428F2000007851343
:0428F30000C120837D
:0428F4000081240338
:0428F50001010113C9
:0428F60000008067F7
:0428F700F7010113D1
:0428F800081126237A
:0428F900088124230B
:0428FA0009010413B9
:0428FB00F6A42E23EE
:0428FC000701A70326
:0428FD00FEE42623AC
:0428FE0000000713BC
:0428FF00F8042A238C
:04290000F7C427836E
:042901000207C463A2
:04290200F7C42703EC
:04290300000707932F
:04290400001797938E
:0429050000E787B3AD
:04290600002797937C
:042907000000C737CE
:0429080047C70713A3
:0429090000E787B3A9
:04290A000080006FDA
:04290B00000007932E
:04290C00F8F4262392
:04290D00F8C4278360
:04290E0004078A63CD
:04290F00F8C427835E
:042910000007A78392
:042911000207A7838F
:0429120000079663C1
:042913000010079316
:042914000500006F4B
:04291500F904079327
:04291600000785939E
:04291700F7C42503D9
:0429180028D000EFD4
:04291900000507931B
:04291A000007D66379
:04291B00000007931E
:04291C000300006F45
:04291D00F94427034F
:04291E00FFFFE7B719
:04291F0000F707B303
:042920000017B79352
:042921000FF7F79322
:042922000180006FC1
:04292300F11FF0EFC1
:042924000005071390
:0429250005100793FF
:0429260000F7202373
:042927000000079312
:04292800000787130A
:04292900FEC426833F
:04292A000701A78377
:04292B0000F6C7B338
:04292C00000006930E
:04292D0000078463B8
:04292E00B29FC0EFA5
:04292F000007051385
:0429300008C1208337
:0429310008812403F2
:042932000901011383
:0429330000008067B9
:04293400FF0101138B
:042935000011262344
:0429360000812423D5
:042937000101041383
:0429380081C1A7832F
:0429390000078A63A6
:04293A0081C1A7832D
:04293B00000780E72A
:04293C0000050793F8
:04293D000080006FA7
:04293E0004C18793B6
:04293F0000078513F5
:0429400000C120832F
:0429410000812403EA
:04294200010101137B
:0429430000008067A9
:04294400FD0101137D
:042945000211262332
:0429460002812423C3
:042947000301041371
:04294800FCA42E239A
:04294900FCB42C238B
:04294A00FE0426233E
:04294B00FDC427831D
:04294C0006F04E63E0
:04294D00FD8427835B
:04294E00080784638F
:04294F00FD84278359
:042950000607C06353
:04295100FD842703D7
:0429520001F00793F6
:0429530004E7CA6368
:04295400FD842703D4
:0429550000300793B4
:0429560004F74463DB
:04295700FD84278351
:042958000010071351
:0429590000F717B3B9
:04295A00CF810737EB
:04295B00F7870713E0
:04295C0000E7F73366
:04295D0000E037332C
:04295E000FF77713E5
:04295F0000071E63EC
:042960000011073724
:0429610000E7F7B3E1
:0429620000F037B397
:042963000FF7F793E0
:0429640002079C6367
:0429650000C0006F3F
:042966000000051355
:04296700CA1FF0EFA4
:042968000160079370
:04296900FEF426232F
:04296A000240006FB8
:04296B00FDC42783FD
:04296C0000F05E63B6
:04296D00003007939C
:04296E00FEF426232A
:04296F000100006FF4
:042970000000001350
:042971000080006F73
:04297200000000134E
:04297300FEC42783F4
:0429740000078E6367
:04297500EFDFF0EFB1
:04297600000507133E
:04297700FEC42783F0
:0429780000F7202321
:04297900FFF00793D1
:04297A000080006F6A
:04297B0000000793BE
:04297C0000078513B8
:04297D0002C12083F0
:04297E0002812403AB
:04297F00030101133C
:04298000000080676C
:04298100FF0101133E
:0429820000112623F7
:042983000081242388
:042984000101041336
:0429850081C1A783E2
:0429860000078A6359
:0429870081C1A783E0
:04298800000780E7DD
:0429890000050793AB
:04298A000080006F5A
:04298B0004C1879369
:04298C0000078513A8
:04298D0000C12083E2
:04298E00008124039D
:04298F00010101132E
:04299000000080675C
:04299100FD01011330
:0429920002112623E5
:042993000281242376
:042994000301041324
:04299500FCA42E234D
:04299600FCB42C233E
:04299700FCC42A232F
:04299800FE042423F2
:04299900FDC42783CF
:04299A000207C46309
:04299B00FDC427034D
:04299C000007079396
:04299D0000179793F5
:04299E0000E787B314
:04299F0000279793E3
:0429A0000000C73735
:0429A10047C707130A
:0429A20000E787B310
:0429A3000080006F41
:0429A4000000079395
:0429A500FEF42623F3
:0429A600FEC42783C1
:0429A700040782633C
:0429A800FEC42783BF
:0429A9000007A783F9
:0429AA0001C7A78337
:0429AB000207846338
:0429AC00FEC42783BB
:0429AD000007A783F5
:0429AE0001C7A78333
:0429AF00FD442603BA
:0429B000FD842583FA
:0429B100FEC4250338
:0429B200000780E7B3
:0429B300FEA4242337
:0429B4000180006F2F
:0429B500F7A00793ED
:0429B600FEF42423E4
:0429B70000C0006FED
:0429B800FAF0079397
:0429B900FEF42423E1
:0429BA00FE842783ED
:0429BB000207D063DC
:0429BC00F15FF0EFE8
:0429BD0000050713F7
:0429BE00FE842783E9
:0429BF0040F007B32A
:0429C00000F72023D9
:0429C100FFF0079389
:0429C200FEF42423D8
:0429C300FE842783E4
:0429C4000007851370
:0429C50002C12083A8
:0429C6000281240363
:0429C70003010113F4
:0429C8000000806724
:0429C900FF010113F6
:0429CA0000112623AF
:0429CB000081242340
:0429CC0001010413EE
:0429CD0081C1A7839A
:0429CE0000078A6311
:0429CF0081C1A78398
:0429D000000780E795
:0429D1000005079363
:0429D2000080006F12
:0429D30004C1879321
:0429D4000007851360
:0429D50000C120839A
:0429D6000081240355
:0429D70001010113E6
:0429D8000000806714
:0429D900FD010113E8
:0429DA00028126232D
:0429DB0003010413DD
:0429DC00FCA42E2306
:0429DD00FDC427838B
:0429DE000087A703C4
:0429DF00400007B7F6
:0429E00000F7673362
:0429E100FDC4278387
:0429E20000E7A42343
:0429E300FE042623A5
:0429E4000980006FF7
:0429E5000000C7B770
:0429E60047C78693C6
:0429E700FEC4270300
:0429E800000707934A
:0429E90000179793A9
:0429EA0000E787B3C8
:0429EB000027979397
:0429EC0000F687B3B7
:0429ED000007A70335
:0429EE00FDC427837A
:0429EF000007A783B3
:0429F00004F71E6367
:0429F1000000C7B764
:0429F20047C78693BA
:0429F300FEC42703F4
:0429F400000707933E
:0429F500001797939D
:0429F60000E787B3BC
:0429F700002797938B
:0429F80000F687B3AB
:0429F9000087A78329
:0429FA000207DA6393
:0429FB00FEC42703EC
:0429FC000007079336
:0429FD000017979395
:0429FE0000E787B3B4
:0429FF000027979383
:042A00000000C737D4
:042A010047C70713A9
:042A020000E787B3AF
:042A0300FDC42703E4
:042A040000F706636E
:042A0500FF30079304
:042A06000240006F1B
:042A0700FEC427835F
:042A08000017879399
:042A0900FEF426238E
:042A0A008181A7839C
:042A0B000007871326
:042A0C00FEC427835A
:042A0D00F6F770E385
:042A0E00000007932A
:042A0F000007851324
:042A100002C12403D8
:042A110003010113A9
:042A120000008067D9
:042A1300FC010113AE
:042A140002112E235A
:042A150002812C23EB
:042A160004010413A0
:042A1700FCA42623D2
:042A1800FCB42423C3
:042A1900FCC42223B4
:042A1A00FFF007932F
:042A1B00FEF4202382
:042A1C00FED007934E
:042A1D00FEF422237E
:042A1E00FE0424236B
:042A1F008101859319
:042A2000FCC42503CA
:042A2100F2CFA0EF61
:042A2200FCA42E23BF
:042A2300FDC4278344
:042A240000079C63A8
:042A2500FCC42503C5
:042A2600458000EFF8
:042A2700FCA42E23BA
:042A28000010079300
:042A2900FEF4242370
:042A2A00FDC427833D
:042A2B000A078C63A7
:042A2C00FDC42503BD
:042A2D00578000EFDF
:042A2E00FEA42023BF
:042A2F00FE042783F7
:042A30000007D86360
:042A3100FE042783F5
:042A3200FEF4222369
:042A33000A00006F26
:042A3400FE04270372
:042A350000070793FC
:042A3600001797935B
:042A370000E787B37A
:042A38000027979349
:042A39000000C7379B
:042A3A0047C7071370
:042A3B0000E787B376
:042A3C00FEF426235B
:042A3D00FC842703EB
:042A3E00400007B796
:042A3F00FFF7879383
:042A400000F77733F1
:042A4100FEC4278325
:042A420000E7A423E2
:042A4300FE84278363
:042A440000079C6388
:042A4500FEC42503A3
:042A4600E4DFF0EFEA
:042A4700FEA42223A4
:042A4800FE4427839E
:042A49000407C46357
:042A4A00FDC427831D
:042A4B0000C7A78396
:042A4C000207846396
:042A4D00FDC427831A
:042A4E0000C7A78393
:042A4F00FC4426839A
:042A5000FC842603D9
:042A5100FCC4258319
:042A5200FEC4250396
:042A5300000780E711
:042A540000050793DF
:042A55000080006F8E
:042A560000000793E2
:042A5700FEF4222344
:042A580000C0006F4B
:042A5900FED0079311
:042A5A00FEF4222341
:042A5B00FE4427838B
:042A5C000207D46336
:042A5D00FE0425034B
:042A5E00BA5FA0EFCC
:042A5F00DA9FF0EF1B
:042A60000005071353
:042A6100FE44278385
:042A620040F007B386
:042A630000F7202335
:042A6400FFF00793E5
:042A65000080006F7E
:042A6600FE042783C0
:042A670000078513CC
:042A680003C1208303
:042A690003812403BE
:042A6A00040101134F
:042A6B000000806780
:042A6C00FF01011352
:042A6D00001126230B
:042A6E00008124239C
:042A6F00010104134A
:042A700081C1A783F6
:042A710000078A636D
:042A720081C1A783F4
:042A7300000780E7F1
:042A740000050793BF
:042A75000080006F6E
:042A760004C187937D
:042A770000078513BC
:042A780000C12083F6
:042A790000812403B1
:042A7A000101011342
:042A7B000000806770
:042A7C00FD01011344
:042A7D0002112623F9
:042A7E00028124238A
:042A7F000301041338
:042A8000FCA42E2361
:042A8100FCB42C2352
:042A8200FCC42A2343
:042A8300FDC42783E4
:042A84000207C4631E
:042A8500FDC4270362
:042A860000070793AB
:042A8700001797930A
:042A880000E787B329
:042A890000279793F8
:042A8A000000C7374A
:042A8B0047C707131F
:042A8C0000E787B325
:042A8D000080006F56
:042A8E0000000793AA
:042A8F00FEF424230A
:042A9000FE84278316
:042A91000807866349
:042A9200FE84278314
:042A93000087A7838E
:042A94000037F713FD
:042A95000010079393
:042A960006F70263DA
:042A9700FE8427830F
:042A98000007A78309
:042A99000147A783C7
:042A9A0004078A6340
:042A9B00FE8427830B
:042A9C000007A78305
:042A9D000147A783C3
:042A9E00FD442703C9
:042A9F000007061313
:042AA000FD84258309
:042AA100FE84250387
:042AA200000780E7C2
:042AA300FEA4262344
:042AA400FEC42783C2
:042AA5000207D063F1
:042AA600F19FF0EFBD
:042AA700000507130C
:042AA800FEC42783BE
:042AA90040F007B33F
:042AAA0000F72023EE
:042AAB00FFF007939E
:042AAC000340006F74
:042AAD00FEC42783B9
:042AAE0002C0006FF3
:042AAF00EF5FF0EFF6
:042AB0000005071303
:042AB10000D00793B7
:042AB20000F72023E6
:042AB3000140006F6F
:042AB400EE1FF0EF32
:042AB50000050713FE
:042AB600051007936D
:042AB70000F72023E1
:042AB800FFF0079391
:042AB900000785137A
:042ABA0002C12083B2
:042ABB00028124036D
:042ABC0003010113FE
:042ABD00000080672E
:042ABE00FC01011303
:042ABF0002812E233F
:042AC00004010413F6
:042AC100FCA4262328
:042AC20000800793F6
:042AC3003007B7F32E
:042AC400FEF42223D7
:042AC500FE44278321
:042AC600FCF42E23CB
:042AC7008381A783DD
:042AC80000378793B9
:042AC900FFC7F793B9
:042ACA000007871367
:042ACB0082E1AC23D5
:042ACC008381A70358
:042ACD00FCC427839B
:042ACE0000F70733D3
:042ACF00000107B744
:042AD00000078793E1
:042AD10002E7F263C3
:042AD200FDC4278395
:042AD300FEF42423C6
:042AD400FE842783D2
:042AD5000087F793EC
:042AD6003007A073B2
:042AD70000000013E8
:042AD800FFF0079371
:042AD9000380006F07
:042ADA008381A783CA
:042ADB00FEF42023C2
:042ADC008381A70348
:042ADD00FCC427838B
:042ADE0000F70733C3
:042ADF0082E1AC23C1
:042AE000FDC4278387
:042AE100FEF42623B6
:042AE200FEC4278384
:042AE3000087F793DE
:042AE4003007A073A4
:042AE50000000013DA
:042AE600FE04278340
:042AE700000785134C
:042AE80003C12403FF
:042AE90004010113D0
:042AEA000000806701
:042AEB00FF010113D3
:042AEC00001126238C
:042AED00008124231D
:042AEE0001010413CB
:042AEF0081C1A78377
:042AF00000078A63EE
:042AF10081C1A78375
:042AF200000780E772
:042AF3000005079340
:042AF4000080006FEF
:042AF50004C18793FE
:042AF600000785133D
:042AF70000C1208377
:042AF8000081240332
:042AF90001010113C3
:042AFA0000008067F1
:042AFB00FD010113C5
:042AFC00021126237A
:042AFD00028124230B
:042AFE0003010413B9
:042AFF00FCA42E23E2
:042B0000FCB42C23D2
:042B0100FCC42A23C3
:042B0200FDC4278364
:042B03000207C4639E
:042B0400FDC42703E2
:042B0500000707932B
:042B0600001797938A
:042B070000E787B3A9
:042B08000027979378
:042B09000000C737CA
:042B0A0047C707139F
:042B0B0000E787B3A5
:042B0C000080006FD6
:042B0D00000007932A
:042B0E00FEF424238A
:042B0F00FE84278396
:042B100008078463CB
:042B1100FE84278394
:042B12000087A7830E
:042B13000037F793FD
:042B140006078263CB
:042B1500FE84278390
:042B16000007A7838A
:042B17000187A78308
:042B180004078A63C1
:042B1900FE8427838C
:042B1A000007A78386
:042B1B000187A78304
:042B1C00FD4427034A
:042B1D000007061394
:042B1E00FD8425838A
:042B1F00FE84250308
:042B2000000780E743
:042B2100FEA42623C5
:042B2200FEC4278343
:042B23000207D06372
:042B2400F1DFF0EFFE
:042B2500000507138D
:042B2600FEC427833F
:042B270040F007B3C0
:042B280000F720236F
:042B2900FFF007931F
:042B2A000340006FF5
:042B2B00FEC427833A
:042B2C0002C0006F74
:042B2D00EF9FF0EF37
:042B2E000005071384
:042B2F0000D0079338
:042B300000F7202367
:042B31000140006FF0
:042B3200EE5FF0EF73
:042B3300000507137F
:042B340005100793EE
:042B350000F7202362
:042B3600FFF0079312
:042B370000078513FB
:042B380002C1208333
:042B390002812403EE
:042B3A00030101137F
:042B3B0000008067AF
:042B3C00FD01011383
:042B3D0002812623C8
:042B3E000301041378
:042B3F00FCA42E23A1
:042B40000000D7B703
:042B4100B38787933C
:042B42000007A7835E
:042B4300FEF4222357
:042B4400FE04242344
:042B45003E80079334
:042B4600FEF4262350
:042B47000EC0006F4D
:042B4800FE04242340
:042B49000BC0006F4E
:042B4A00FE4427839B
:042B4B000087A70355
:042B4C00FE84278359
:042B4D0000F707B3D3
:042B4E000007C703B2
:042B4F0002F00793F6
:042B500002F7106315
:042B5100FE44278394
:042B52000087A7034E
:042B5300FE84278352
:042B5400001787934C
:042B550000F707B3CB
:042B56000007C7832A
:042B570000078E6382
:042B5800FE4427838D
:042B59000087A70347
:042B5A00FE8427834B
:042B5B0000F707B3C5
:042B5C000007C78324
:042B5D0002079C636C
:042B5E00FE84278347
:042B5F00FDC4270387
:042B600000F707B3C0
:042B61000007C7039F
:042B620002F00793E3
:042B630000F70C6308
:042B6400FE84278341
:042B6500FDC4270381
:042B660000F707B3BA
:042B67000007C78319
:042B68000407986363
:042B6900FE4427837C
:042B6A000740006FB1
:042B6B00FE4427837A
:042B6C000087A70334
:042B6D00FE84278338
:042B6E0000F707B3B2
:042B6F000007C70391
:042B7000FE84278335
:042B7100FDC42683F6
:042B720000F687B32F
:042B73000007C7830D
:042B740002F71463ED
:042B7500FE84278330
:042B7600001787932A
:042B7700FEF4242321
:042B7800FE842703AD
:042B7900FEC42783EC
:042B7A00F4F740E349
:042B7B000100006FE6
:042B7C000000001342
:042B7D000080006F65
:042B7E000000001340
:042B7F00FE44278366
:042B80000007A78320
:042B8100FEF4222319
:042B8200FE442703E3
:042B83000000D7B7C0
:042B8400B3878793F9
:042B8500F0F716E36C
:042B860000000793B1
:042B870000078513AB
:042B880002C124035F
:042B89000301011330
:042B8A000000806760
:042B8B00FD01011334
:042B8C000281262379
:042B8D000301041329
:042B8E00FCA42E2352
:042B8F00FE8007932A
:042B9000FEF4262306
:042B9100FE042423F7
:042B92000800006FC8
:042B93000000C7B7C0
:042B940047C7869316
:042B9500FE84270390
:042B9600000707939A
:042B970000179793F9
:042B980000E787B318
:042B990000279793E7
:042B9A0000F687B307
:042B9B000007A78305
:042B9C000407966331
:042B9D000000C7B7B6
:042B9E0047C786930C
:042B9F00FE84270386
:042BA0000007079390
:042BA10000179793EF
:042BA20000E787B30E
:042BA30000279793DD
:042BA40000F687B3FD
:042BA500FDC4270341
:042BA60000E7A02381
:042BA7008181A783FE
:042BA800FE8427037D
:042BA90000E7D66308
:042BAA00FE8427037B
:042BAB0080E1AC23F6
:042BAC00FE842783F9
:042BAD00FEF42623E9
:042BAE000200006FB2
:042BAF00FE842783F6
:042BB00000178793F0
:042BB100FEF42423E7
:042BB200FE84270373
:042BB30001F0079393
:042BB400F6E7DEE37F
:042BB5000000001309
:042BB600FEC42783AF
:042BB700000785137B
:042BB80002C124032F
:042BB9000301011300
:042BBA000000806730
:042BBB000005861378
:042BBC000005059378
:042BBD008281A50369
:042BBE00D49FE06F51
:042BBF00000076ECB0
:042BC000000070841D
:042BC10000021003FB
:042BC20000006006A9
:042BC300000160129B
:042BC400000060139A
:042BC50000016006A5
:042BC6000000205D8E
:042BC7000000206387
:042BC800001324DCF6
:042BC900000324DD04
:042BCA00000324DE02
:042BCB00000024DF03
:042BCC000008400AB3
:042BCD000000400BB9
:042BCE000008401AA1
:042BCF000000401BA7
:042BD00000084006B3
:042BD100006F401C35
:042BD2000003204B91
:042BD3000064205B1F
:042BD4000000205C81
:042BD500003F401865
:042BD600000B403B75
:042BD700000E403E6E
:042BD8000006402B88
:042BD9000002401E98
:042BDA00003B403844
:042BDB00000010776F
:042BDC00000010786D
:042BDD0000081009D3
:042BDE000000100AD9
:042BDF000008110FCA
:042BE00000001110D0
:042BE10000021006D8
:042BE2000064402C1F
:042BE300000030645A
:042BE40000F0306568
:042BE5000013401386
:042BE6000009401F83
:042BE7000013402077
:042BE80000754044F0
:042BE9000000402781
:042BEA000069321537
:042BEB00000F32168F
:042BEC000069322B1F
:042BED00000F322C77
:042BEE0000804051D2
:042BEF000010405240
:042BF00000804057CA
:042BF1000010405838
:042BF2000059321242
:042BF300008F4047C8
:042BF4000010402667
:042BF5000053403217
:042BF600001740364E
:042BF70000F450B8DE
:042BF8000000301693
:042BF900002C301765
:042BFA00008C301803
:042BFB000045301948
:042BFC000005301A86
:042BFD00000A301387
:042BFE000000301B88
:042BFF000004301C82
:042C00000088301DFB
:042C01000045301E3C
:042C02000005301F7A
:042C0300000030207D
:042C04000004302177
:042C050000883022F1
:042C06000045302332
:042C07000005302470
:042C08000000302573
:042C0900000430266D
:042C0A0000883027E7
:042C0B000045302828
:042C0C000005302966
:042C0D000000302F64
:042C0E00000030563C
:042C0F00000030573A
:042C1000000133008C
:042C1100000033018B
:042C120000B03302D9
:042C130000B03303D7
:042C1400001633046F
:042C1500001533056E
:042C16000001330680
:042C1700000033077F
:042C1800003033084D
:042C190000A03309DB
:042C1A000016330A63
:042C1B000015330B62
:042C1C000001330C74
:042C1D000000330D73
:042C1E000030330E41
:042C1F0000A0330FCF
:042C20000016331057
:042C21000015331156
:042C22000001331268
:042C23000000331367
:042C24000030331435
:042C250000A03315C3
:042C2600001633164B
:042C2700001533174A
:042C2800000133185C
:042C2900000033195B
:042C2A000030331A29
:042C2B0000A0331BB7
:042C2C000016331C3F
:042C2D000015331D3E
:042C2E000001331E50
:042C2F000000331F4F
:042C3000003033201D
:042C310000A03321AB
:042C32000016332233
:042C33000015332332
:042C34000001332444
:042C35000000332543
:042C36000030332611
:042C370000A033279F
:042C38000016332827
:042C39000015332926
:042C3A00002B332A0E
:042C3B000000332B37
:042C3C000030332C05
:042C3D0000A0332D93
:042C3E000016332E1B
:042C3F000015332F1A
:042C4000000133302C
:042C4100000033312B
:042C42000010333219
:042C430000A0333387
:042C4400001633340F
:042C4500001533350E
:042C460000083058FA
:042C47000000305900
:042C48000009305AF5
:042C49000000305BFC
:042C4A00000133361C
:042C4B00000033371B
:042C4C000090333889
:042C4D0000B0333967
:042C4E000016333AFF
:042C4F000015333BFE
:042C5000001F333CF2
:042C51000000333D0F
:042C52000010333EFD
:042C530000A0333F6B
:042C540000163340F3
:042C550000153341F2
:042C560000523342B3
:042C57000000334303
:042C580000103344F1
:042C5900008033457F
:042C5A0000163346E7
:042C5B0000153347E6
:042C5C0000013348F8
:042C5D0000003349F7
:042C5E000010334AE5
:042C5F000080334B73
:042C60000016334CDB
:042C6100001D334DD2
:042C62000001334EEC
:042C63000000334FEB
:042C64000050335099
:042C65000084335163
:042C660000163352CF
:042C6700001D3353C6
:042C680000183354C9
:042C690000003355DF
:042C6A0000103356CD
:042C6B000084335757
:042C6C0000163358C3
:042C6D00001D3359BA
:042C6E000080335A55
:042C6F000002335BD1
:042C70000010335CC1
:042C710000C4335D0B
:042C72000014335EB9
:042C7300001D335FAE
:042C740000A5336024
:042C750000003361C7
:042C760000103362B5
:042C7700008433633F
:042C780000163364AB
:042C7900001D3365A2
:042C7A0000013366BC
:042C7B0000003367BB
:042C7C000090336829
:042C7D000084336933
:042C7E000016336A9F
:042C7F00001D336B96
:042C80000012336C9F
:042C81000000336DAF
:042C82000010336E9D
:042C83000084336F27
:042C84000016337093
:042C85000015337192
:042C86000032337273
:042C870000003373A3
:042C88000030337471
:042C8900008433751B
:042C8A000016337687
:042C8B000015337786
:042C8C000026337873
:042C8D000000337997
:042C8E000010337A85
:042C8F000084337B0F
:042C90000016337C7B
:042C91000015337D7A
:042C92000080337E0D
:042C93000002337F89
:042C94000010338079
:042C950000C43381C3
:042C96000014338271
:042C9700001533836E
:042C980000A93384D8
:042C9900000033857F
:042C9A00001033866D
:042C9B0000843387F7
:042C9C000016338863
:042C9D000015338962
:042C9E000041338A34
:042C9F000000338B73
:042CA0000010338C61
:042CA1000080338DEF
:042CA2000016338E57
:042CA3000015338F56
:042CA4000002339067
:042CA5000000339167
:042CA6000010339255
:042CA70000A03393C3
:042CA800001633944B
:042CA900001533954A
:042CAA000018305C82
:042CAB000000305D98
:042CAC000019305E7D
:042CAD000000305F94
:042CAE000001339658
:042CAF000000339757
:042CB00000903398C5
:042CB1000030339923
:042CB2000056339AFB
:042CB3000057339BF8
:042CB4000001339C4C
:042CB5000000339D4B
:042CB6000010339E39
:042CB7000020339F27
:042CB80000D633A06F
:042CB900001733A12C
:042CBA00000133A240
:042CBB00000033A33F
:042CBC00001033A42D
:042CBD00002833A513
:042CBE0000D633A663
:042CBF00001733A720
:042CC000000333A832
:042CC100000033A933
:042CC200001033AA21
:042CC300002033AB0F
:042CC40000D633AC57
:042CC500001733AD14
:042CC600006133AEC8
:042CC700000033AF27
:042CC800001033B015
:042CC900002033B103
:042CCA0000D633B24B
:042CCB00001533B30A
:042CCC00000133B41C
:042CCD00000033B51B
:042CCE00001033B609
:042CCF00002033B7F7
:042CD00000D633B83F
:042CD100001D33B9F6
:042CD200000133BA10
:042CD300000033BB0F
:042CD400005033BCBD
:042CD500002033BDEB
:042CD60000D633BE33
:042CD700001D33BFEA
:042CD800002C33C0D9
:042CD900000033C103
:042CDA00001033C2F1
:042CDB00002033C3DF
:042CDC0000D633C427
:042CDD00001D33C5DE
:042CDE00000133C6F8
:042CDF00000033C7F7
:042CE000009033C865
:042CE100002033C9D3
:042CE20000D633CA1B
:042CE300001D33CBD2
:042CE400008333CC6A
:042CE500000033CDEB
:042CE600001033CED9
:042CE700002033CFC7
:042CE80000D633D00F
:042CE900001533D1CE
:042CEA00000133D2E0
:042CEB00000033D3DF
:042CEC00001033D4CD
:042CED00003033D5AB
:042CEE0000D633D603
:042CEF00001533D7C2
:042CF000000133D8D4
:042CF100000033D9D3
:042CF200001033DAC1
:042CF300002033DBAF
:042CF40000D633DCF7
:042CF500001533DDB6
:042CF600000133DEC8
:042CF700000033DFC7
:042CF800001033E0B5
:042CF900002033E1A3
:042CFA00005633E26B
:042CFB00001533E3AA
:042CFC00000733E4B6
:042CFD00000033E5BB
:042CFE00001033E6A9
:042CFF00002033E797
:042D0000001633E89E
:042D0100001533E99D
:042D02000026306017
:042D0300000030613B
:042D040000FF302A72
:042D050000FF302B70
:042D060000FF302C6E
:042D070000FF302D6C
:042D0800003F302E2A
:042D0900000B301378
:042D0A00002C102B5E
:042D0B000001102C87
:042D0C00005410352A
:042D0D00000010367C
:042D0E00002A3090D7
:042D0F0000013091FE
:042D1000000530C6C4
:042D1100000030C7C7
:042D1200000030C8C5
:042D1300000030C9C3
:042D1400000030CAC1
:042D1500000030CBBF
:042D1600000030CCBD
:042D1700000030CDBB
:042D1800000030CEB9
:042D1900000530CFB2
:042D1A00000030D0B5
:042D1B00000030D1B3
:042D1C00000030D2B1
:042D1D00000030D3AF
:042D1E00000030D4AD
:042D1F00000030D5AB
:042D2000000030D6A9
:042D2100000030D7A7
:042D2200000530F385
:042D2300000030F488
:042D2400000030F586
:042D2500000030F684
:042D2600000030F782
:042D2700000030F880
:042D2800000030F97E
:042D2900000030FA7C
:042D2A00000030FB7A
:042D2B00000530D897
:042D2C00000030D99A
:042D2D00000030DA98
:042D2E00000030DB96
:042D2F00000030DC94
:042D3000000030DD92
:042D3100000030DE90
:042D3200000030DF8E
:042D3300000030E08C
:042D3400000530E185
:042D3500000030E288
:042D3600000030E386
:042D3700000030E484
:042D3800000030E582
:042D3900000030E680
:042D3A00000030E77E
:042D3B00000030E87C
:042D3C00000030E97A
:042D3D00000530F36A
:042D3E00000230F46B
:042D3F00000030F56B
:042D4000001730F652
:042D4100000130F766
:042D4200000030F865
:042D4300000030F963
:042D4400000030FA61
:042D4500000030FB5F
:042D4600000330D87E
:042D4700000130D97E
:042D4800000030DA7D
:042D4900001930DB62
:042D4A00000130DC78
:042D4B00000030DD77
:042D4C00000030DE75
:042D4D00000030DF73
:042D4E00000030E071
:042D4F00000530A2A9
:042D5000000230A3AA
:042D5100000030A4AA
:042D5200002230A586
:042D5300000030A6A6
:042D5400000030A7A4
:042D5500000030A8A2
:042D5600000030A9A0
:042D5700000030AA9E
:042D5800000530AB97
:042D5900000230AC98
:042D5A00000030AD98
:042D5B00002230AE74
:042D5C00000030AF94
:042D5D00000030B092
:042D5E00000030B190
:042D5F00000030B28E
:042D6000000030B38C
:042D6100000530BD7C
:042D6200009F30BEE0
:042D6300000030BF7D
:042D6400007D30C0FE
:042D6500000030C179
:042D6600000030C277
:042D6700000030C375
:042D6800000030C473
:042D6900000030C571
:042D6A00000430B47D
:042D6B00009C30B5E3
:042D6C00000030B67D
:042D6D00007D30B7FE
:042D6E00000030B879
:042D6F00000030B977
:042D7000000030BA75
:042D7100000030BB73
:042D7200000030BC71
:042D7300000530FC2B
:042D7400000030FD2E
:042D7500000030FE2C
:042D7600000030FF2A
:042D77000000310027
:042D78000000310125
:042D79000000310223
:042D7A000000310321
:042D7B00000031041F
:042D7C000005310518
:042D7D00000031061B
:042D7E000000310719
:042D7F000000310817
:042D80000000310915
:042D81000000310A13
:042D82000000310B11
:042D83000000310C0F
:042D84000000310D0D
:042D8500000530997C
:042D86000096309AE9
:042D87000000309B7D
:042D88000006309C75
:042D89000000309D79
:042D8A000000309E77
:042D8B000000309F75
:042D8C00000030A073
:042D8D00000030A171
:042D8E000005310EFD
:042D8F000002310FFE
:042D900000003110FE
:042D9100002B3111D1
:042D920000003112FA
:042D930000003113F8
:042D940000003114F6
:042D950000003115F4
:042D960000003116F2
:042D970000053117EB
:042D980000023118EC
:042D990000003119EC
:042D9A00002C311ABE
:042D9B000000311BE8
:042D9C000000311CE6
:042D9D000000311DE4
:042D9E000000311EE2
:042D9F000000311FE0
:042DA000000030EA15
:042DA100000030EB13
:042DA200000030EC11
:042DA300000030ED0F
:042DA400000030EE0D
:042DA500000030EF0B
:042DA600000030F009
:042DA700000030F107
:042DA800000030F205
:042DA9000003313BB7
:042DAA000031313C87
:042DAB000000313DB6
:042DAC000007313EAD
:042DAD000000313FB2
:042DAE000068314048
:042DAF0000003141AE
:042DB0000034314278
:042DB10000003143AA
:042DB200000331A049
:042DB300001631A134
:042DB400000031A248
:042DB500000831A33E
:042DB600000031A444
:042DB700007E31A5C4
:042DB800000031A640
:042DB900000831A736
:042DBA00000031A83C
:042DBB00000331A937
:042DBC00001631AA22
:042DBD00000031AB36
:042DBE00000831AC2C
:042DBF00000031AD32
:042DC000007E31AEB2
:042DC100000031AF2E
:042DC200000831B024
:042DC300000031B12A
:042DC400000331B225
:042DC500001631B310
:042DC600000031B424
:042DC700000831B51A
:042DC800000031B620
:042DC900007E31B7A0
:042DCA00000031B81C
:042DCB00000831B912
:042DCC00000031BA18
:042DCD0000053120AC
:042DCE00004531216A
:042DCF0000003122AD
:042DD000001D31238E
:042DD10000003124A9
:042DD20000A93125FE
:042DD30000003126A5
:042DD400006D312736
:042DD50000003128A1
:042DD600000531299A
:042DD7000015312A88
:042DD8000000312B9B
:042DD900000A312C8F
:042DDA000000312D97
:042DDB000045312E50
:042DDC000000312F93
:042DDD00001D313074
:042DDE00000031318F
:042DDF000005313288
:042DE000007D31330E
:042DE1000000313489
:042DE200000A31357D
:042DE3000000313685
:042DE40000A93137DA
:042DE5000000313881
:042DE600006D313912
:042DE7000000313A7D
:042DE800000531446D
:042DE9000000314570
:042DEA00000031466E
:042DEB00003031473C
:042DEC00000031486A
:042DED000000314968
:042DEE000000314A66
:042DEF000000314B64
:042DF0000000314C62
:042DF1000003314D5D
:042DF2000000314E5E
:042DF3000000314F5C
:042DF4000031315029
:042DF5000000315158
:042DF6000000315256
:042DF7000000315354
:042DF8000000315452
:042DF9000000315550
:042DFA00000531D8C7
:042DFB00003A31D990
:042DFC00000031DAC8
:042DFD00002E31DB98
:042DFE00000031DCC4
:042DFF00009E31DD24
:042E0000000031DEBF
:042E0100007E31DF3F
:042E0200000031E0BB
:042E0300000531E1B4
:042E0400000431E2B3
:042E0500000031E3B5
:042E0600000431E4AF
:042E0700000031E5B1
:042E0800007331E63C
:042E0900000031E7AD
:042E0A00000431E8A7
:042E0B00000031E9A9
:042E0C00000531EAA2
:042E0D00000031EBA5
:042E0E00000031ECA3
:042E0F00000031EDA1
:042E1000000031EE9F
:042E1100000031EF9D
:042E1200000031F09B
:042E1300000031F199
:042E1400000031F297
:042E1500000031F395
:042E1600000031F493
:042E1700000031F591
:042E1800000031F68F
:042E1900000031F78D
:042E1A00000031F88B
:042E1B00000031F989
:042E1C00000031FA87
:042E1D00000531FB80
:042E1E00000031FC83
:042E1F00000031FD81
:042E2000000031FE7F
:042E2100000031FF7D
:042E2200000032007A
:042E23000000320178
:042E24000000320276
:042E25000000320374
:042E26000000320472
:042E27000000320570
:042E2800000032066E
:042E2900000032076C
:042E2A00000032086A
:042E2B000000320968
:042E2C000000320A66
:042E2D000000320B64
:042E2E000005316406
:042E2F0000143165F5
:042E30000000316607
:042E3100000C3167F9
:042E32000000316803
:042E330000443169BD
:042E34000000316AFF
:042E3500001F316BDE
:042E36000000316CFB
:042E37000005316DF4
:042E3800007C316E7B
:042E39000000316FF5
:042E3A00000C3170E7
:042E3B0000003171F1
:042E3C0000A8317247
:042E3D0000003173ED
:042E3E00006F31747C
:042E3F0000003175E9
:042E4000000531C494
:042E4100002431C573
:042E4200000131C694
:042E4300000431C78F
:042E4400000031C891
:042E4500000531C98A
:042E4600002431CA69
:042E4700000131CB8A
:042E4800000431CC85
:042E4900000031CD87
:042E4A00000531CE80
:042E4B00002431CF5F
:042E4C00000131D080
:042E4D00000431D17B
:042E4E00000031D27D
:042E4F00000531D376
:042E5000007331D406
:042E5100000031D577
:042E520000B131D6C4
:042E5300000031D773
:042E540000053176CE
:042E550000103177C1
:042E560000003178CF
:042E57000056317977
:042E58000000317ACB
:042E59000000317BC9
:042E5A000000317CC7
:042E5B000000317DC5
:042E5C000000317EC3
:042E5D000005317FBC
:042E5E00006A318055
:042E5F0000003181BD
:042E600000AD31820E
:042E610000003183B9
:042E620000003184B7
:042E630000003185B5
:042E640000003186B3
:042E650000003187B1
:042E6600007E100CCE
:042E67000000100D4A
:042E6800007E1115C2
:042E6900000011163E
:042E6A0000DF101263
:042E6B00002B101315
:042E6C00000410024C
:042E6D00000000431E
:042E6E00000000431D
:042E6F000004004318
:042E7000000C00430F
:042E71000004100247
:042E7200004110010A
:042E7300000110F258
:042E7400000010F357
:042E75000001111136
:042E76000000111235
:042E77000000001245
:042E78000000001244
:042E79000041100103
:042E7A00000010D074
:042E7B00000010D172
:042E7C0000481012E8
:042E7D00000D101321
:042E7E0000911103AB
:042E7F00000D11042D
:042E80000080100CB2
:042E81000000100D30
:042E820000801115A6
:042E83000000111624
:042E8400005E102BB1
:042E85000001102C0C
:042E860000301113F4
:042E87000001111421
:042E8800000020081E
:042E8900000120091B
:042E8A00002020986C
:042E8B000003209987
:042E8C000010200A08
:042E8D000001200B15
:042E8E000000209A86
:042E8F000000209B84
:042E90000000207DA1
:042E91000002207E9D
:042E920000BC107DF3
:042E93000001107EAC
:042E940000001087A3
:042E9500000210889F
:042E96000000110522
:042E97000000110620
:042E98000078110AA3
:042E99000005110B14
:042E9A0000BC107DEB
:042E9B000001107EA4
:042E9C000000107FA3
:042E9D00000010879A
:042E9E000002108896
:042E9F000000108996
:042EA0000000110518
:042EA1000000110616
:042EA2000000110714
:042EA3000078110A98
:042EA4000005110B09
:042EA5000000110C0C
:042EA60000BC107DDF
:042EA7000001107E98
:042EA8000000107F97
:042EA9000000108095
:042EAA000000108193
:042EAB00000010878C
:042EAC000002108888
:042EAD000000108988
:042EAE000000108A86
:042EAF000000108B84
:042EB0000000110508
:042EB1000000110606
:042EB2000000110704
:042EB3000000110802
:042EB4000000110900
:042EB5000078110A86
:042EB6000005110BF7
:042EB7000000110CFA
:042EB8000000110DF8
:042EB9000000110EF6
:042EBA000000209C58
:042EBB000000209D56
:042EBC00000010956D
:042EBD00000020638E
:042EBE0000006006AA
:042EBF0000015004BA
:042EC0000002508636
:042EC100004E5087E8
:042EC2000000508834
:042EC300000050902B
:042EC4000008509121
:042EC5000014509213
:042EC600000F509316
:042EC700000650941D
:042EC80000325095EF
:042EC900000E509611
:042ECA00000050971D
:042ECB00001150980A
:042ECC0000005004AE
:042ECD00006C20660F
:042ECE000007206772
:042ECF00007E206EF3
:042ED0000006206F69
:042ED100007E20ACB3
:042ED200000620AD29
:042ED30000C820769D
:042ED4000000207763
:042ED50000C820B45D
:042ED600000020B523
:042ED700001E207841
:042ED8000004207959
:042ED900001E20B601
:042EDA00000420B719
:042EDB0000D4207A85
:042EDC000004207B53
:042EDD0000D420B845
:042EDE00000420B913
:042EDF000004208D3E
:042EE0000000208E40
:042EE1000000207C51
:042EE2000007600184
:042EE30000D86002B1
:042EE400000060107A
:042EE5000000601079
:042EE6000000601177
:042EE7000000601176
:042EE8000000601175
:042EE9000001601272
:042EEA000000601371
:042EEB00000060166D
:042EEC00000060176B
:042EED000001603749
:042EEE000003603746
:042EEF000007603741
:042EF0000001603944
:042EF1000000601865
:042EF2000000601864
:042EF3000000606516
:042EF4000000606614
:042EF5000000601C5D
:042EF6000000601D5B
:042EF7000022601E37
:042EF8000000601F57
:042EF9000001600371
:042EFA00007A6004F6
:042EFB00001260055C
:042EFC00000160066B
:042EFD000008400683
:042EFE000002209E10
:042EFF000001204569
:042F00000001204864
:042F01000003204B5E
:042F02000064205BEC
:042F03000000205C4E
:042F0400001324DCB6
:042F0500001124DCB7
:042F0600000124DCC6
:042F0700000024DDC5
:042F0800000024DEC3
:042F0900000024DFC1
:042F0A00000010D7DC
:042F0B00000210D8D8
:042F0C000000205D44
:042F0D000000205E42
:042F0E00000020633C
:042F0F00000020633B
:042F1000000020910C
:042F1100000020910B
:042F12006976655225
:042F13006E6F697301
:042F14004D203A20F2
:042F1500326172694A
:042F16000A0D30323E
:042F17000000000AAC
:042F18007665642F47
:042F19006D61632F54
:042F1A005F6172651C
:042F1B0000633269B4
:042F1C006F72724519
:042F1D0043203A72A1
:042F1E006F6E6E6103
:042F1F00696620744B
:042F20004D20646E6E
:042F210020495049AA
:042F220020433249CD
:042F2300697265501A
:042F240072656870FA
:042F25000A0D6C61C4
:042F260000000000A7
:042F27002B2B0A0D39
:042F28002B2B2B2BF9
:042F29002B2B2B2BF8
:042F2A002B2B2B2BF7
:042F2B002B2B2B2BF6
:042F2C002B2B2B2BF5
:042F2D002B2B2B2BF4
:042F2E002B2B2B2BF3
:042F2F002B2B2B2BF2
:042F30002B2B2B2BF1
:042F31002B2B2B2BF0
:042F32002B2B2B2BEF
:042F33002B2B2B2BEE
:042F34002B2B2B2BED
:042F35002B2B2B2BEC
:042F36002B2B2B2BEB
:042F37002B2B2B2BEA
:042F38002B2B2B2BE9
:042F39002B2B2B2BE8
:042F3A0000000A0D7C
:042F3B0074737953DF
:042F3C0049206D6556
:042F3D0030203A44C2
:042F3E000000007817
:042F3F00000A0A0D6D
:042F40006F440A0DC3
:042F41004920656E50
:042F42006974696ED7
:042F43007A696C61DA
:042F44000D676E693E
:042F45000000000A7E
:042F460000000D0A70
:042F4700494D2020B0
:042F4800323241528E
:042F49006556203079
:042F4A0063697472D1
:042F4B0047206C614E
:042F4C0069646172E1
:042F4D0020746E6519
:042F4E0074736554DF
:042F4F007461502039
:042F50006E726574C4
:042F5100616E452048
:042F520064656C62E4
:042F530000000A0D63
:042F5400494D2020A3
:042F55003232415281
:042F5600655420306E
:042F5700502074731F
:042F580065747461C7
:042F590044206E7230
:042F5A0062617369D4
:042F5B000D64656C30
:042F5C000000000A67
:042F5D006F707845D4
:042F5E0065727573B0
:042F5F00646E492033
:042F60006920786507
:042F6100203A20737F
:042F6200000000006B
:042F630000000A0D53
:042F6400203D3D3D92
:042F650074737953B5
:042F660053206D6522
:042F670075746174A8
:042F68006843207327
:042F6900206B636511
:042F6A000D3D3D3D9F
:042F6B000000000A58
:042F6C0070696843DD
:042F6D007265562013
:042F6E006E6F6973A6
:042F6F007830203A5C
:042F7000000000005D
:042F710067616D49DE
:042F72005320726511
:042F730065746174AC
:042F74007830203A57
:042F75000000000058
:042F760067616D49D9
:042F7700522072650D
:042F7800203A6E7518
:042F790000007830AC
:042F7A006873282030
:042F7B00646C756F9E
:042F7C00206562204A
:042F7D000D293130B9
:042F7E000000000A45
:042F7F00205746563B
:042F80002051524941
:042F810074617453B0
:042F8200203A737509
:042F830000007830A2
:042F84002057465636
:042F85003A6E7552D9
:042F8600007830207F
:042F87003D3D3D3D52
:042F88003D3D3D3D51
:042F89003D3D3D3D50
:042F8A003D3D3D3D4F
:042F8B003D3D3D3D4E
:042F8C003D3D3D3D4D
:042F8D000D3D3D3D7C
:042F8E000000000A35
:042F8F00003E0A0DE9
:042F900000000748EE
:042F91000000068CAA
:042F920000000970C2
:042F930000000970C1
:042F940000000970C0
:042F950000000970BF
:042F9600000005D45E
:042F970000000970BD
:042F980000000970BC
:042F990000000970BB
:042F9A0000000970BA
:042F9B0000000970B9
:042F9C0000000970B8
:042F9D0000000740E9
:042F9E0000000970B6
:042F9F0000000970B5
:042FA00000000750D6
:042FA1000000058C9B
:042FA200000005B076
:042FA30000000970B1
:042FA40000000970B0
:042FA50000000970AF
:042FA60000000970AE
:042FA70000000970AD
:042FA80000000970AC
:042FA90000000970AB
:042FAA0000000970AA
:042FAB0000000970A9
:042FAC0000000970A8
:042FAD0000000970A7
:042FAE0000000970A6
:042FAF0000000970A5
:042FB00000000748CE
:042FB1000000068C8A
:042FB20000000970A2
:042FB30000000970A1
:042FB40000000970A0
:042FB500000009709F
:042FB600000005D43E
:042FB700000009709D
:042FB800000009709C
:042FB900000009709B
:042FBA00000009709A
:042FBB000000097099
:042FBC000000097098
:042FBD0000000740C9
:042FBE000000097096
:042FBF000000097095
:042FC00000000750B6
:042FC1000000058C7B
:042FC200000005B056
:042FC3006961764189
:042FC4006C62616C6E
:042FC5006F432065D1
:042FC6006E616D6D5E
:042FC7003A207364D5
:042FC80000000A0DEE
:042FC9002054202050
:042FCA004D202D2D3C
:042FCB0032415249F4
:042FCC00542030322B
:042FCD002074736594
:042FCE007474615066
:042FCF00206E726599
:042FD00062616E4587
:042FD1000A0D656C14
:042FD20000000000FB
:042FD3002055202045
:042FD4004D202D2D32
:042FD50032415249EA
:042FD6005420303221
:042FD700207473658A
:042FD800747461505C
:042FD900206E72658F
:042FDA006173694472
:042FDB0020656C629F
:042FDC00666564289A
:042FDD00746C75613A
:042FDE00000A0D29AF
:042FDF002049202045
:042FE00049202D2D2A
:042FE1006572636E44
:042FE200746E656D37
:042FE300707845209D
:042FE4007275736F20
:042FE500000A0D656C
:042FE6002044202043
:042FE70044202D2D28
:042FE8006572636546
:042FE900746E656D30
:042FEA007078452096
:042FEB007275736F19
:042FEC00000A0D6565
:042FED002050202030
:042FEE0044202D2D21
:042FEF006C70736926
:042FF0005020796193
:042FF1006C6578692A
:042FF20061655220A3
:042FF300207265647F
:042FF400746174533D
:042FF50028207375A8
:042FF6006D61724651
:042FF70043202C65E2
:042FF8006D756C6F18
:042FF90052202C6EC8
:042FFA000D29776FB7
:042FFB000000000AC8
:042FFC00204620202B
:042FFD0044202D2D12
:042FFE006C70736917
:042FFF00462079618E
:04300000656D617227
:04300100756F432084
:043002007265746E11
:043003006C6E6F2060
:04300400000A0D7938
:043005002043202024
:0430060044202D2D08
:043007006C7073690D
:043008004320796187
:043009006572727505
:04300A004320746E7D
:04300B006D756C6F04
:04300C006F522F6E62
:04300D006F50207769
:04300E006974697305
:04300F000A0D6E6FC9
:0430100000000000BC
:043011002058202003
:0430120044202D2DFC
:043013006775626516
:043014006554203AA5
:04301500522074735E
:04301600736967650E
:04301700207265744A
:0430180073282033C6
:043019006C756F68FB
:04301A006562206467
:04301B0029383120FF
:04301C0000000A0D99
:04301D0020532020FC
:04301E0053202D2DE1
:04301F0065747379E8
:043020007453206D58
:0430210073757461EE
:04302200656843207A
:0430230028206B6393
:04302400656D614332
:04302500262061728E
:043026005746562093
:04302700000A0D2965
:043028000000003E66
:043029006F7272450B
:04302A007257207247
:04302B006E697469ED
:04302C006F74206736
:04302D0052494D2097
:04302E0030323241C9
:04302F0000000A0D86
:043030006F72724504
:043031006552207252
:043032006E696461FE
:04303300726620673A
:043034004D206D6F4F
:043035003241524989
:043036000A0D30321D
:043037000000000095
:043038006E490A0DC6
:0430390061697469EC
:04303A00697A696CDA
:04303B004D20676E4F
:04303C003241524982
:04303D0066203032A7
:04303E003120726F5C
:04303F00783030367F
:0430400020303039D3
:0430410065646F4D06
:04304200676552204C
:0430430065747369D4
:043044000020737283
:043045003D3D0A0DF6
:043046004941203D9F
:04304700746E49203A
:0430480061667265E6
:043049005320656348
:04304A0075746174C4
:04304B003D3D207374
:04304C00000A0D3D2C
:04304D002077654E35
:04304E0067616D4900
:04304F006552206541
:043050003A79646104
:04305100000000205B
:04305200754F0A0D9F
:0430530074757074AC
:043054006F43207333
:043055003A746E75E6
:043056000000002056
:0430570050460A0DC8
:0430580000203A53C7
:0430590075430A0DA4
:04305A006E657272BB
:04305B00695720741D
:04305C003A687464F6
:04305D00000000204F
:04305E0075430A0D9F
:04305F006E657272B6
:04306000654820742B
:0430610074686769BF
:043062000000203A10
:0430630075430A0D9A
:043064006E657272B1
:04306500624F207422
:043066007463656AC0
:0430670000203A7398
:0430680075430A0D95
:043069006E657272AC
:04306A006C4320741F
:04306B0065737361B5
:04306C0000203A7393
:04306D002D2D0A0DEE
:04306E004E43202D80
:04306F006144204E4A
:043070005620617411
:0430710065756C61B4
:043072002D2D20736D
:04307300000A0D2D15
:0430740061746144DE
:043075000000002037
:043076000000203AFC
:043077003D3D0A0DC4
:043078004E43203D66
:04307900754F204E21
:04307A007475707485
:04307B006C6156200E
:04307C0020736575E3
:04307D000D3D3D3D8B
:04307E000000000A44
:04307F003D3D3D3D59
:043080003D3D3D3D58
:043081003D3D3D3D57
:043082003D3D3D3D56
:043083003D3D3D3D55
:043084003D3D3D3D54
:043085000A0D3D3DB6
:043086000000000046
:043087003D3D0A0DB4
:043088006554203D2E
:043089006E69747385
:04308A004E4320672A
:04308B006441204E2E
:04308C007365726492
:04308D00676E69738E
:04308E0074654D20F8
:04308F0073646F688F
:043090003D3D3D2065
:0430910000000A0D24
:043092006874654DAC
:043093003120646F15
:0430940057202D2074
:043095006574697283
:0430960066666F20DB
:0430970020746573C9
:043098006973202B0D
:04309900656C676E8D
:04309A0061657220DA
:04309B003028206455
:04309C002030327836
:04309D007830202B3C
:04309E003A29333068
:04309F0000000A0D16
:0430A0007366664F9E
:0430A1000020746532
:0430A200203E2D207F
:0430A30073616C43A6
:0430A4000000207395
:0430A500654D0A0D5E
:0430A600646F687477
:0430A7002D20322086
:0430A8006C754D20D6
:0430A9006C7069746A
:0430AA0065722065C6
:0430AB0020736461C9
:0430AC006D6F72666C
:0430AD0064646120D6
:0430AE007373657261
:0430AF003078302025
:0430B000612820343F
:0430B1002D6F747596
:0430B20072636E696E
:0430B3006E656D6574
:0430B4000D3A297434
:0430B5000000000A0D
:0430B600646165529A
:0430B70000000020F5
:0430B8006F726620AD
:0430B9007830206DDE
:0430BA002D20343061
:0430BB006C43203E04
:0430BC0020737361A9
:0430BD00000000000F
:0430BE003D3D3D3D1A
:0430BF003D3D3D3D19
:0430C0003D3D3D3D18
:0430C1003D3D3D3D17
:0430C2003D3D3D3D16
:0430C3003D3D3D3D15
:0430C4003D3D3D3D14
:0430C5003D3D3D3D13
:0430C6003D3D3D3D12
:0430C700000A0D3DB1
:0430C8007665642F96
:0430C9005F776C2F92
:0430CA007472617546
:0430CB000000000001
:0430CC007665642F92
:0430CD006D61632F9F
:0430CE005F61726567
:0430CF0000633269FF
:0430D0007665642F8E
:0430D1005F776C2F8A
:0430D200747261753E
:0430D30000000000F9
:0430D4006C6961665C
:0430D500742064659A
:0430D6007263206F92
:0430D7006574616556
:0430D8006D6573208F
:0430D9006F6870614B
:0430DA000A7365729E
:0430DB0000000000F1
:0430DC007665642F82
:0430DD006C756E2F71
:0430DE000000006C82
:0430DF00202A2A2A4F
:0430E0006361747341
:0430E1006D73206B80
:0430E2006968736145
:0430E3006420676E90
:0430E4006365746547
:0430E500206465748A
:0430E6003A2A2A2A2E
:0430E700726574207A
:0430E800616E696D3F
:0430E9000A6465749C
:0430EA0000000000E2
:0430EB0000000000E1
:0430EC0000000000E0
:0430ED0000000000DF
:0430EE0000000000DE
:0430EF0000000000DD
:0430F00000000000DC
:0430F10000000000DB
:0430F20000000000DA
:0430F30000000000D9
:0430F40000000000D8
:0430F50000000000D7
:0430F60000000000D6
:0430F70000000000D5
:0430F80000000000D4
:0430F90000000000D3
:0430FA0000000000D2
:0430FB0000000000D1
:0430FC0000000000D0
:0430FD0000000000CF
:0430FE0000000000CE
:0430FF0000000000CD
:0431000000000000CB
:0431010000000000CA
:0431020000000000C9
:0431030000000000C8
:0431040000000000C7
:0431050000000000C6
:0431060000000000C5
:0431070000000000C4
:0431080000000000C3
:0431090000000000C2
:04310A0000000000C1
:04310B0000000000C0
:04310C0000000000BF
:04310D0000000000BE
:04310E0000000000BD
:04310F0000000000BC
:0431100000000000BB
:0431110000000000BA
:0431120000000000B9
:0431130000000000B8
:0431140000000000B7
:0431150000000000B6
:0431160000000000B5
:0431170000000000B4
:0431180000000000B3
:0431190000000000B2
:04311A0000000000B1
:04311B0000000000B0
:04311C0000000000AF
:04311D0000000000AE
:04311E0000000000AD
:04311F0000000000AC
:0431200000000000AB
:0431210000000000AA
:0431220000000000A9
:0431230000000000A8
:0431240000000000A7
:0431250000000000A6
:0431260000000000A5
:0431270000000000A4
:0431280000000000A3
:0431290000000000A2
:04312A0000000000A1
:04312B0000000000A0
:04312C00000000009F
:04312D00000000009E
:04312E00000000009D
:04312F00000000009C
:04313000000000009B
:04313100000000009A
:043132000000000099
:043133000000000098
:043134000000000097
:043135000000000096
:043136000000000095
:043137000000000094
:043138000000000093
:043139000000000092
:04313A000000000091
:04313B000000000090
:04313C00000000008F
:04313D00000000008E
:04313E00000000008D
:04313F00000000008C
:04314000000000008B
:04314100000000008A
:043142000000000089
:043143000000000088
:043144000000000087
:043145000000000086
:043146000000000085
:043147000000000084
:043148000000000083
:043149000000000082
:04314A000000000081
:04314B000000000080
:04314C00000000007F
:04314D00000000007E
:04314E00000000007D
:04314F00000000007C
:04315000000000007B
:04315100000000007A
:043152000000000079
:043153000000000078
:043154000000000077
:043155000000000076
:043156000000000075
:043157000000000074
:043158000000000073
:043159000000000072
:04315A000000000071
:04315B000000000070
:04315C00000000006F
:04315D00000000006E
:04315E00000000006D
:04315F00000000006C
:04316000000000006B
:04316100000000006A
:043162000000000069
:043163000000000068
:043164000000000067
:043165000000000066
:043166000000000065
:043167000000000064
:043168000000000063
:043169000000000062
:04316A000000000061
:04316B000000000060
:04316C00000000005F
:04316D00000000005E
:04316E00000000005D
:04316F00000000005C
:04317000000000005B
:04317100000000005A
:043172000000000059
:043173000000000058
:043174000000000057
:043175000000000056
:043176000000000055
:043177000000000054
:043178000000000053
:043179000000000052
:04317A000000000051
:04317B000000000050
:04317C00000000004F
:04317D00000000004E
:04317E00000000004D
:04317F00000000004C
:04318000000000004B
:04318100000000004A
:043182000000000049
:043183000000000048
:043184000000000047
:043185000000000046
:043186000000000045
:043187000000000044
:043188000000000043
:043189000000000042
:04318A000000000041
:04318B000000000040
:04318C00000000003F
:04318D00000000003E
:04318E00000000003D
:04318F00000000003C
:04319000000000003B
:04319100000000003A
:043192000000000039
:043193000000000038
:043194000000000037
:043195000000000036
:043196000000000035
:043197000000000034
:043198000000000033
:043199000000000032
:04319A000000000031
:04319B000000000030
:04319C00000000002F
:04319D00000000002E
:04319E00000000002D
:04319F00000000002C
:0431A000000000002B
:0431A100000000002A
:0431A2000000000029
:0431A3000000000028
:0431A4000000000027
:0431A5000000000026
:0431A6000000000025
:0431A7000000000024
:0431A8000000000023
:0431A9000000000022
:0431AA000000000021
:0431AB000000000020
:0431AC00000000001F
:0431AD00000000001E
:0431AE00000000001D
:0431AF00000000001C
:0431B000000000001B
:0431B100000000001A
:0431B2000000000019
:0431B3000000000018
:0431B4000000000017
:0431B5000000000016
:0431B6000000000015
:0431B7000000000014
:0431B8000000000013
:0431B9000000000012
:0431BA000000000011
:0431BB000000000010
:0431BC00000000000F
:0431BD00000000000E
:0431BE00000000000D
:0431BF00000000000C
:0431C000000000000B
:0431C100000000000A
:0431C2000000000009
:0431C3000000000008
:0431C4000000000007
:0431C5000000000006
:0431C6000000000005
:0431C7000000000004
:0431C8000000000003
:0431C9000000000002
:0431CA000000000001
:0431CB000000000000
:0431CC0000000000FF
:0431CD0000000000FE
:0431CE0000000000FD
:0431CF0000000000FC
:0431D00000000000FB
:0431D10000000000FA
:0431D20000000000F9
:0431D30000000000F8
:0431D40000000000F7
:0431D50000000000F6
:0431D60000000000F5
:0431D70000000000F4
:0431D80000000000F3
:0431D90000000000F2
:0431DA0000000000F1
:0431DB0000000000F0
:0431DC0000000000EF
:0431DD0000000000EE
:0431DE0000000000ED
:0431DF0000000000EC
:0431E00000000000EB
:0431E10000000000EA
:0431E20000000000E9
:0431E30000000000E8
:0431E40000000000E7
:0431E50000000000E6
:0431E60000000000E5
:0431E70000000000E4
:0431E80000000000E3
:0431E90000000000E2
:0431EA0000000000E1
:0431EB0000000000E0
:0431EC0000000000DF
:0431ED0000000000DE
:0431EE0000000000DD
:0431EF0000000000DC
:0431F00000000000DB
:0431F10000000000DA
:0431F20000000000D9
:0431F30000000000D8
:0431F40000000000D7
:0431F50000000000D6
:0431F60000000000D5
:0431F70000000000D4
:0431F80000000000D3
:0431F90000000000D2
:0431FA0000000000D1
:0431FB0000000000D0
:0431FC0000000000CF
:0431FD0000000000CE
:0431FE0000000000CD
:0431FF0000000000CC
:0432000000000000CA
:0432010000000000C9
:0432020000000000C8
:0432030000000000C7
:0432040000000000C6
:0432050000000000C5
:0432060000000000C4
:0432070000000000C3
:0432080000000000C2
:0432090000000000C1
:04320A0000000000C0
:04320B0000000000BF
:04320C0000000000BE
:04320D0000000000BD
:04320E0000000000BC
:04320F0000000000BB
:0432100000000000BA
:0432110000000000B9
:0432120000000000B8
:0432130000000000B7
:0432140000000000B6
:0432150000000000B5
:0432160000000000B4
:0432170000000000B3
:0432180000000000B2
:0432190000000000B1
:04321A0000000000B0
:04321B0000000000AF
:04321C0000000000AE
:04321D0000000000AD
:04321E0000000000AC
:04321F0000000000AB
:0432200000000000AA
:0432210000000000A9
:0432220000000000A8
:0432230000000000A7
:0432240000000000A6
:0432250000000000A5
:0432260000000000A4
:0432270000000000A3
:0432280000000000A2
:0432290000000000A1
:04322A0000000000A0
:04322B00000000009F
:04322C00000000009E
:04322D00000000009D
:04322E00000000009C
:04322F00000000009B
:04323000000000009A
:043231000000000099
:043232000000000098
:043233000000000097
:043234000000000096
:043235000000000095
:043236000000000094
:043237000000000093
:043238000000000092
:043239000000000091
:04323A000000000090
:04323B00000000008F
:04323C00000000008E
:04323D00000000008D
:04323E00000000008C
:04323F00000000008B
:04324000000000008A
:043241000000000089
:043242000000000088
:043243000000000087
:043244000000000086
:043245000000000085
:043246000000000084
:043247000000000083
:043248000000000082
:043249000000000081
:04324A000000000080
:04324B00000000007F
:04324C00000000007E
:04324D00000000007D
:04324E00000000007C
:04324F00000000007B
:04325000000000007A
:043251000000000079
:043252000000000078
:043253000000000077
:043254000000000076
:043255000000000075
:043256000000000074
:043257000000000073
:043258000000000072
:043259000000000071
:04325A000000000070
:04325B00000000006F
:04325C00000000006E
:04325D00000000006D
:04325E00000000006C
:04325F00000000006B
:04326000000000006A
:043261000000000069
:043262000000000068
:043263000000000067
:043264000000000066
:043265000000000065
:043266000000000064
:043267000000000063
:043268000000000062
:043269000000000061
:04326A000000000060
:04326B00000000005F
:04326C00000000005E
:04326D00000000005D
:04326E00000000005C
:04326F00000000005B
:04327000000000005A
:043271000000000059
:043272000000000058
:043273000000000057
:043274000000000056
:043275000000000055
:043276000000000054
:043277000000000053
:043278000000000052
:043279000000000051
:04327A000000000050
:04327B00000000004F
:04327C00000000004E
:04327D00000000004D
:04327E00000000004C
:04327F00000000004B
:04328000000000004A
:043281000000000049
:043282000000000048
:043283000000000047
:043284000000000046
:043285000000000045
:043286000000000044
:043287000000000043
:043288000000000042
:043289000000000041
:04328A000000000040
:04328B00000000003F
:04328C00000000003E
:04328D00000000003D
:04328E00000000003C
:04328F00000000003B
:04329000000000003A
:043291000000000039
:043292000000000038
:043293000000000037
:043294000000000036
:043295000000000035
:043296000000000034
:043297000000000033
:043298000000000032
:043299000000000031
:04329A000000000030
:04329B00000000002F
:04329C00000000002E
:04329D00000000002D
:04329E00000000002C
:04329F00000000002B
:0432A000000000002A
:0432A1000000000029
:0432A2000000000028
:0432A3000000000027
:0432A4000000000026
:0432A5000000000025
:0432A6000000000024
:0432A7000000000023
:0432A8000000000022
:0432A9000000000021
:0432AA000000000020
:0432AB00000000001F
:0432AC00000000001E
:0432AD00000000001D
:0432AE00000000001C
:0432AF00000000001B
:0432B000000000001A
:0432B1000000000019
:0432B2000000000018
:0432B3000000000017
:0432B4000000000016
:0432B5000000000015
:0432B6000000000014
:0432B7000000000013
:0432B8000000000012
:0432B9000000000011
:0432BA000000000010
:0432BB00000000000F
:0432BC00000000000E
:0432BD00000000000D
:0432BE00000000000C
:0432BF00000000000B
:0432C000000000000A
:0432C1000000000009
:0432C2000000000008
:0432C3000000000007
:0432C4000000000006
:0432C5000000000005
:0432C6000000000004
:0432C7000000000003
:0432C8000000000002
:0432C9000000000001
:0432CA000000000000
:0432CB0000000000FF
:0432CC0000000000FE
:0432CD0000000000FD
:0432CE0000000000FC
:0432CF0000000000FB
:0432D00000000000FA
:0432D10000000000F9
:0432D20000000000F8
:0432D30000000000F7
:0432D40000000000F6
:0432D50000000000F5
:0432D60000000000F4
:0432D70000000000F3
:0432D80000000000F2
:0432D90000000000F1
:0432DA0000000000F0
:0432DB0002D8016CA8
:0432DC0005B10445EF
:0432DD000889071D38
:0432DE000B6109F582
:0432DF000E3A0CCEC9
:0432E00010C90FA65C
:0432E10000000000E9
:0432E20000000000E8
:0432E3000000C330F4
:0432E40000024000A4
:0432E50000000000E5
:0432E60000000002E2
:0432E70000000000E3
:0432E80000000000E2
:0432E90000000000E1
:0432EA0000000000E0
:0432EB0000000004DB
:0432EC0000000004DA
:0432ED0007270E00A1
:0432EE0000000000DC
:0432EF0000000000DB
:0432F00000000000DA
:0432F1000000C340D6
:0432F20000000000D8
:0432F30000003DA4F6
:0432F40000003CDCBE
:0432F50000003D4058
:0432F60000000000D4
:0432F70000000000D3
:0432F80000000000D2
:0432F900000240404F
:0432FA0000000000D0
:0432FB0000000000CF
:0432FC0000000000CE
:0432FD0000000000CD
:0432FE0000000000CC
:0432FF0000000001CA
:0433000000000000C9
:0433010000000000C8
:0433020000000000C7
:0433030000000000C6
:0433040000000000C5
:043305000000CB40B9
:043306000000CB40B8
:043307000000C3708F
:0433080000000000C1
:0433090000000000C0
:04330A0000000000BF
:04330B0000004DA4CD
:04330C0000000000BD
:04330D0000000000BC
:04330E0000000000BB
:04330F000000C454A2
:0433100000000000B9
:0433110000000000B8
:043312000000C4549F
:0433130000000000B6
:0433140000000000B5
:043315000000C4549C
:0433160000000000B3
:0433170000000000B2
:0433180000000000B1
:0433190000000000B0
:04331A0000000000AF
:04331B0000000000AE
:04331C0000000000AD
:04331D0000000000AC
:04331E0000000000AB
:04331F0000000000AA
:0433200000000000A9
:0433210000000000A8
:0433220000000000A7
:0433230000000000A6
:0433240000000000A5
:0433250000000000A4
:0433260000000000A3
:0433270000000000A2
:0433280000000000A1
:0433290000000000A0
:04332A00000000009F
:04332B00000000009E
:04332C00000000009D
:04332D00000000009C
:04332E00000000009B
:04332F00000000009A
:043330000000000099
:043331000000000098
:043332000000000097
:043333000000000096
:043334000000000095
:043335000000000094
:043336000000000093
:043337000000000092
:043338000000000091
:043339000000000090
:04333A00000000008F
:04333B00000000008E
:04333C00000000008D
:04333D00000000008C
:04333E00000000008B
:04333F00000000008A
:043340000000000089
:043341000000000088
:043342000000000087
:043343000000000086
:043344000000000085
:043345000000000084
:043346000000000083
:043347000000000082
:043348000000000081
:043349000000000080
:04334A00000000007F
:04334B00000000007E
:04334C00000000007D
:04334D00000000007C
:04334E00000000007B
:04334F00000000007A
:043350000000000079
:043351000000000078
:043352000000000077
:043353000000000076
:043354000000000075
:043355000000000074
:043356000000000073
:043357000000000072
:043358000000000071
:043359000000000070
:04335A00000000006F
:04335B00000000006E
:04335C00000000006D
:04335D00000000006C
:04335E00000000006B
:04335F00000000006A
:043360000000000069
:043361000000000068
:043362000000000067
:043363000000000066
:043364000000000065
:043365000000000064
:043366000000000063
:043367000000000062
:043368000000000061
:043369000000000060
:04336A00000000005F
:04336B00000000005E
:04336C00000000005D
:04336D00000000005C
:04336E00000000005B
:04336F00000000005A
:043370000000000356
:043371000000E45C18
:043372000000000057
:043373000000E45C16
:043374000000E4C4AD
:043375000000E52C43
:043376000000000053
:043377000000000052
:043378000000000051
:043379000000000050
:04337A00000000004F
:04337B00000000004E
:04337C00000000004D
:04337D00000000004C
:04337E00000000004B
:04337F00000000004A
:043380000000000049
:043381000000000048
:043382000000000047
:043383000000000046
:043384000000000045
:043385000000000044
:043386000000000043
:043387000000000042
:043388000000000041
:043389000000000040
:04338A00000000003F
:04338B00000000003E
:04338C00000000003D
:04338D00000000003C
:04338E00000000003B
:04338F00000000003A
:043390000000000039
:043391000000000038
:043392000000000037
:043393000000000036
:043394000000000035
:043395000000000034
:043396000000000033
:043397000000000032
:043398000000000130
:043399000000000030
:04339A00ABCD330E76
:04339B00E66D123495
:04339C000005DEEC5E
:04339D000000000B21
:04339E00000000002B
:04339F00000000002A
:0433A0000000000029
:0433A1000000000028
:0433A2000000000027
:0433A3000000000026
:0433A4000000000025
:0433A5000000000024
:0433A6000000000023
:0433A7000000000022
:0433A8000000000021
:0433A9000000000020
:0433AA00000000001F
:0433AB00000000001E
:0433AC00000000001D
:0433AD00000000001C
:0433AE00000000001B
:0433AF00000000001A
:0433B0000000000019
:0433B1000000000018
:0433B2000000000017
:0433B3000000000016
:0433B4000000000015
:0433B5000000000014
:0433B6000000000013
:0433B7000000000012
:0433B8000000000011
:0433B9000000000010
:0433BA00000000000F
:0433BB00000000000E
:0433BC000000C7281E
:0433BD000000C7281D
:0433BE000000C73014
:0433BF000000C73013
:0433C0000000C7380A
:0433C1000000C73809
:0433C2000000C74000
:0433C3000000C740FF
:0433C4000000C748F6
:0433C5000000C748F5
:0433C6000000C750EC
:0433C7000000C750EB
:0433C8000000C758E2
:0433C9000000C758E1
:0433CA000000C760D8
:0433CB000000C760D7
:0433CC000000C768CE
:0433CD000000C768CD
:0433CE000000C770C4
:0433CF000000C770C3
:0433D0000000C778BA
:0433D1000000C778B9
:0433D2000000C780B0
:0433D3000000C780AF
:0433D4000000C788A6
:0433D5000000C788A5
:0433D6000000C7909C
:0433D7000000C7909B
:0433D8000000C79892
:0433D9000000C79891
:0433DA000000C7A088
:0433DB000000C7A087
:0433DC000000C7A87E
:0433DD000000C7A87D
:0433DE000000C7B074
:0433DF000000C7B073
:0433E0000000C7B86A
:0433E1000000C7B869
:0433E2000000C7C060
:0433E3000000C7C05F
:0433E4000000C7C856
:0433E5000000C7C855
:0433E6000000C7D04C
:0433E7000000C7D04B
:0433E8000000C7D842
:0433E9000000C7D841
:0433EA000000C7E038
:0433EB000000C7E037
:0433EC000000C7E82E
:0433ED000000C7E82D
:0433EE000000C7F024
:0433EF000000C7F023
:0433F0000000C7F81A
:0433F1000000C7F819
:0433F2000000C8000F
:0433F3000000C8000E
:0433F4000000C80805
:0433F5000000C80804
:0433F6000000C810FB
:0433F7000000C810FA
:0433F8000000C818F1
:0433F9000000C818F0
:0433FA000000C820E7
:0433FB000000C820E6
:0433FC000000C828DD
:0433FD000000C828DC
:0433FE000000C830D3
:0433FF000000C830D2
:043400000000C838C8
:043401000000C838C7
:043402000000C840BE
:043403000000C840BD
:043404000000C848B4
:043405000000C848B3
:043406000000C850AA
:043407000000C850A9
:043408000000C858A0
:043409000000C8589F
:04340A000000C86096
:04340B000000C86095
:04340C000000C8688C
:04340D000000C8688B
:04340E000000C87082
:04340F000000C87081
:043410000000C87878
:043411000000C87877
:043412000000C8806E
:043413000000C8806D
:043414000000C88864
:043415000000C88863
:043416000000C8905A
:043417000000C89059
:043418000000C89850
:043419000000C8984F
:04341A000000C8A046
:04341B000000C8A045
:04341C000000C8A83C
:04341D000000C8A83B
:04341E000000C8B032
:04341F000000C8B031
:043420000000C8B828
:043421000000C8B827
:043422000000C8C01E
:043423000000C8C01D
:043424000000C8C814
:043425000000C8C813
:043426000000C8D00A
:043427000000C8D009
:043428000000C8D800
:043429000000C8D8FF
:04342A000000C8E0F6
:04342B000000C8E0F5
:04342C000000C8E8EC
:04342D000000C8E8EB
:04342E000000C8F0E2
:04342F000000C8F0E1
:043430000000C8F8D8
:043431000000C8F8D7
:043432000000C900CD
:043433000000C900CC
:043434000000C908C3
:043435000000C908C2
:043436000000C910B9
:043437000000C910B8
:043438000000C918AF
:043439000000C918AE
:04343A000000C920A5
:04343B000000C920A4
:04343C000000C9289B
:04343D000000C9289A
:04343E000000C93091
:04343F000000C93090
:043440000000C93887
:043441000000C93886
:043442000000C9407D
:043443000000C9407C
:043444000000C94873
:043445000000C94872
:043446000000C95069
:043447000000C95068
:043448000000C9585F
:043449000000C9585E
:04344A000000C96055
:04344B000000C96054
:04344C000000C9684B
:04344D000000C9684A
:04344E000000C97041
:04344F000000C97040
:043450000000C97837
:043451000000C97836
:043452000000C9802D
:043453000000C9802C
:043454000000C98823
:043455000000C98822
:043456000000C99019
:043457000000C99018
:043458000000C9980F
:043459000000C9980E
:04345A000000C9A005
:04345B000000C9A004
:04345C000000C9A8FB
:04345D000000C9A8FA
:04345E000000C9B0F1
:04345F000000C9B0F0
:043460000000C9B8E7
:043461000000C9B8E6
:043462000000C9C0DD
:043463000000C9C0DC
:043464000000C9C8D3
:043465000000C9C8D2
:043466000000C9D0C9
:043467000000C9D0C8
:043468000000C9D8BF
:043469000000C9D8BE
:04346A000000C9E0B5
:04346B000000C9E0B4
:04346C000000C9E8AB
:04346D000000C9E8AA
:04346E000000C9F0A1
:04346F000000C9F0A0
:043470000000C9F897
:043471000000C9F896
:043472000000CA008C
:043473000000CA008B
:043474000000CA0882
:043475000000CA0881
:043476000000CA1078
:043477000000CA1077
:043478000000CA186E
:043479000000CA186D
:04347A000000CA2064
:04347B000000CA2063
:04347C000000CA285A
:04347D000000CA2859
:04347E000000CA3050
:04347F000000CA304F
:043480000000CA3846
:043481000000CA3845
:043482000000CA403C
:043483000000CA403B
:043484000000CA4832
:043485000000CA4831
:043486000000CA5028
:043487000000CA5027
:043488000000CA581E
:043489000000CA581D
:04348A000000CA6014
:04348B000000CA6013
:04348C000000CA680A
:04348D000000CA6809
:04348E000000CA7000
:04348F000000CA70FF
:043490000000CA78F6
:043491000000CA78F5
:043492000000CA80EC
:043493000000CA80EB
:043494000000CA88E2
:043495000000CA88E1
:043496000000CA90D8
:043497000000CA90D7
:043498000000CA98CE
:043499000000CA98CD
:04349A000000CAA0C4
:04349B000000CAA0C3
:04349C000000CAA8BA
:04349D000000CAA8B9
:04349E000000CAB0B0
:04349F000000CAB0AF
:0434A0000000CAB8A6
:0434A1000000CAB8A5
:0434A2000000CAC09C
:0434A3000000CAC09B
:0434A4000000CAC892
:0434A5000000CAC891
:0434A6000000CAD088
:0434A7000000CAD087
:0434A8000000CAD87E
:0434A9000000CAD87D
:0434AA000000CAE074
:0434AB000000CAE073
:0434AC000000CAE86A
:0434AD000000CAE869
:0434AE000000CAF060
:0434AF000000CAF05F
:0434B0000000CAF856
:0434B1000000CAF855
:0434B2000000CB004B
:0434B3000000CB004A
:0434B4000000CB0841
:0434B5000000CB0840
:0434B6000000CB1037
:0434B7000000CB1036
:0434B8000000CB182D
:0434B9000000CB182C
:0434BA000000CB2023
:0434BB000000CB2022
:0434BC000000CB3011
:0434BD000000CB3010
:0434BE000000CB3807
:0434BF000000CB3806
:0434C0000000C454F0
:0434C1000000C454EF
:0434C200FFFFFFFF0A
:0434C3000000000005
:0434C4000000CB50E9
:0434C5000000CB50E8
:0434C6000000C60834
:0434C7000000D39896
:0434C800FFFFFFFF04
:0434C90000020000FD
:0434CA000000E74CCB
:0434CB0000000000FD
:0434CC0000000000FC
:0434CD0000000000FB
:0434CE0000000000FA
:0434CF0000000000F9
:0434D00000000000F8
:0434D10000000000F7
:0434D20000000000F6
:0434D30000000000F5
:0434D40000000000F4
:0434D50000000000F3
:0434D60000000000F2
:0434D70000000000F1
:0434D80000000000F0
:0434D90000000000EF
:0434DA0000000000EE
:0434DB0000000000ED
:0434DC0000000000EC
:0434DD0000000000EB
:0434DE0000000000EA
:0434DF0000000000E9
:0434E00000000000E8
:0434E10000000000E7
:0434E20000000000E6
:0434E30000000000E5
:0434E40000000000E4
:0434E50000000000E3
:0434E60000000000E2
:0434E70000000000E1
:0434E80000000000E0
:0434E90000000000DF
:0434EA0000000000DE
:0434EB0000000000DD
:0434EC0000000000DC
:0434ED0000000000DB
:0434EE0000000000DA
:0434EF0000000000D9
:0434F00000000000D8
:0434F10000000000D7
:0434F20000000000D6
:0434F30000000000D5
:0434F40000000000D4
:0434F50000000000D3
:0434F60000000000D2
:0434F70000000000D1
:0434F80000000000D0
:0434F90000000000CF
:0434FA0000000000CE
:0434FB0000000000CD
:0434FC0000000000CC
:0434FD0000000000CB
:0434FE0000000000CA
:0434FF0000000000C9
:0435000000000000C7
:0435010000000000C6
:0435020000000000C5
:0435030000000000C4
:0435040000000000C3
:0435050000000000C2
:0435060000000000C1
:0435070000000000C0
:0435080000000000BF
:0435090000000000BE
:04350A0000000000BD
:04350B0000000000BC
:04350C0000000000BB
:04350D0000000000BA
:04350E0000000000B9
:04350F0000000000B8
:0435100000000000B7
:0435110000000000B6
:0435120000000000B5
:0435130000000000B4
:0435140000000000B3
:0435150000000000B2
:0435160000000000B1
:0435170000000000B0
:0435180000000000AF
:0435190000000000AE
:04351A0000000000AD
:04351B0000000000AC
:04351C0000000000AB
:04351D0000000000AA
:04351E0000000000A9
:04351F0000000000A8
:0435200000000000A7
:0435210000000000A6
:0435220000000000A5
:0435230000000000A4
:0435240000000000A3
:0435250000000000A2
:0435260000000000A1
:0435270000000000A0
:04352800000000009F
:04352900000000009E
:04352A00000000009D
:04352B00000000009C
:04352C00000000009B
:04352D00000000009A
:04352E000000000099
:04352F000000000098
:043530000000000097
:043531000000000096
:043532000000000095
:043533000000000094
:043534000000000093
:043535000000000092
:043536000000000091
:043537000000000090
:04353800000000008F
:04353900000000008E
:04353A00000000008D
:04353B00000000008C
:04353C00000000008B
:04353D00000000008A
:04353E000000000089
:04353F000000000088
:043540000000000087
:043541000000000086
:043542000000000085
:043543000000000084
:043544000000000083
:043545000000000082
:043546000000000081
:043547000000000080
:04354800000000007F
:04354900000000007E
:04354A00000000007D
:04354B00000000007C
:04354C00000000007B
:04354D00000000007A
:04354E000000000079
:04354F000000000078
:043550000000000077
:043551000000000076
:043552000000000075
:043553000000000074
:043554000000000073
:043555000000000072
:043556000000000071
:043557000000000070
:04355800000000006F
:04355900000000006E
:04355A00000000006D
:04355B00000000006C
:04355C00000000006B
:04355D00000000006A
:04355E000000000069
:04355F000000000068
:043560000000000067
:043561000000000066
:043562000000000065
:043563000000000064
:043564000000000063
:043565000000000062
:043566000000000061
:043567000000000060
:04356800000000005F
:04356900000000005E
:04356A00000000005D
:04356B00000000005C
:04356C00000000005B
:04356D00000000005A
:04356E000000000059
:04356F000000000058
:043570000000000057
:043571000000000056
:043572000000000055
:043573000000000054
:043574000000000053
:043575000000000052
:043576000000000051
:043577000000000050
:04357800000000004F
:04357900000000004E
:04357A00000000004D
:04357B00000000004C
:04357C00000000004B
:04357D00000000004A
:04357E000000000049
:04357F000000000048
:043580000000000047
:043581000000000046
:043582000000000045
:043583000000000044
:043584000000000043
:043585000000000042
:043586000000000041
:043587000000000040
:04358800000000003F
:04358900000000003E
:04358A00000000003D
:04358B00000000003C
:04358C00000000003B
:04358D00000000003A
:04358E000000000039
:04358F000000000038
:043590000000000037
:043591000000000036
:043592000000000035
:043593000000000034
:043594000000000033
:043595000000000032
:043596000000000031
:043597000000000030
:04359800000000002F
:04359900000000002E
:04359A00000000002D
:04359B00000000002C
:04359C00000000002B
:04359D00000000002A
:04359E000000000029
:04359F000000000028
:0435A0000000000027
:0435A1000000000026
:0435A2000000000025
:0435A3000000000024
:0435A4000000000023
:0435A5000000000022
:0435A6000000000021
:0435A7000000000020
:0435A800000000001F
:0435A900000000001E
:0435AA00000000001D
:0435AB00000000001C
:0435AC00000000001B
:0435AD00000000001A
:0435AE000000000019
:0435AF000000000018
:0435B0000000000017
:0435B1000000000016
:0435B2000000000015
:0435B3000000000014
:0435B4000000000013
:0435B5000000000012
:0435B6000000000011
:0435B7000000000010
:0435B800000000000F
:0435B900000000000E
:0435BA00000000000D
:0435BB00000000000C
:0435BC00000000000B
:0435BD00000000000A
:0435BE000000000009
:0435BF000000000008
:0435C0000000000007
:0435C1000000000006
:0435C2000000000005
:0435C3000000000004
:0435C4000000000003
:0435C5000000000002
:0435C6000000000001
:0435C7000000000000
:0435C80000000000FF
:0435C90000000000FE
:0435CA0000000000FD
:0435CB0000000000FC
:0435CC0000000000FB
:0435CD0000000000FA
:0435CE0000000000F9
:0435CF0000000000F8
:0435D00000000000F7
:0435D10000000000F6
:0435D20000000000F5
:0435D30000000000F4
:0435D40000000000F3
:0435D50000000000F2
:0435D60000000000F1
:0435D70000000000F0
:0435D80000000000EF
:0435D90000000000EE
:0435DA0000000000ED
:0435DB0000000000EC
:0435DC0000000000EB
:0435DD0000000000EA
:0435DE0000000000E9
:0435DF0000000000E8
:0435E00000000000E7
:0435E10000000000E6
:0435E20000000000E5
:0435E30000000000E4
:0435E40000000000E3
:0435E50000000000E2
:0435E60000000000E1
:0435E70000000000E0
:0435E80000000000DF
:0435E90000000000DE
:0435EA0000000000DD
:0435EB0000000000DC
:0435EC0000000000DB
:0435ED0000000000DA
:0435EE0000000000D9
:0435EF0000000000D8
:0435F00000000000D7
:0435F10000000000D6
:0435F20000000000D5
:0435F30000000000D4
:0435F40000000000D3
:0435F50000000000D2
:0435F60000000000D1
:0435F70000000000D0
:0435F80000000000CF
:0435F90000000000CE
:0435FA0000000000CD
:0435FB0000000000CC
:0435FC0000000000CB
:0435FD0000000000CA
:0435FE0000000000C9
:0435FF0000000000C8
:0436000000000000C6
:0436010000000000C5
:0436020000000000C4
:0436030000000000C3
:0436040000000000C2
:0436050000000000C1
:0436060000000000C0
:0436070000000000BF
:0436080000000000BE
:0436090000000000BD
:04360A0000000000BC
:04360B0000000000BB
:04360C0000000000BA
:04360D0000000000B9
:04360E0000000000B8
:04360F0000000000B7
:0436100000000000B6
:0436110000000000B5
:0436120000000000B4
:0436130000000000B3
:0436140000000000B2
:0436150000000000B1
:0436160000000000B0
:0436170000000000AF
:0436180000000000AE
:0436190000000000AD
:04361A0000000000AC
:04361B0000000000AB
:04361C0000000000AA
:04361D0000000000A9
:04361E0000000000A8
:04361F0000000000A7
:0436200000000000A6
:0436210000000000A5
:0436220000000000A4
:0436230000000000A3
:0436240000000000A2
:0436250000000000A1
:0436260000000000A0
:04362700000000009F
:04362800000000009E
:04362900000000009D
:04362A00000000009C
:04362B00000000009B
:04362C00000000009A
:04362D000000000099
:04362E000000000098
:04362F000000000097
:043630000000000096
:043631000000000095
:043632000000000094
:043633000000000093
:043634000000000092
:043635000000000091
:043636000000000090
:04363700000000008F
:04363800000000008E
:04363900000000008D
:04363A00000000008C
:04363B00000000008B
:04363C00000000008A
:04363D000000000089
:04363E000000000088
:04363F000000000087
:043640000000000086
:043641000000000085
:043642000000000084
:043643000000000083
:043644000000000082
:043645000000000081
:043646000000000080
:04364700000000007F
:04364800000000007E
:04364900000000007D
:04364A00000000007C
:04364B00000000007B
:04364C00000000007A
:04364D000000000079
:04364E000000000078
:04364F000000000077
:043650000000000076
:043651000000000075
:043652000000000074
:043653000000000073
:043654000000000072
:043655000000000071
:043656000000000070
:04365700000000006F
:04365800000000006E
:04365900000000006D
:04365A00000000006C
:04365B00000000006B
:04365C00000000006A
:04365D000000000069
:04365E000000000068
:04365F000000000067
:043660000000000066
:043661000000000065
:043662000000000064
:043663000000000063
:043664000000000062
:043665000000000061
:043666000000000060
:04366700000000005F
:04366800000000005E
:04366900000000005D
:04366A00000000005C
:04366B00000000005B
:04366C00000000005A
:04366D000000000059
:04366E000000000058
:04366F000000000057
:043670000000000056
:043671000000000055
:043672000000000054
:043673000000000053
:043674000000000052
:043675000000000051
:043676000000000050
:04367700000000004F
:04367800000000004E
:04367900000000004D
:04367A00000000004C
:04367B00000000004B
:04367C00000000004A
:04367D000000000049
:04367E000000000048
:04367F000000000047
:043680000000000046
:043681000000000045
:043682000000000044
:043683000000000043
:043684000000000042
:043685000000000041
:043686000000000040
:04368700000000003F
:04368800000000003E
:04368900000000003D
:04368A00000000003C
:04368B00000000003B
:04368C00000000003A
:04368D000000000039
:04368E000000000038
:04368F000000000037
:043690000000000036
:043691000000000035
:043692000000000034
:043693000000000033
:043694000000000032
:043695000000000031
:043696000000000030
:04369700000000002F
:04369800000000002E
:04369900000000002D
:04369A00000000002C
:04369B00000000002B
:04369C00000000002A
:04369D000000000029
:04369E000000000028
:04369F000000000027
:0436A0000000000026
:0436A1000000000025
:0436A2000000000024
:0436A3000000000023
:0436A4000000000022
:0436A5000000000021
:0436A6000000000020
:0436A700000000001F
:0436A800000000001E
:0436A900000000001D
:0436AA00000000001C
:0436AB00000000001B
:0436AC00000000001A
:0436AD000000000019
:0436AE000000000018
:0436AF000000000017
:0436B0000000000016
:0436B1000000000015
:0436B2000000000014
:0436B3000000000013
:0436B4000000000012
:0436B5000000000011
:0436B6000000000010
:0436B700000000000F
:0436B800000000000E
:0436B900000000000D
:0436BA00000000000C
:0436BB00000000000B
:0436BC00000000000A
:0436BD000000000009
:0436BE000000000008
:0436BF000000000007
:0436C0000000000006
:0436C1000000000005
:0436C2000000000004
:0436C3000000000003
:0436C4000000000002
:0436C5000000000001
:0436C6000000000000
:0436C70000000000FF
:0436C80000000000FE
:0436C90000000000FD
:0436CA0000000000FC
:0436CB0000000000FB
:0436CC0000000000FA
:0436CD0000000000F9
:0436CE0000000000F8
:0436CF0000000000F7
:0436D00000000000F6
:0436D10000000000F5
:0436D20000000000F4
:0436D30000000000F3
:0436D40000000000F2
:0436D50000000000F1
:0436D60000000000F0
:0436D70000000000EF
:0436D80000000000EE
:0436D90000000000ED
:0436DA0000000000EC
:0436DB0000000000EB
:0436DC0000000000EA
:0436DD0000000000E9
:0436DE0000000000E8
:0436DF0000000000E7
:0436E00000000000E6
:0436E10000000000E5
:0436E20000000000E4
:0436E30000000000E3
:0436E40000000000E2
:0436E50000000000E1
:0436E60000000000E0
:0436E70000000000DF
:0436E80000000000DE
:0436E90000000000DD
:0436EA0000000000DC
:0436EB0000000000DB
:0436EC0000000000DA
:0436ED0000000000D9
:0436EE0000000000D8
:0436EF0000000000D7
:0436F00000000000D6
:0436F10000000000D5
:0436F20000000000D4
:0436F30000000000D3
:0436F40000000000D2
:0436F50000000000D1
:0436F60000000000D0
:0436F70000000000CF
:0436F80000000000CE
:0436F90000000000CD
:0436FA0000000000CC
:0436FB0000000000CB
:0436FC0000000000CA
:0436FD0000000000C9
:0436FE0000000000C8
:0436FF0000000000C7
:0437000000000000C5
:0437010000000000C4
:0437020000000000C3
:0437030000000000C2
:0437040000000000C1
:0437050000000000C0
:0437060000000000BF
:0437070000000000BE
:0437080000000000BD
:0437090000000000BC
:04370A0000000000BB
:04370B0000000000BA
:04370C0000000000B9
:04370D0000000000B8
:04370E0000000000B7
:04370F0000000000B6
:0437100000000000B5
:0437110000000000B4
:0437120000000000B3
:0437130000000000B2
:0437140000000000B1
:0437150000000000B0
:0437160000000000AF
:0437170000000000AE
:0437180000000000AD
:0437190000000000AC
:04371A0000000000AB
:04371B0000000000AA
:04371C0000000000A9
:04371D0000000000A8
:04371E0000000000A7
:04371F0000000000A6
:0437200000000000A5
:0437210000000000A4
:0437220000000000A3
:0437230000000000A2
:0437240000000000A1
:0437250000000000A0
:04372600000000009F
:04372700000000009E
:04372800000000009D
:04372900000000009C
:04372A00000000009B
:04372B00000000009A
:04372C000000000099
:04372D000000000098
:04372E000000000097
:04372F000000000096
:043730000000000095
:043731000000000094
:043732000000000093
:043733000000000092
:043734000000000091
:043735000000000090
:04373600000000008F
:04373700000000008E
:04373800000000008D
:04373900000000008C
:04373A00000000008B
:04373B00000000008A
:04373C000000000089
:04373D000000000088
:04373E000000000087
:04373F000000000086
:043740000000000085
:043741000000000084
:043742000000000083
:043743000000000082
:043744000000000081
:043745000000000080
:04374600000000007F
:04374700000000007E
:04374800000000007D
:04374900000000007C
:04374A00000000007B
:04374B00000000007A
:04374C000000000079
:04374D000000000078
:04374E000000000077
:04374F000000000076
:043750000000000075
:043751000000000074
:043752000000000073
:043753000000000072
:043754000000000071
:043755000000000070
:04375600000000006F
:04375700000000006E
:04375800000000006D
:04375900000000006C
:04375A00000000006B
:04375B00000000006A
:04375C000000000069
:04375D000000000068
:04375E000000000067
:04375F000000000066
:043760000000000065
:043761000000000064
:043762000000000063
:043763000000000062
:043764000000000061
:043765000000000060
:04376600000000005F
:04376700000000005E
:04376800000000005D
:04376900000000005C
:04376A00000000005B
:04376B00000000005A
:04376C000000000059
:04376D000000000058
:04376E000000000057
:04376F000000000056
:043770000000000055
:043771000000000054
:043772000000000053
:043773000000000052
:043774000000000051
:043775000000000050
:04377600000000004F
:04377700000000004E
:04377800000000004D
:04377900000000004C
:04377A00000000004B
:04377B00000000004A
:04377C000000000049
:04377D000000000048
:04377E000000000047
:04377F000000000046
:043780000000000045
:043781000000000044
:043782000000000043
:043783000000000042
:043784000000000041
:043785000000000040
:04378600000000003F
:04378700000000003E
:04378800000000003D
:04378900000000003C
:04378A00000000003B
:04378B00000000003A
:04378C000000000039
:04378D000000000038
:04378E000000000037
:04378F000000000036
:043790000000000035
:043791000000000034
:043792000000000033
:043793000000000032
:043794000000000031
:043795000000000030
:04379600000000002F
:04379700000000002E
:04379800000000002D
:04379900000000002C
:04379A00000000002B
:04379B00000000002A
:04379C000000000029
:04379D000000000028
:04379E000000000027
:04379F000000000026
:0437A0000000000025
:0437A1000000000024
:0437A2000000000023
:0437A3000000000022
:0437A4000000000021
:0437A5000000000020
:0437A600000000001F
:0437A700000000001E
:0437A800000000001D
:0437A900000000001C
:0437AA00000000001B
:0437AB00000000001A
:0437AC000000000019
:0437AD000000000018
:0437AE000000000017
:0437AF000000000016
:0437B0000000000015
:0437B1000000000014
:0437B2000000000013
:0437B3000000000012
:0437B4000000000011
:0437B5000000000010
:0437B600000000000F
:0437B700000000000E
:0437B800000000000D
:0437B900000000000C
:0437BA00000000000B
:0437BB00000000000A
:0437BC000000000009
:0437BD000000000008
:0437BE000000000007
:0437BF000000000006
:0437C0000000000005
:0437C1000000000004
:0437C2000000000003
:0437C3000000000002
:0437C4000000000001
:0437C5000000000000
:0437C60000000000FF
:0437C70000000000FE
:0437C80000000000FD
:0437C90000000000FC
:0437CA0000000000FB
:0437CB0000000000FA
:0437CC0000000000F9
:0437CD0000000000F8
:0437CE0000000000F7
:0437CF0000000000F6
:0437D00000000000F5
:0437D10000000000F4
:0437D20000000000F3
:0437D30000000000F2
:0437D40000000000F1
:0437D50000000000F0
:0437D60000000000EF
:0437D70000000000EE
:0437D80000000000ED
:0437D90000000000EC
:0437DA0000000000EB
:0437DB0000000000EA
:0437DC0000000000E9
:0437DD0000000000E8
:0437DE0000000000E7
:0437DF0000000000E6
:0437E00000000000E5
:0437E10000000000E4
:0437E20000000000E3
:0437E30000000000E2
:0437E40000000000E1
:0437E50000000000E0
:0437E60000000000DF
:0437E70000000000DE
:0437E80000000000DD
:0437E90000000000DC
:0437EA0000000000DB
:0437EB0000000000DA
:0437EC0000000000D9
:0437ED0000000000D8
:0437EE0000000000D7
:0437EF0000000000D6
:0437F00000000000D5
:0437F10000000000D4
:0437F20000000000D3
:0437F30000000000D2
:0437F40000000000D1
:0437F50000000000D0
:0437F60000000000CF
:0437F70000000000CE
:0437F80000000000CD
:0437F90000000000CC
:0437FA0000000000CB
:0437FB0000000000CA
:0437FC0000000000C9
:0437FD0000000000C8
:0437FE0000000000C7
:0437FF0000000000C6
:0438000000000000C4
:0438010000000000C3
:0438020000000000C2
:0438030000000000C1
:0438040000000000C0
:0438050000000000BF
:0438060000000000BE
:0438070000000000BD
:0438080000000000BC
:0438090000000000BB
:04380A0000000000BA
:04380B0000000000B9
:04380C0000000000B8
:04380D0000000000B7
:04380E0000000000B6
:04380F0000000000B5
:0438100000000000B4
:0438110000000000B3
:0438120000000000B2
:0438130000000000B1
:0438140000000000B0
:0438150000000000AF
:0438160000000000AE
:0438170000000000AD
:0438180000000000AC
:0438190000000000AB
:04381A0000000000AA
:04381B0000000000A9
:04381C0000000000A8
:04381D0000000000A7
:04381E0000000000A6
:04381F0000000000A5
:0438200000000000A4
:0438210000000000A3
:0438220000000000A2
:0438230000000000A1
:0438240000000000A0
:04382500000000009F
:04382600000000009E
:04382700000000009D
:04382800000000009C
:04382900000000009B
:04382A00000000009A
:04382B000000000099
:04382C000000000098
:04382D000000000097
:04382E000000000096
:04382F000000000095
:043830000000000094
:043831000000000093
:043832000000000092
:043833000000000091
:043834000000000090
:04383500000000008F
:04383600000000008E
:04383700000000008D
:04383800000000008C
:04383900000000008B
:04383A00000000008A
:04383B000000000089
:04383C000000000088
:04383D000000000087
:04383E000000000086
:04383F000000000085
:043840000000000084
:043841000000000083
:043842000000000082
:043843000000000081
:043844000000000080
:04384500000000007F
:04384600000000007E
:04384700000000007D
:04384800000000007C
:04384900000000007B
:04384A00000000007A
:04384B000000000079
:04384C000000000078
:04384D000000000077
:04384E000000000076
:04384F000000000075
:043850000000000074
:043851000000000073
:043852000000000072
:043853000000000071
:043854000000000070
:04385500000000006F
:04385600000000006E
:04385700000000006D
:04385800000000006C
:04385900000000006B
:04385A00000000006A
:04385B000000000069
:04385C000000000068
:04385D000000000067
:04385E000000000066
:04385F000000000065
:043860000000000064
:043861000000000063
:043862000000000062
:043863000000000061
:043864000000000060
:04386500000000005F
:04386600000000005E
:04386700000000005D
:04386800000000005C
:04386900000000005B
:04386A00000000005A
:04386B000000000059
:04386C000000000058
:04386D000000000057
:04386E000000000056
:04386F000000000055
:043870000000000054
:043871000000000053
:043872000000000052
:043873000000000051
:043874000000000050
:04387500000000004F
:04387600000000004E
:04387700000000004D
:04387800000000004C
:04387900000000004B
:04387A00000000004A
:04387B000000000049
:04387C000000000048
:04387D000000000047
:04387E000000000046
:04387F000000000045
:043880000000000044
:043881000000000043
:043882000000000042
:043883000000000041
:043884000000000040
:04388500000000003F
:04388600000000003E
:04388700000000003D
:04388800000000003C
:04388900000000003B
:04388A00000000003A
:04388B000000000039
:04388C000000000038
:04388D000000000037
:04388E000000000036
:04388F000000000035
:043890000000000034
:043891000000000033
:043892000000000032
:043893000000000031
:043894000000000030
:04389500000000002F
:04389600000000002E
:04389700000000002D
:04389800000000002C
:04389900000000002B
:04389A00000000002A
:04389B000000000029
:04389C000000000028
:04389D000000000027
:04389E000000000026
:04389F000000000025
:0438A0000000000024
:0438A1000000000023
:0438A2000000000022
:0438A3000000000021
:0438A4000000000020
:0438A500000000001F
:0438A600000000001E
:0438A700000000001D
:0438A800000000001C
:0438A900000000001B
:0438AA00000000001A
:0438AB000000000019
:0438AC000000000018
:0438AD000000000017
:0438AE000000000016
:0438AF000000000015
:0438B0000000000014
:0438B1000000000013
:0438B2000000000012
:0438B3000000000011
:0438B4000000000010
:0438B500000000000F
:0438B600000000000E
:0438B700000000000D
:0438B800000000000C
:0438B900000000000B
:0438BA00000000000A
:0438BB000000000009
:0438BC000000000008
:0438BD000000000007
:0438BE000000000006
:0438BF000000000005
:0438C0000000000004
:0438C1000000000003
:0438C2000000000002
:0438C3000000000001
:0438C4000000000000
:0438C50000000000FF
:0438C60000000000FE
:0438C70000000000FD
:0438C80000000000FC
:0438C90000000000FB
:0438CA0000000000FA
:0438CB0000000000F9
:0438CC0000000000F8
:0438CD0000000000F7
:0438CE0000000000F6
:0438CF0000000000F5
:0438D00000000000F4
:0438D10000000000F3
:0438D20000000000F2
:0438D30000000000F1
:0438D40000000000F0
:0438D50000000000EF
:0438D60000000000EE
:0438D70000000000ED
:0438D80000000000EC
:0438D90000000000EB
:0438DA0000000000EA
:0438DB0000000000E9
:0438DC0000000000E8
:0438DD0000000000E7
:0438DE0000000000E6
:0438DF0000000000E5
:0438E00000000000E4
:0438E10000000000E3
:0438E20000000000E2
:0438E30000000000E1
:0438E40000000000E0
:0438E50000000000DF
:0438E60000000000DE
:0438E70000000000DD
:0438E80000000000DC
:0438E90000000000DB
:0438EA0000000000DA
:0438EB0000000000D9
:0438EC0000000000D8
:0438ED0000000000D7
:0438EE0000000000D6
:0438EF0000000000D5
:0438F00000000000D4
:0438F10000000000D3
:0438F20000000000D2
:0438F30000000000D1
:0438F40000000000D0
:0438F50000000000CF
:0438F60000000000CE
:0438F70000000000CD
:0438F80000000000CC
:0438F90000000000CB
:0438FA0000000000CA
:0438FB0000000000C9
:0438FC0000000000C8
:0438FD0000000000C7
:0438FE0000000000C6
:0438FF0000000000C5
:0439000000000000C3
:0439010000000000C2
:0439020000000000C1
:0439030000000000C0
:0439040000000000BF
:0439050000000000BE
:0439060000000000BD
:0439070000000000BC
:0439080000000000BB
:0439090000000000BA
:04390A0000000000B9
:04390B0000000000B8
:04390C0000000000B7
:04390D0000000000B6
:04390E0000000000B5
:04390F0000000000B4
:0439100000000000B3
:0439110000000000B2
:0439120000000000B1
:0439130000000000B0
:0439140000000000AF
:0439150000000000AE
:0439160000000000AD
:0439170000000000AC
:0439180000000000AB
:0439190000000000AA
:04391A0000000000A9
:04391B0000000000A8
:04391C0000000000A7
:04391D0000000000A6
:04391E0000000000A5
:04391F0000000000A4
:0439200000000000A3
:0439210000000000A2
:0439220000000000A1
:0439230000000000A0
:04392400000000009F
:04392500000000009E
:04392600000000009D
:04392700000000009C
:04392800000000009B
:04392900000000009A
:04392A000000000099
:04392B000000000098
:04392C000000000097
:04392D000000000096
:04392E000000000095
:04392F000000000094
:043930000000000093
:043931000000000092
:043932000000000091
:043933000000000090
:04393400000000008F
:04393500000000008E
:04393600000000008D
:04393700000000008C
:04393800000000008B
:04393900000000008A
:04393A000000000089
:04393B000000000088
:04393C000000000087
:04393D000000000086
:04393E000000000085
:04393F000000000084
:043940000000000083
:043941000000000082
:043942000000000081
:043943000000000080
:04394400000000007F
:04394500000000007E
:04394600000000007D
:04394700000000007C
:04394800000000007B
:04394900000000007A
:04394A000000000079
:04394B000000000078
:04394C000000000077
:04394D000000000076
:04394E000000000075
:04394F000000000074
:043950000000000073
:043951000000000072
:043952000000000071
:043953000000000070
:04395400000000006F
:04395500000000006E
:04395600000000006D
:04395700000000006C
:04395800000000006B
:04395900000000006A
:04395A000000000069
:04395B000000000068
:04395C000000000067
:04395D000000000066
:04395E000000000065
:04395F000000000064
:043960000000000063
:043961000000000062
:043962000000000061
:043963000000000060
:04396400000000005F
:04396500000000005E
:04396600000000005D
:04396700000000005C
:04396800000000005B
:04396900000000005A
:04396A000000000059
:04396B000000000058
:04396C000000000057
:04396D000000000056
:04396E000000000055
:04396F000000000054
:043970000000000053
:043971000000000052
:043972000000000051
:043973000000000050
:04397400000000004F
:04397500000000004E
:04397600000000004D
:04397700000000004C
:04397800000000004B
:04397900000000004A
:04397A000000000049
:04397B000000000048
:04397C000000000047
:04397D000000000046
:04397E000000000045
:04397F000000000044
:043980000000000043
:043981000000000042
:043982000000000041
:043983000000000040
:04398400000000003F
:04398500000000003E
:04398600000000003D
:04398700000000003C
:04398800000000003B
:04398900000000003A
:04398A000000000039
:04398B000000000038
:04398C000000000037
:04398D000000000036
:04398E000000000035
:04398F000000000034
:043990000000000033
:043991000000000032
:043992000000000031
:043993000000000030
:04399400000000002F
:04399500000000002E
:04399600000000002D
:04399700000000002C
:04399800000000002B
:04399900000000002A
:04399A000000000029
:04399B000000000028
:04399C000000000027
:04399D000000000026
:04399E000000000025
:04399F000000000024
:0439A0000000000023
:0439A1000000000022
:0439A2000000000021
:0439A3000000000020
:0439A400000000001F
:0439A500000000001E
:0439A600000000001D
:0439A700000000001C
:0439A800000000001B
:0439A900000000001A
:0439AA000000000019
:0439AB000000000018
:0439AC000000000017
:0439AD000000000016
:0439AE000000000015
:0439AF000000000014
:0439B0000000000013
:0439B1000000000012
:0439B2000000000011
:0439B3000000000010
:0439B400000000000F
:0439B500000000000E
:0439B600000000000D
:0439B700000000000C
:0439B800000000000B
:0439B900000000000A
:0439BA000000000009
:0439BB000000000008
:0439BC000000000007
:0439BD000000000006
:0439BE000000000005
:0439BF000000000004
:0439C0000000000003
:0439C1000000000002
:0439C2000000000001
:0439C3000000000000
:0439C40000000000FF
:0439C50000000000FE
:0439C60000000000FD
:0439C70000000000FC
:0439C80000000000FB
:0439C90000000000FA
:0439CA0000000000F9
:0439CB0000000000F8
:0439CC0000000000F7
:0439CD0000000000F6
:0439CE0000000000F5
:0439CF0000000000F4
:0439D00000000000F3
:0439D10000000000F2
:0439D20000000000F1
:0439D30000000000F0
:0439D40000000000EF
:0439D50000000000EE
:0439D60000000000ED
:0439D70000000000EC
:0439D80000000000EB
:0439D90000000000EA
:0439DA0000000000E9
:0439DB0000000000E8
:0439DC0000000000E7
:0439DD0000000000E6
:0439DE0000000000E5
:0439DF0000000000E4
:0439E00000000000E3
:0439E10000000000E2
:0439E20000000000E1
:0439E30000000000E0
:0439E40000000000DF
:0439E50000000000DE
:0439E60000000000DD
:0439E70000000000DC
:0439E80000000000DB
:0439E90000000000DA
:0439EA0000000000D9
:0439EB0000000000D8
:0439EC0000000000D7
:0439ED0000000000D6
:0439EE0000000000D5
:0439EF0000000000D4
:0439F00000000000D3
:0439F10000000000D2
:0439F20000000000D1
:0439F30000000000D0
:0439F40000000000CF
:0439F50000000000CE
:0439F60000000000CD
:0439F70000000000CC
:0439F80000000000CB
:0439F90000000000CA
:0439FA0000000000C9
:0439FB0000000000C8
:0439FC0000000000C7
:0439FD0000000000C6
:0439FE0000000000C5
:0439FF0000000000C4
:043A000000000000C2
:043A010000000000C1
:043A020000000000C0
:043A030000000000BF
:043A040000000000BE
:043A050000000000BD
:043A060000000000BC
:043A070000000000BB
:043A080000000000BA
:043A090000000000B9
:043A0A0000000000B8
:043A0B0000000000B7
:043A0C0000000000B6
:043A0D0000000000B5
:043A0E0000000000B4
:043A0F0000000000B3
:043A100000000000B2
:043A110000000000B1
:043A120000000000B0
:043A130000000000AF
:043A140000000000AE
:043A150000000000AD
:043A160000000000AC
:043A170000000000AB
:043A180000000000AA
:043A190000000000A9
:043A1A0000000000A8
:043A1B0000000000A7
:043A1C0000000000A6
:043A1D0000000000A5
:043A1E0000000000A4
:043A1F0000000000A3
:043A200000000000A2
:043A210000000000A1
:043A220000000000A0
:043A2300000000009F
:043A2400000000009E
:043A2500000000009D
:043A2600000000009C
:043A2700000000009B
:043A2800000000009A
:043A29000000000099
:043A2A000000000098
:043A2B000000000097
:043A2C000000000096
:043A2D000000000095
:043A2E000000000094
:043A2F000000000093
:043A30000000000092
:043A31000000000091
:043A32000000000090
:043A3300000000008F
:043A3400000000008E
:043A3500000000008D
:043A3600000000008C
:043A3700000000008B
:043A3800000000008A
:043A39000000000089
:043A3A000000000088
:043A3B000000000087
:043A3C000000000086
:043A3D000000000085
:043A3E000000000084
:043A3F000000000083
:043A40000000000082
:043A41000000000081
:043A42000000000080
:043A4300000000007F
:043A4400000000007E
:043A4500000000007D
:043A4600000000007C
:043A4700000000007B
:043A4800000000007A
:043A49000000000079
:043A4A000000000078
:043A4B000000000077
:043A4C000000000076
:043A4D000000000075
:043A4E000000000074
:043A4F000000000073
:043A50000000000072
:043A51000000000071
:043A52000000000070
:043A5300000000006F
:043A5400000000006E
:043A5500000000006D
:043A5600000000006C
:043A5700000000006B
:043A5800000000006A
:043A59000000000069
:043A5A000000000068
:043A5B000000000067
:043A5C000000000066
:043A5D000000000065
:043A5E000000000064
:043A5F000000000063
:043A60000000000062
:043A61000000000061
:043A62000000000060
:043A6300000000005F
:043A6400000000005E
:043A6500000000005D
:043A6600000000005C
:043A6700000000005B
:043A6800000000005A
:043A69000000000059
:043A6A000000000058
:043A6B000000000057
:043A6C000000000056
:043A6D000000000055
:043A6E000000000054
:043A6F000000000053
:043A70000000000052
:043A71000000000051
:043A72000000000050
:043A7300000000004F
:043A7400000000004E
:043A7500000000004D
:043A7600000000004C
:043A7700000000004B
:043A7800000000004A
:043A79000000000049
:043A7A000000000048
:043A7B000000000047
:043A7C000000000046
:043A7D000000000045
:043A7E000000000044
:043A7F000000000043
:043A80000000000042
:043A81000000000041
:043A82000000000040
:043A8300000000003F
:043A8400000000003E
:043A8500000000003D
:043A8600000000003C
:043A8700000000003B
:043A8800000000003A
:043A89000000000039
:043A8A000000000038
:043A8B000000000037
:043A8C000000000036
:043A8D000000000035
:043A8E000000000034
:043A8F000000000033
:043A90000000000032
:043A91000000000031
:043A92000000000030
:043A9300000000002F
:043A9400000000002E
:043A9500000000002D
:043A9600000000002C
:043A9700000000002B
:043A9800000000002A
:043A99000000000029
:043A9A000000000028
:043A9B000000000027
:043A9C000000000026
:043A9D000000000025
:043A9E000000000024
:043A9F000000000023
:043AA0000000000022
:043AA1000000000021
:043AA2000000000020
:043AA300000000001F
:043AA400000000001E
:043AA500000000001D
:043AA600000000001C
:043AA700000000001B
:043AA800000000001A
:043AA9000000000019
:043AAA000000000018
:043AAB000000000017
:043AAC000000000016
:043AAD000000000015
:043AAE000000000014
:043AAF000000000013
:043AB0000000000012
:043AB1000000000011
:043AB2000000000010
:043AB300000000000F
:043AB400000000000E
:043AB500000000000D
:043AB600000000000C
:043AB700000000000B
:043AB800000000000A
:043AB9000000000009
:043ABA000000000008
:043ABB000000000007
:043ABC000000000006
:043ABD000000000005
:043ABE000000000004
:043ABF000000000003
:043AC0000000000002
:043AC1000000000001
:043AC2000000000000
:043AC30000000000FF
:043AC40000000000FE
:043AC50000000000FD
:043AC60000000000FC
:043AC70000000000FB
:043AC80000000000FA
:043AC90000000000F9
:043ACA0000000000F8
:043ACB0000000000F7
:043ACC0000000000F6
:043ACD0000000000F5
:043ACE0000000000F4
:043ACF0000000000F3
:043AD00000000000F2
:043AD10000000000F1
:043AD20000000000F0
:043AD30000000000EF
:043AD40000000000EE
:043AD50000000000ED
:043AD60000000000EC
:043AD70000000000EB
:043AD80000000000EA
:043AD90000000000E9
:043ADA0000000000E8
:043ADB0000000000E7
:043ADC0000000000E6
:043ADD0000000000E5
:043ADE0000000000E4
:043ADF0000000000E3
:043AE00000000000E2
:043AE10000000000E1
:043AE20000000000E0
:043AE30000000000DF
:043AE40000000000DE
:043AE50000000000DD
:043AE60000000000DC
:043AE70000000000DB
:043AE80000000000DA
:043AE90000000000D9
:043AEA0000000000D8
:043AEB0000000000D7
:043AEC0000000000D6
:043AED0000000000D5
:043AEE0000000000D4
:043AEF0000000000D3
:043AF00000000000D2
:043AF10000000000D1
:043AF20000000000D0
:043AF30000000000CF
:043AF40000000000CE
:043AF50000000000CD
:043AF60000000000CC
:043AF70000000000CB
:043AF80000000000CA
:043AF90000000000C9
:043AFA0000000000C8
:043AFB0000000000C7
:043AFC0000000000C6
:043AFD0000000000C5
:043AFE0000000000C4
:043AFF0000000000C3
:043B000000000000C1
:043B010000000000C0
:043B020000000000BF
:043B030000000000BE
:043B040000000000BD
:043B050000000000BC
:043B060000000000BB
:043B070000000000BA
:043B080000000000B9
:043B090000000000B8
:043B0A0000000000B7
:043B0B0000000000B6
:043B0C0000000000B5
:043B0D0000000000B4
:043B0E0000000000B3
:043B0F0000000000B2
:043B100000000000B1
:043B110000000000B0
:043B120000000000AF
:043B130000000000AE
:043B140000000000AD
:043B150000000000AC
:043B160000000000AB
:043B170000000000AA
:043B180000000000A9
:043B190000000000A8
:043B1A0000000000A7
:043B1B0000000000A6
:043B1C0000000000A5
:043B1D0000000000A4
:043B1E0000000000A3
:043B1F0000000000A2
:043B200000000000A1
:043B210000000000A0
:043B2200000000009F
:043B2300000000009E
:043B2400000000009D
:043B2500000000009C
:043B2600000000009B
:043B2700000000009A
:043B28000000000099
:043B29000000000098
:043B2A000000000097
:043B2B000000000096
:043B2C000000000095
:043B2D000000000094
:043B2E000000000093
:043B2F000000000092
:043B30000000000091
:043B31000000000090
:043B3200000000008F
:043B3300000000008E
:043B3400000000008D
:043B3500000000008C
:043B3600000000008B
:043B3700000000008A
:043B38000000000089
:043B39000000000088
:043B3A000000000087
:043B3B000000000086
:043B3C000000000085
:043B3D000000000084
:043B3E000000000083
:043B3F000000000082
:043B40000000000081
:043B41000000000080
:043B4200000000007F
:043B4300000000007E
:043B4400000000007D
:043B4500000000007C
:043B4600000000007B
:043B4700000000007A
:043B48000000000079
:043B49000000000078
:043B4A000000000077
:043B4B000000000076
:043B4C000000000075
:043B4D000000000074
:043B4E000000000073
:043B4F000000000072
:043B50000000000071
:043B51000000000070
:043B5200000000006F
:043B5300000000006E
:043B5400000000006D
:043B5500000000006C
:043B5600000000006B
:043B5700000000006A
:043B58000000000069
:043B59000000000068
:043B5A000000000067
:043B5B000000000066
:043B5C000000000065
:043B5D000000000064
:043B5E000000000063
:043B5F000000000062
:043B60000000000061
:043B61000000000060
:043B6200000000005F
:043B6300000000005E
:043B6400000000005D
:043B6500000000005C
:043B6600000000005B
:043B6700000000005A
:043B68000000000059
:043B69000000000058
:043B6A000000000057
:043B6B000000000056
:043B6C000000000055
:043B6D000000000054
:043B6E000000000053
:043B6F000000000052
:043B70000000000051
:043B71000000000050
:043B7200000000004F
:043B7300000000004E
:043B7400000000004D
:043B7500000000004C
:043B7600000000004B
:043B7700000000004A
:043B78000000000049
:043B79000000000048
:043B7A000000000047
:043B7B000000000046
:043B7C000000000045
:043B7D000000000044
:043B7E000000000043
:043B7F000000000042
:043B80000000000041
:043B81000000000040
:043B8200000000003F
:043B8300000000003E
:043B8400000000003D
:043B8500000000003C
:043B8600000000003B
:043B8700000000003A
:043B88000000000039
:043B89000000000038
:043B8A000000000037
:043B8B000000000036
:043B8C000000000035
:043B8D000000000034
:043B8E000000000033
:043B8F000000000032
:043B90000000000031
:043B91000000000030
:043B9200000000002F
:043B9300000000002E
:043B9400000000002D
:043B9500000000002C
:043B9600000000002B
:043B9700000000002A
:043B98000000000029
:043B99000000000028
:043B9A000000000027
:043B9B000000000026
:043B9C000000000025
:043B9D000000000024
:043B9E000000000023
:043B9F000000000022
:043BA0000000000021
:043BA1000000000020
:043BA200000000001F
:043BA300000000001E
:043BA400000000001D
:043BA500000000001C
:043BA600000000001B
:043BA700000000001A
:043BA8000000000019
:043BA9000000000018
:043BAA000000000017
:043BAB000000000016
:043BAC000000000015
:043BAD000000000014
:043BAE000000000013
:043BAF000000000012
:043BB0000000000011
:043BB1000000000010
:043BB200000000000F
:043BB300000000000E
:043BB400000000000D
:043BB500000000000C
:043BB600000000000B
:043BB700000000000A
:043BB8000000000009
:043BB9000000000008
:043BBA000000000007
:043BBB000000000006
:043BBC000000000005
:043BBD000000000004
:043BBE000000000003
:043BBF000000000002
:043BC0000000000001
:043BC1000000000000
:043BC20000000000FF
:043BC30000000000FE
:043BC40000000000FD
:043BC50000000000FC
:043BC60000000000FB
:043BC70000000000FA
:043BC80000000000F9
:043BC90000000000F8
:043BCA0000000000F7
:043BCB0000000000F6
:043BCC0000000000F5
:043BCD0000000000F4
:043BCE0000000000F3
:043BCF0000000000F2
:043BD00000000000F1
:043BD10000000000F0
:043BD20000000000EF
:043BD30000000000EE
:043BD40000000000ED
:043BD50000000000EC
:043BD60000000000EB
:043BD70000000000EA
:043BD80000000000E9
:043BD90000000000E8
:043BDA0000000000E7
:043BDB0000000000E6
:043BDC0000000000E5
:043BDD0000000000E4
:043BDE0000000000E3
:043BDF0000000000E2
:043BE00000000000E1
:043BE10000000000E0
:043BE20000000000DF
:043BE30000000000DE
:043BE40000000000DD
:043BE50000000000DC
:043BE60000000000DB
:043BE70000000000DA
:043BE80000000000D9
:043BE90000000000D8
:043BEA0000000000D7
:043BEB0000000000D6
:043BEC0000000000D5
:043BED0000000000D4
:043BEE0000000000D3
:043BEF0000000000D2
:043BF00000000000D1
:043BF10000000000D0
:043BF20000000000CF
:043BF30000000000CE
:043BF40000000000CD
:043BF50000000000CC
:043BF60000000000CB
:043BF70000000000CA
:043BF80000000000C9
:043BF90000000000C8
:043BFA0000000000C7
:043BFB0000000000C6
:043BFC0000000000C5
:043BFD0000000000C4
:043BFE0000000000C3
:043BFF0000000000C2
:043C000000000000C0
:043C010000000000BF
:043C020000000000BE
:043C030000000000BD
:043C040000000000BC
:043C050000000000BB
:043C060000000000BA
:043C070000000000B9
:043C080000000000B8
:043C090000000000B7
:043C0A0000000000B6
:043C0B0000000000B5
:043C0C0000000000B4
:043C0D0000000000B3
:043C0E0000000000B2
:043C0F0000000000B1
:043C100000000000B0
:043C110000000000AF
:043C120000000000AE
:043C130000000000AD
:043C140000000000AC
:043C150000000000AB
:043C160000000000AA
:043C170000000000A9
:043C180000000000A8
:043C190000000000A7
:043C1A0000000000A6
:043C1B0000000000A5
:043C1C0000000000A4
:043C1D0000000000A3
:043C1E0000000000A2
:043C1F0000000000A1
:043C200000000000A0
:043C2100000000009F
:043C2200000000009E
:043C2300000000009D
:043C2400000000009C
:043C2500000000009B
:043C2600000000009A
:043C27000000000099
:043C28000000000098
:043C29000000000097
:043C2A000000000096
:043C2B000000000095
:043C2C000000000094
:043C2D000000000093
:043C2E000000000092
:043C2F000000000091
:043C30000000000090
:043C3100000000008F
:043C3200000000008E
:043C3300000000008D
:043C3400000000008C
:043C3500000000008B
:043C3600000000008A
:043C37000000000089
:043C38000000000088
:043C39000000000087
:043C3A000000000086
:043C3B000000000085
:043C3C000000000084
:043C3D000000000083
:043C3E000000000082
:043C3F000000000081
:043C40000000000080
:043C4100000000007F
:043C4200000000007E
:043C4300000000007D
:043C4400000000007C
:043C4500000000007B
:043C4600000000007A
:043C47000000000079
:043C48000000000078
:043C49000000000077
:043C4A000000000076
:043C4B000000000075
:043C4C000000000074
:043C4D000000000073
:043C4E000000000072
:043C4F000000000071
:043C50000000000070
:043C5100000000006F
:043C5200000000006E
:043C5300000000006D
:043C5400000000006C
:043C5500000000006B
:043C5600000000006A
:043C57000000000069
:043C58000000000068
:043C59000000000067
:043C5A000000000066
:043C5B000000000065
:043C5C000000000064
:043C5D000000000063
:043C5E000000000062
:043C5F000000000061
:043C60000000000060
:043C6100000000005F
:043C6200000000005E
:043C6300000000005D
:043C6400000000005C
:043C6500000000005B
:043C6600000000005A
:043C67000000000059
:043C68000000000058
:043C69000000000057
:043C6A000000000056
:043C6B000000000055
:043C6C000000000054
:043C6D000000000053
:043C6E000000000052
:043C6F000000000051
:043C70000000000050
:043C7100000000004F
:043C7200000000004E
:043C7300000000004D
:043C7400000000004C
:043C7500000000004B
:043C7600000000004A
:043C77000000000049
:043C78000000000048
:043C79000000000047
:043C7A000000000046
:043C7B000000000045
:043C7C000000000044
:043C7D000000000043
:043C7E000000000042
:043C7F000000000041
:043C80000000000040
:043C8100000000003F
:043C8200000000003E
:043C8300000000003D
:043C8400000000003C
:043C8500000000003B
:043C8600000000003A
:043C87000000000039
:043C88000000000038
:043C89000000000037
:043C8A000000000036
:043C8B000000000035
:043C8C000000000034
:043C8D000000000033
:043C8E000000000032
:043C8F000000000031
:043C90000000000030
:043C9100000000002F
:043C9200000000002E
:043C9300000000002D
:043C9400000000002C
:043C9500000000002B
:043C9600000000002A
:043C97000000000029
:043C98000000000028
:043C99000000000027
:043C9A000000000026
:043C9B000000000025
:043C9C000000000024
:043C9D000000000023
:043C9E000000000022
:043C9F000000000021
:043CA0000000000020
:043CA100000000001F
:043CA200000000001E
:043CA300000000001D
:043CA400000000001C
:043CA500000000001B
:043CA600000000001A
:043CA7000000000019
:043CA8000000000018
:043CA9000000000017
:043CAA000000000016
:043CAB000000000015
:043CAC000000000014
:043CAD000000000013
:043CAE000000000012
:043CAF000000000011
:043CB0000000000010
:043CB100000000000F
:043CB200000000000E
:043CB300000000000D
:043CB400000000000C
:043CB500000000000B
:043CB600000000000A
:043CB7000000000009
:043CB8000000000008
:043CB9000000000007
:043CBA000000000006
:043CBB000000000005
:043CBC000000000004
:043CBD000000000003
:043CBE000000000002
:043CBF000000000001
:043CC0000000000000
:043CC10000000000FF
:043CC20000000000FE
:043CC30000000000FD
:043CC40000000000FC
:043CC50000000000FB
:043CC60000000000FA
:043CC70000000000F9
:043CC80000000000F8
:043CC90000000000F7
:043CCA0000000000F6
:043CCB0000000000F5
:043CCC0000000000F4
:043CCD0000000000F3
:043CCE0000000000F2
:043CCF0000000000F1
:043CD00000000000F0
:043CD10000000000EF
:043CD20000000000EE
:043CD30000000000ED
:043CD40000000000EC
:043CD50000000000EB
:043CD60000000000EA
:043CD70000000000E9
:043CD80000000000E8
:043CD90000000000E7
:043CDA0000000000E6
:043CDB0000000000E5
:043CDC0000000000E4
:043CDD0000000000E3
:043CDE0000000000E2
:043CDF0000000000E1
:043CE00000000000E0
:043CE10000000000DF
:043CE20000000000DE
:043CE30000000000DD
:043CE40000000000DC
:043CE50000000000DB
:043CE60000000000DA
:043CE70000000000D9
:043CE80000000000D8
:043CE90000000000D7
:043CEA0000000000D6
:043CEB0000000000D5
:043CEC0000000000D4
:043CED0000000000D3
:043CEE0000000000D2
:043CEF0000000000D1
:043CF00000000000D0
:043CF10000000000CF
:043CF20000000000CE
:043CF30000000000CD
:043CF40000000000CC
:043CF50000000000CB
:043CF60000000000CA
:043CF70000000000C9
:043CF80000000000C8
:043CF90000000000C7
:043CFA0000000000C6
:043CFB0000000000C5
:043CFC0000000000C4
:043CFD0000000000C3
:043CFE0000000000C2
:043CFF0000000000C1
:043D000000000000BF
:043D010000000000BE
:043D020000000000BD
:043D030000000000BC
:043D040000000000BB
:043D050000000000BA
:043D060000000000B9
:043D070000000000B8
:043D080000000000B7
:043D090000000000B6
:043D0A0000000000B5
:043D0B0000000000B4
:043D0C0000000000B3
:043D0D0000000000B2
:043D0E0000000000B1
:043D0F0000000000B0
:043D100000000000AF
:043D110000000000AE
:043D120000000000AD
:043D130000000000AC
:043D140000000000AB
:043D150000000000AA
:043D160000000000A9
:043D170000000000A8
:043D180000000000A7
:043D190000000000A6
:043D1A0000000000A5
:043D1B0000000000A4
:043D1C0000000000A3
:043D1D0000000000A2
:043D1E0000000000A1
:043D1F0000000000A0
:043D2000000000009F
:043D2100000000009E
:043D2200000000009D
:043D2300000000009C
:043D2400000000009B
:043D2500000000009A
:043D26000000000099
:043D27000000000098
:043D28000000000097
:043D29000000000096
:043D2A000000000095
:043D2B000000000094
:043D2C000000000093
:043D2D000000000092
:043D2E000000000091
:043D2F000000000090
:043D3000000000008F
:043D3100000000008E
:043D3200000000008D
:043D3300000000008C
:043D3400000000008B
:043D3500000000008A
:043D36000000000089
:043D37000000000088
:043D38000000000087
:043D39000000000086
:043D3A000000000085
:043D3B000000000084
:043D3C000000000083
:043D3D000000000082
:043D3E000000000081
:043D3F000000000080
:043D4000000000007F
:043D4100000000007E
:043D4200000000007D
:043D4300000000007C
:043D4400000000007B
:043D4500000000007A
:043D46000000000079
:043D47000000000078
:043D48000000000077
:043D49000000000076
:043D4A000000000075
:043D4B000000000074
:043D4C000000000073
:043D4D000000000072
:043D4E000000000071
:043D4F000000000070
:043D5000000000006F
:043D5100000000006E
:043D5200000000006D
:043D5300000000006C
:043D5400000000006B
:043D5500000000006A
:043D56000000000069
:043D57000000000068
:043D58000000000067
:043D59000000000066
:043D5A000000000065
:043D5B000000000064
:043D5C000000000063
:043D5D000000000062
:043D5E000000000061
:043D5F000000000060
:043D6000000000005F
:043D6100000000005E
:043D6200000000005D
:043D6300000000005C
:043D6400000000005B
:043D6500000000005A
:043D66000000000059
:043D67000000000058
:043D68000000000057
:043D69000000000056
:043D6A000000000055
:043D6B000000000054
:043D6C000000000053
:043D6D000000000052
:043D6E000000000051
:043D6F000000000050
:043D7000000000004F
:043D7100000000004E
:043D7200000000004D
:043D7300000000004C
:043D7400000000004B
:043D7500000000004A
:043D76000000000049
:043D77000000000048
:043D78000000000047
:043D79000000000046
:043D7A000000000045
:043D7B000000000044
:043D7C000000000043
:043D7D000000000042
:043D7E000000000041
:043D7F000000000040
:043D8000000000003F
:043D8100000000003E
:043D8200000000003D
:043D8300000000003C
:043D8400000000003B
:043D8500000000003A
:043D86000000000039
:043D87000000000038
:043D88000000000037
:043D89000000000036
:043D8A000000000035
:043D8B000000000034
:043D8C000000000033
:043D8D000000000032
:043D8E000000000031
:043D8F000000000030
:043D9000000000002F
:043D9100000000002E
:043D9200000000002D
:043D9300000000002C
:043D9400000000002B
:043D9500000000002A
:043D96000000000029
:043D97000000000028
:043D98000000000027
:043D99000000000026
:043D9A000000000025
:043D9B000000000024
:043D9C000000000023
:043D9D000000000022
:043D9E000000000021
:043D9F000000000020
:043DA000000000001F
:043DA100000000001E
:043DA200000000001D
:043DA300000000001C
:043DA400000000001B
:043DA500000000001A
:043DA6000000000019
:043DA7000000000018
:043DA8000000000017
:043DA9000000000016
:043DAA000000000015
:043DAB000000000014
:043DAC000000000013
:043DAD000000000012
:043DAE000000000011
:043DAF000000000010
:043DB000000000000F
:043DB100000000000E
:043DB200000000000D
:043DB300000000000C
:043DB400000000000B
:043DB500000000000A
:043DB6000000000009
:043DB7000000000008
:043DB8000000000007
:043DB9000000000006
:043DBA000000000005
:043DBB000000000004
:043DBC000000000003
:043DBD000000000002
:043DBE000000000001
:043DBF000000000000
:043DC00000000000FF
:043DC10000000000FE
:043DC20000000000FD
:043DC30000000000FC
:043DC40000000000FB
:043DC50000000000FA
:043DC60000000000F9
:043DC70000000000F8
:043DC80000000000F7
:043DC90000000000F6
:043DCA0000000000F5
:043DCB0000000000F4
:043DCC0000000000F3
:043DCD0000000000F2
:043DCE0000000000F1
:043DCF0000000000F0
:043DD00000000000EF
:043DD10000000000EE
:043DD20000000000ED
:043DD30000000000EC
:043DD40000000000EB
:043DD50000000000EA
:043DD60000000000E9
:043DD70000000000E8
:043DD80000000000E7
:043DD90000000000E6
:043DDA0000000000E5
:043DDB0000000000E4
:043DDC0000000000E3
:043DDD0000000000E2
:043DDE0000000000E1
:043DDF0000000000E0
:043DE00000000000DF
:043DE10000000000DE
:043DE20000000000DD
:043DE30000000000DC
:043DE40000000000DB
:043DE50000000000DA
:043DE60000000000D9
:043DE70000000000D8
:043DE80000000000D7
:043DE90000000000D6
:043DEA0000000000D5
:043DEB0000000000D4
:043DEC0000000000D3
:043DED0000000000D2
:043DEE0000000000D1
:043DEF0000000000D0
:043DF00000000000CF
:043DF10000000000CE
:043DF20000000000CD
:043DF30000000000CC
:043DF40000000000CB
:043DF50000000000CA
:043DF60000000000C9
:043DF70000000000C8
:043DF80000000000C7
:043DF90000000000C6
:043DFA0000000000C5
:043DFB0000000000C4
:043DFC0000000000C3
:043DFD0000000000C2
:043DFE0000000000C1
:043DFF0000000000C0
:043E000000000000BE
:043E010000000000BD
:043E020000000000BC
:043E030000000000BB
:043E040000000000BA
:043E050000000000B9
:043E060000000000B8
:043E070000000000B7
:043E080000000000B6
:043E090000000000B5
:043E0A0000000000B4
:043E0B0000000000B3
:043E0C0000000000B2
:043E0D0000000000B1
:043E0E0000000000B0
:043E0F0000000000AF
:043E100000000000AE
:043E110000000000AD
:043E120000000000AC
:043E130000000000AB
:043E140000000000AA
:043E150000000000A9
:043E160000000000A8
:043E170000000000A7
:043E180000000000A6
:043E190000000000A5
:043E1A0000000000A4
:043E1B0000000000A3
:043E1C0000000000A2
:043E1D0000000000A1
:043E1E0000000000A0
:043E1F00000000009F
:043E2000000000009E
:043E2100000000009D
:043E2200000000009C
:043E2300000000009B
:043E2400000000009A
:043E25000000000099
:043E26000000000098
:043E27000000000097
:043E28000000000096
:043E29000000000095
:043E2A000000000094
:043E2B000000000093
:043E2C000000000092
:043E2D000000000091
:043E2E000000000090
:043E2F00000000008F
:043E3000000000008E
:043E3100000000008D
:043E3200000000008C
:043E3300000000008B
:043E3400000000008A
:043E35000000000089
:043E36000000000088
:043E37000000000087
:043E38000000000086
:043E39000000000085
:043E3A000000000084
:043E3B000000000083
:043E3C000000000082
:043E3D000000000081
:043E3E000000000080
:043E3F00000000007F
:043E4000000000007E
:043E4100000000007D
:043E4200000000007C
:043E4300000000007B
:043E4400000000007A
:043E45000000000079
:043E46000000000078
:043E47000000000077
:043E48000000000076
:043E49000000000075
:043E4A000000000074
:043E4B000000000073
:043E4C000000000072
:043E4D000000000071
:043E4E000000000070
:043E4F00000000006F
:043E5000000000006E
:043E5100000000006D
:043E5200000000006C
:043E5300000000006B
:043E5400000000006A
:043E55000000000069
:043E56000000000068
:043E57000000000067
:043E58000000000066
:043E59000000000065
:043E5A000000000064
:043E5B000000000063
:043E5C000000000062
:043E5D000000000061
:043E5E000000000060
:043E5F00000000005F
:043E6000000000005E
:043E6100000000005D
:043E6200000000005C
:043E6300000000005B
:043E6400000000005A
:043E65000000000059
:043E66000000000058
:043E67000000000057
:043E68000000000056
:043E69000000000055
:043E6A000000000054
:043E6B000000000053
:043E6C000000000052
:043E6D000000000051
:043E6E000000000050
:043E6F00000000004F
:043E7000000000004E
:043E7100000000004D
:043E7200000000004C
:043E7300000000004B
:043E7400000000004A
:043E75000000000049
:043E76000000000048
:043E77000000000047
:043E78000000000046
:043E79000000000045
:043E7A000000000044
:043E7B000000000043
:043E7C000000000042
:043E7D000000000041
:043E7E000000000040
:043E7F00000000003F
:043E8000000000003E
:043E8100000000003D
:043E8200000000003C
:043E8300000000003B
:043E8400000000003A
:043E85000000000039
:043E86000000000038
:043E87000000000037
:043E88000000000036
:043E89000000000035
:043E8A000000000034
:043E8B000000000033
:043E8C000000000032
:043E8D000000000031
:043E8E000000000030
:043E8F00000000002F
:043E9000000000002E
:043E9100000000002D
:043E9200000000002C
:043E9300000000002B
:043E9400000000002A
:043E95000000000029
:043E96000000000028
:043E97000000000027
:043E98000000000026
:043E99000000000025
:043E9A000000000024
:043E9B000000000023
:043E9C000000000022
:043E9D000000000021
:043E9E000000000020
:043E9F00000000001F
:043EA000000000001E
:043EA100000000001D
:043EA200000000001C
:043EA300000000001B
:043EA400000000001A
:043EA5000000000019
:043EA6000000000018
:043EA7000000000017
:043EA8000000000016
:043EA9000000000015
:043EAA000000000014
:043EAB000000000013
:043EAC000000000012
:043EAD000000000011
:043EAE000000000010
:043EAF00000000000F
:043EB000000000000E
:043EB100000000000D
:043EB200000000000C
:043EB300000000000B
:043EB400000000000A
:043EB5000000000009
:043EB6000000000008
:043EB7000000000007
:043EB8000000000006
:043EB9000000000005
:043EBA000000000004
:043EBB000000000003
:043EBC000000000002
:043EBD000000000001
:043EBE000000000000
:043EBF0000000000FF
:043EC00000000000FE
:043EC10000000000FD
:043EC20000000000FC
:043EC30000000000FB
:043EC40000000000FA
:043EC50000000000F9
:043EC60000000000F8
:043EC70000000000F7
:043EC80000000000F6
:043EC90000000000F5
:043ECA0000000000F4
:043ECB0000000000F3
:043ECC0000000000F2
:043ECD0000000000F1
:043ECE0000000000F0
:043ECF0000000000EF
:043ED00000000000EE
:043ED10000000000ED
:043ED20000000000EC
:043ED30000000000EB
:043ED40000000000EA
:043ED50000000000E9
:043ED60000000000E8
:043ED70000000000E7
:043ED80000000000E6
:043ED90000000000E5
:043EDA0000000000E4
:043EDB0000000000E3
:043EDC0000000000E2
:043EDD0000000000E1
:043EDE0000000000E0
:043EDF0000000000DF
:043EE00000000000DE
:043EE10000000000DD
:043EE20000000000DC
:043EE30000000000DB
:043EE40000000000DA
:043EE50000000000D9
:043EE60000000000D8
:043EE70000000000D7
:043EE80000000000D6
:043EE90000000000D5
:043EEA0000000000D4
:043EEB0000000000D3
:043EEC0000000000D2
:043EED0000000000D1
:043EEE0000000000D0
:043EEF0000000000CF
:043EF00000000000CE
:043EF10000000000CD
:043EF20000000000CC
:043EF30000000000CB
:043EF40000000000CA
:043EF50000000000C9
:043EF60000000000C8
:043EF70000000000C7
:043EF80000000000C6
:043EF90000000000C5
:043EFA0000000000C4
:043EFB0000000000C3
:043EFC0000000000C2
:043EFD0000000000C1
:043EFE0000000000C0
:043EFF0000000000BF
:043F000000000000BD
:043F010000000000BC
:043F020000000000BB
:043F030000000000BA
:043F040000000000B9
:043F050000000000B8
:043F060000000000B7
:043F070000000000B6
:043F080000000000B5
:043F090000000000B4
:043F0A0000000000B3
:043F0B0000000000B2
:043F0C0000000000B1
:043F0D0000000000B0
:043F0E0000000000AF
:043F0F0000000000AE
:043F100000000000AD
:043F110000000000AC
:043F120000000000AB
:043F130000000000AA
:043F140000000000A9
:043F150000000000A8
:043F160000000000A7
:043F170000000000A6
:043F180000000000A5
:043F190000000000A4
:043F1A0000000000A3
:043F1B0000000000A2
:043F1C0000000000A1
:043F1D0000000000A0
:043F1E00000000009F
:043F1F00000000009E
:043F2000000000009D
:043F2100000000009C
:043F2200000000009B
:043F2300000000009A
:043F24000000000099
:043F25000000000098
:043F26000000000097
:043F27000000000096
:043F28000000000095
:043F29000000000094
:043F2A000000000093
:043F2B000000000092
:043F2C000000000091
:043F2D000000000090
:043F2E00000000008F
:043F2F00000000008E
:043F3000000000008D
:043F3100000000008C
:043F3200000000008B
:043F3300000000008A
:043F34000000000089
:043F35000000000088
:043F36000000000087
:043F37000000000086
:043F38000000000085
:043F39000000000084
:043F3A000000000083
:043F3B000000000082
:043F3C000000000081
:043F3D000000000080
:043F3E00000000007F
:043F3F00000000007E
:043F4000000000007D
:043F4100000000007C
:043F4200000000007B
:043F4300000000007A
:043F44000000000079
:043F45000000000078
:043F46000000000077
:043F47000000000076
:043F48000000000075
:043F49000000000074
:043F4A000000000073
:043F4B000000000072
:043F4C000000000071
:043F4D000000000070
:043F4E00000000006F
:043F4F00000000006E
:043F5000000000006D
:043F5100000000006C
:043F5200000000006B
:043F5300000000006A
:043F54000000000069
:043F55000000000068
:043F56000000000067
:043F57000000000066
:043F58000000000065
:043F59000000000064
:043F5A000000000063
:043F5B000000000062
:043F5C000000000061
:043F5D000000000060
:043F5E00000000005F
:043F5F00000000005E
:043F6000000000005D
:043F6100000000005C
:043F6200000000005B
:043F6300000000005A
:043F64000000000059
:043F65000000000058
:043F66000000000057
:043F67000000000056
:043F68000000000055
:043F69000000000054
:043F6A000000000053
:043F6B000000000052
:043F6C000000000051
:043F6D000000000050
:043F6E00000000004F
:043F6F00000000004E
:043F7000000000004D
:043F7100000000004C
:043F7200000000004B
:043F7300000000004A
:043F74000000000049
:043F75000000000048
:043F76000000000047
:043F77000000000046
:043F78000000000045
:043F79000000000044
:043F7A000000000043
:043F7B000000000042
:043F7C000000000041
:043F7D000000000040
:043F7E00000000003F
:043F7F00000000003E
:043F8000000000003D
:043F8100000000003C
:043F8200000000003B
:043F8300000000003A
:043F84000000000039
:043F85000000000038
:043F86000000000037
:043F87000000000036
:043F88000000000035
:043F89000000000034
:043F8A000000000033
:043F8B000000000032
:043F8C000000000031
:043F8D000000000030
:043F8E00000000002F
:043F8F00000000002E
:043F9000000000002D
:043F9100000000002C
:043F9200000000002B
:043F9300000000002A
:043F94000000000029
:043F95000000000028
:043F96000000000027
:043F97000000000026
:043F98000000000025
:043F99000000000024
:043F9A000000000023
:043F9B000000000022
:043F9C000000000021
:043F9D000000000020
:043F9E00000000001F
:043F9F00000000001E
:043FA000000000001D
:043FA100000000001C
:043FA200000000001B
:043FA300000000001A
:043FA4000000000019
:043FA5000000000018
:043FA6000000000017
:043FA7000000000016
:043FA8000000000015
:043FA9000000000014
:043FAA000000000013
:043FAB000000000012
:043FAC000000000011
:043FAD000000000010
:043FAE00000000000F
:043FAF00000000000E
:043FB000000000000D
:043FB100000000000C
:043FB200000000000B
:043FB300000000000A
:043FB4000000000009
:043FB5000000000008
:043FB6000000000007
:043FB7000000000006
:043FB8000000000005
:043FB9000000000004
:043FBA000000000003
:043FBB000000000002
:043FBC000000000001
:043FBD000000000000
:043FBE0000000000FF
:043FBF0000000000FE
:043FC00000000000FD
:043FC10000000000FC
:043FC20000000000FB
:043FC30000000000FA
:043FC40000000000F9
:043FC50000000000F8
:043FC60000000000F7
:043FC70000000000F6
:043FC80000000000F5
:043FC90000000000F4
:043FCA0000000000F3
:043FCB0000000000F2
:043FCC0000000000F1
:043FCD0000000000F0
:043FCE0000000000EF
:043FCF0000000000EE
:043FD00000000000ED
:043FD10000000000EC
:043FD20000000000EB
:043FD30000000000EA
:043FD40000000000E9
:043FD50000000000E8
:043FD60000000000E7
:043FD70000000000E6
:043FD80000000000E5
:043FD90000000000E4
:043FDA0000000000E3
:043FDB0000000000E2
:043FDC0000000000E1
:043FDD0000000000E0
:043FDE0000000000DF
:043FDF0000000000DE
:043FE00000000000DD
:043FE10000000000DC
:043FE20000000000DB
:043FE30000000000DA
:043FE40000000000D9
:043FE50000000000D8
:043FE60000000000D7
:043FE70000000000D6
:043FE80000000000D5
:043FE90000000000D4
:043FEA0000000000D3
:043FEB0000000000D2
:043FEC0000000000D1
:043FED0000000000D0
:043FEE0000000000CF
:043FEF0000000000CE
:043FF00000000000CD
:043FF10000000000CC
:043FF20000000000CB
:043FF30000000000CA
:043FF40000000000C9
:043FF50000000000C8
:043FF60000000000C7
:043FF70000000000C6
:043FF80000000000C5
:043FF90000000000C4
:043FFA0000000000C3
:043FFB0000000000C2
:043FFC0000000000C1
:043FFD0000000000C0
:043FFE0000000000BF
:043FFF0000000000BE
:00000001FF
